0.590355,0.626496,0.538892,0.538139,0.570808,0.626495,0.637397,0.824391
0.602818,0.647101,0.538892,0.538139,0.590791,0.647124,0.637429,0.85158
0.049851,0.0134632,0.0553827,0.0596734,0.0417029,0.0133993,0.0738601,0.0184252
0.0544568,0.0139269,0.0541381,0.0556708,0.0499566,0.013869,0.110878,0.0306878
0.0899485,0.0493292,0.0952085,0.100257,0.0781929,0.0492517,0.125014,0.0682284
0.10214,0.0549907,0.0945862,0.0968756,0.0981755,0.0549245,0.220187,0.138689
0.190463,0.167781,0.176105,0.189429,0.182884,0.16772,0.369228,0.363189
0.202384,0.189618,0.169882,0.172468,0.206342,0.189606,0.487626,0.595566
0.243295,0.272866,0.228998,0.232059,0.230669,0.27287,0.218838,0.285878
0.264427,0.310592,0.227754,0.229309,0.265421,0.310644,0.263945,0.397244
0.298564,0.294767,0.312383,0.324311,0.261077,0.29467,0.28288,0.285547
0.33541,0.364556,0.309894,0.311188,0.321894,0.364559,0.282632,0.367846
0.0484963,0.0125284,0.0441817,0.0476108,0.0473501,0.0124799,0.0657369,0.0191433
0.0522894,0.01291,0.0423149,0.0429868,0.054735,0.0128683,0.101991,0.0339197
0.0682742,0.0735624,0.0634723,0.0754188,0.0655951,0.0735473,0.160627,0.174022
0.0682742,0.0757742,0.0597386,0.0610533,0.0682016,0.0757813,0.217136,0.299423
0.16608,0.112504,0.168015,0.173364,0.149435,0.112401,0.269771,0.194315
0.182877,0.132818,0.166148,0.16874,0.177672,0.132745,0.476002,0.416017
0.333243,0.312276,0.334163,0.341125,0.301477,0.312176,0.29068,0.29553
0.348957,0.355428,0.331052,0.330662,0.328844,0.355393,0.296957,0.354584
0.310756,0.364666,0.28687,0.299162,0.298436,0.364686,0.245224,0.332105
0.337036,0.431166,0.280025,0.281689,0.345352,0.431287,0.253282,0.430824
0.0270929,0.00995935,0.0286248,0.0335012,0.0238923,0.00992715,0.0827891,0.0272545
0.0276348,0.00996462,0.0280025,0.03012,0.0251955,0.00993706,0.218068,0.0799273
0.0782986,0.0407193,0.0858743,0.0989957,0.0660295,0.0406335,0.237399,0.108255
0.0831753,0.0461601,0.0815184,0.0840088,0.0768897,0.0461012,0.358683,0.218674
0.224329,0.184395,0.219042,0.225087,0.207211,0.184305,0.402911,0.36652
0.239772,0.202375,0.219664,0.222948,0.231538,0.202309,0.477121,0.480995
0.273639,0.236271,0.260734,0.266063,0.257168,0.236185,0.354797,0.349904
0.295313,0.279968,0.257001,0.259575,0.294526,0.279942,0.370801,0.444271
0.72013,0.673472,0.676416,0.681163,0.682884,0.67333,0.356955,0.392005
0.753454,0.732221,0.673304,0.675296,0.738488,0.732156,0.389161,0.468747
0.0186941,0.00947759,0.0192906,0.0234124,0.0169418,0.00945864,0.300397,0.134827
0.0189651,0.0102925,0.018046,0.0194098,0.018245,0.01028,0,0
0.215931,0.131928,0.18295,0.188679,0.21894,0.131826,0.405417,0.314688
0.223246,0.13264,0.182327,0.186139,0.231103,0.132542,0.604161,0.477936
0.188838,0.14104,0.194773,0.200303,0.167246,0.140933,0.238826,0.186685
0.208074,0.168123,0.192906,0.195679,0.199392,0.168055,0.299291,0.285561
0.243295,0.182348,0.227131,0.232946,0.231972,0.182245,0.231568,0.201271
0.266594,0.221276,0.225887,0.228943,0.2702,0.221224,0.330735,0.355047
0.794365,0.805595,0.74051,0.745314,0.757168,0.80552,0.501301,0.601916
0.814684,0.83964,0.74051,0.742628,0.789748,0.839608,0.553029,0.694631
0.0319697,0.00576516,0.0354698,0.0391669,0.0269331,0.0057203,0.105296,0.0170849
0.0373882,0.00685329,0.033603,0.0345064,0.0369244,0.00681608,0.0982948,0.0215708
0.095909,0.101408,0.085252,0.097168,0.0947003,0.101396,0.336856,0.390519
0.095638,0.103229,0.0815184,0.0828025,0.0968723,0.103239,0.415909,0.5761
0.0663777,0.0613851,0.0659614,0.0719736,0.0608167,0.0613605,0.108276,0.102553
0.0758602,0.0888991,0.0647169,0.0659514,0.0768897,0.0889149,0.139479,0.20891
0.331888,0.296086,0.30056,0.306052,0.322763,0.296016,0.422727,0.454234
0.36142,0.344435,0.298071,0.300807,0.371851,0.344428,0.472516,0.601075
0.452452,0.5954,0.400124,0.412953,0.446568,0.595534,0.339472,0.543889
0.476565,0.654384,0.394524,0.39665,0.48914,0.654609,0.351088,0.643711
0.0430778,0.0134058,0.0410703,0.0453445,0.0408341,0.0133614,0.0892562,0.0292191
0.0471417,0.0138677,0.0398258,0.0413419,0.0482189,0.0138294,0.182427,0.0677956
0.0807369,0.039206,0.0815184,0.0947555,0.07298,0.0391242,0.303463,0.139202
0.0894067,0.0486089,0.0771624,0.0797686,0.0899218,0.0485586,0.31638,0.213966
0.159035,0.128486,0.140635,0.146241,0.157255,0.128438,0.283559,0.276675
0.175562,0.138147,0.138146,0.140996,0.185491,0.138118,0.354729,0.386049
0.287185,0.245959,0.271313,0.286515,0.271503,0.245857,0.4584,0.436999
0.308047,0.299037,0.263846,0.268421,0.310165,0.299021,0.436919,0.540739
0.29748,0.266785,0.311761,0.33153,0.259774,0.266645,0.300563,0.268564
0.323219,0.341949,0.303671,0.304974,0.30669,0.341934,0.280308,0.349152
0.0490382,0.0134424,0.0535159,0.0576995,0.0417029,0.0133812,0.0967592,0.0249296
0.0533731,0.0138293,0.0522713,0.0536969,0.0495222,0.013774,0.150447,0.0428742
0.0631265,0.0516527,0.0647169,0.0766616,0.0564726,0.0516103,0.266593,0.199392
0.065023,0.0576226,0.0616055,0.0629175,0.0616855,0.057606,0.321908,0.327437
0.17773,0.154477,0.187306,0.191202,0.154648,0.154398,0.440811,0.39546
0.191547,0.18165,0.184816,0.185956,0.17854,0.181611,0.459277,0.498317
0.222975,0.200523,0.235843,0.247549,0.19331,0.200421,0.399298,0.359155
0.237605,0.242744,0.233354,0.234426,0.218506,0.242709,0.395638,0.455072
0.283392,0.335576,0.257001,0.266757,0.275413,0.335606,0.253651,0.354528
0.316174,0.429126,0.252645,0.252291,0.331017,0.429285,0.248774,0.470272
0.0514766,0.00953996,0.0460485,0.0499502,0.0508254,0.00948476,0.0700729,0.0147822
0.0579789,0.0106003,0.0441817,0.0453993,0.0625543,0.0105526,0.117022,0.0302188
0.122731,0.0949047,0.11201,0.116011,0.119027,0.094859,0.304436,0.276551
0.124627,0.0990284,0.110765,0.112009,0.122937,0.098993,0.585064,0.574456
0.235708,0.189634,0.213441,0.219604,0.229366,0.189558,0.477006,0.457432
0.250339,0.209581,0.213441,0.216734,0.252824,0.209531,0.496237,0.532981
0.289894,0.260069,0.289359,0.295233,0.263249,0.259971,0.391261,0.382761
0.313194,0.307906,0.286248,0.289439,0.30278,0.307872,0.429974,0.508109
0.395828,0.428913,0.355943,0.361065,0.38662,0.428923,0.316714,0.417986
0.424817,0.480169,0.354076,0.355189,0.434405,0.480247,0.318174,0.477936
0.0463289,0.0134526,0.0441817,0.0487805,0.0438749,0.0134036,0.0883769,0.0269782
0.0522894,0.0140398,0.0429371,0.0447779,0.0543006,0.0139969,0.171195,0.0594512
0.150908,0.108402,0.136279,0.141781,0.147263,0.108337,0.346605,0.294235
0.155242,0.108935,0.135034,0.137779,0.155083,0.108876,0.415225,0.364531
0.316174,0.219274,0.281892,0.287081,0.310599,0.21914,0.369576,0.313416
0.327283,0.23391,0.281892,0.284321,0.32841,0.233797,0.398878,0.364393
0.198862,0.246578,0.185439,0.193971,0.189835,0.246604,0.305784,0.431896
0.221349,0.31101,0.184194,0.185335,0.226759,0.311122,0.31807,0.593195
0.375237,0.36015,0.380834,0.386214,0.336229,0.360045,0.261739,0.27108
0.413167,0.441622,0.380212,0.382833,0.39748,0.441617,0.340031,0.435768
0.088052,0.0135843,0.0759179,0.0810937,0.0886186,0.0134912,0.0851751,0.0157426
0.0929287,0.0140885,0.0746733,0.0770911,0.0973067,0.0140015,0.151152,0.0304989
0.138445,0.0834028,0.156814,0.170165,0.112945,0.0832695,0.308009,0.167448
0.150366,0.0964242,0.15308,0.1558,0.134666,0.0963259,0.736804,0.506092
0.155784,0.132537,0.144368,0.157481,0.149435,0.132478,0.209499,0.195793
0.178813,0.204893,0.141257,0.143737,0.188532,0.204938,0.264059,0.418269
0.229748,0.205996,0.241444,0.24658,0.200261,0.205902,0.270629,0.25106
0.252235,0.252835,0.240199,0.242577,0.237185,0.252802,0.275584,0.319069
0.325115,0.276555,0.339764,0.350245,0.284535,0.276401,0.304827,0.267253
0.355459,0.349254,0.333541,0.333842,0.337533,0.349208,0.295941,0.343914
0.0436196,0.00948538,0.0460485,0.0505716,0.0382276,0.00942927,0.0773748,0.0160277
0.0482254,0.0105302,0.044804,0.046569,0.0464813,0.0104808,0.147133,0.0367883
0.119751,0.0925907,0.111388,0.116925,0.114683,0.0925411,0.21023,0.184851
0.126253,0.100988,0.109521,0.112301,0.126412,0.100954,0.25213,0.251806
0.151449,0.120292,0.138768,0.143499,0.146394,0.120239,0.344734,0.320906
0.165809,0.145386,0.140012,0.140877,0.168549,0.145365,0.360714,0.413508
0.266594,0.244193,0.244555,0.248919,0.257168,0.24414,0.246258,0.268332
0.292604,0.289544,0.242688,0.244295,0.300174,0.289551,0.286297,0.376987
0.188838,0.145823,0.209085,0.213609,0.157255,0.145703,0.141088,0.106916
0.22162,0.22582,0.205352,0.207121,0.212424,0.225803,0.164879,0.199697
0.0482254,0.0134397,0.0522713,0.056347,0.0412685,0.0133804,0.0642059,0.0169384
0.0533731,0.0139087,0.0510268,0.0523444,0.050391,0.0138553,0.112527,0.0330904
0.111623,0.078465,0.100809,0.105849,0.109036,0.078414,0.126785,0.104345
0.123002,0.0827238,0.0995644,0.101847,0.128149,0.0826833,0.198332,0.178881
0.149282,0.134122,0.152458,0.163366,0.133362,0.134057,0.388244,0.353944
0.160932,0.160367,0.15308,0.154264,0.151607,0.160345,0.367119,0.423934
0.38472,0.339382,0.321717,0.32718,0.392702,0.339334,0.321711,0.370686
0.412625,0.377067,0.320473,0.323178,0.438315,0.377069,0.523776,0.67893
0.560824,0.631614,0.517735,0.523362,0.538228,0.631639,0.486735,0.652619
0.595774,0.688836,0.514624,0.517495,0.596438,0.688936,0.512197,0.757547
0.0468708,0.0133998,0.0423149,0.0467701,0.0460469,0.0133535,0.0620645,0.0196866
0.0528312,0.014,0.0410703,0.0427675,0.0564726,0.0139599,0.111371,0.0403871
0.0793823,0.0542376,0.0840075,0.0931746,0.0690704,0.0541756,0.178938,0.115587
0.0831753,0.0624389,0.0821406,0.0835336,0.0764553,0.0623997,0.283682,0.235425
0.176375,0.184755,0.16677,0.179779,0.166811,0.184727,0.230692,0.263345
0.186128,0.201156,0.162414,0.164792,0.185491,0.201168,0.262136,0.355509
0.282579,0.230634,0.273802,0.286021,0.262381,0.230515,0.453354,0.405918
0.327554,0.336407,0.271935,0.275439,0.335795,0.336426,0.456445,0.619375
0.482796,0.387605,0.46173,0.467289,0.452215,0.387421,0.351074,0.323368
0.513682,0.449982,0.457996,0.460801,0.504344,0.44988,0.418861,0.454312
0.0484963,0.0134415,0.0485376,0.0532766,0.0443093,0.0133863,0.113607,0.0317125
0.0525603,0.0139035,0.0472931,0.049274,0.0516942,0.0138543,0.135101,0.0422015
0.0495801,0.0340236,0.0535159,0.0654762,0.0425717,0.0339758,0.171728,0.0989982
0.0525603,0.0455972,0.0497822,0.0511108,0.0499566,0.0455826,0.264116,0.261686
0.0514766,0.0390656,0.0591164,0.0710689,0.0417029,0.0390161,0.192903,0.117653
0.0560824,0.0554231,0.0547604,0.056082,0.0521286,0.0554132,0.162731,0.178632
0.237876,0.275336,0.214063,0.213837,0.232407,0.275368,0.386445,0.552864
0.219453,0.221905,0.214686,0.214386,0.202433,0.221873,0.400773,0.460796
0.564346,0.537549,0.55196,0.555666,0.519983,0.53742,0.426648,0.458426
0.588458,0.591695,0.551338,0.552285,0.559079,0.591634,0.4301,0.511871
0.0257383,0.00907382,0.0236465,0.0309242,0.0251955,0.00904412,0.27602,0.0896828
0.0262801,0.0091627,0.0217797,0.0231383,0.0273675,0.00914376,0.271639,0.119258
0.0826334,0.0525119,0.0827629,0.0885597,0.075152,0.0524542,0.252283,0.166009
0.0913032,0.0652763,0.0815184,0.0845571,0.0899218,0.065239,0.353701,0.303176
0.278244,0.203627,0.276291,0.289585,0.253692,0.203471,0.722584,0.564047
0.296938,0.220856,0.27318,0.275841,0.285838,0.220739,0.729637,0.648675
0.241127,0.213129,0.253889,0.265569,0.209818,0.213017,0.271744,0.242157
0.262801,0.269693,0.250156,0.251204,0.247176,0.269666,0.294201,0.35087
0.607153,0.469223,0.581829,0.587586,0.567767,0.46897,0.385191,0.341547
0.634787,0.537217,0.578096,0.581098,0.614683,0.537053,0.469043,0.481594
0.0406394,0.00846382,0.0466708,0.061629,0.0330148,0.00839138,0.271103,0.0410094
0.041994,0.00880033,0.0416926,0.0434254,0.038662,0.0087532,0.24362,0.0545553
0.041994,0.0273341,0.0466708,0.0543457,0.0351868,0.0272937,0.217403,0.121301
0.0476836,0.0399185,0.0460485,0.0473823,0.0447437,0.0399024,0.25249,0.236226
0.157952,0.188819,0.145613,0.154767,0.152042,0.18883,0.393095,0.532834
0.162829,0.202901,0.141879,0.143189,0.162467,0.202945,0.386348,0.608343
0.164454,0.14823,0.149347,0.153515,0.159861,0.148196,0.201508,0.216111
0.182335,0.173988,0.14748,0.148891,0.189835,0.17399,0.207058,0.268812
0.567868,0.554139,0.562539,0.568286,0.518245,0.554012,0.454802,0.492578
0.594419,0.600482,0.561917,0.564905,0.561251,0.600414,0.468949,0.553734
0.0487673,0.0134603,0.0466708,0.0513027,0.0460469,0.0134078,0.0673112,0.0195437
0.0547277,0.0140448,0.0460485,0.0478118,0.0560382,0.0139978,0.0942333,0.0306499
0.170956,0.100969,0.148724,0.159665,0.170721,0.10087,0.254618,0.178707
0.172582,0.101899,0.145613,0.148014,0.1755,0.101818,0.470247,0.359374
0.227039,0.153654,0.230865,0.236564,0.203301,0.153512,0.482939,0.348167
0.252235,0.186195,0.230243,0.233183,0.244136,0.186096,0.686192,0.608396
0.275264,0.253328,0.260112,0.265113,0.260209,0.253264,0.276444,0.293394
0.290978,0.284413,0.25949,0.260297,0.285838,0.284392,0.277591,0.336941
0.417231,0.439196,0.397635,0.409115,0.391833,0.439152,0.310915,0.370776
0.440802,0.493942,0.395769,0.396613,0.43093,0.493979,0.306787,0.424501
0.0287185,0.00578375,0.0317362,0.0432609,0.0243267,0.00573331,0.0664424,0.00978262
0.0316987,0.00631222,0.0273802,0.0282923,0.032146,0.00628289,0.0565785,0.0139586
0.0782986,0.0448245,0.0728065,0.084155,0.075152,0.0447638,0.245988,0.145365
0.0891357,0.064805,0.0709396,0.0725676,0.0938315,0.0647835,0.212777,0.211031
0.0834462,0.0643183,0.0914748,0.103382,0.0703736,0.0642541,0.238185,0.164464
0.0913032,0.0859187,0.0883634,0.089638,0.0851434,0.0858986,0.228547,0.243315
0.132755,0.149305,0.126322,0.133091,0.125109,0.1493,0.1758,0.219094
0.153888,0.212253,0.123211,0.123039,0.161164,0.212336,0.170672,0.327224
0.319426,0.345872,0.311139,0.315958,0.295395,0.345847,0.231144,0.281085
0.365213,0.457446,0.310516,0.312577,0.369244,0.457556,0.245295,0.398912
0.0195069,0.00367907,0.022402,0.0293706,0.016073,0.00364518,0.0581154,0.00801304
0.0203197,0.00378843,0.0199129,0.0212741,0.0191138,0.00376575,0.0958894,0.018857
0.095638,0.0610737,0.096453,0.106983,0.0864466,0.0610008,0.309804,0.19625
0.10485,0.0694716,0.0933416,0.0959252,0.103388,0.0694237,0.411858,0.331148
0.0623137,0.0494976,0.0703174,0.0803352,0.0512598,0.0494476,0.22082,0.151001
0.0685451,0.069542,0.067206,0.0684371,0.0634231,0.0695317,0.204523,0.230853
0.220266,0.197754,0.231487,0.236747,0.192007,0.197663,0.198686,0.184293
0.241398,0.232167,0.230243,0.232745,0.226759,0.232122,0.234542,0.259871
0.49553,0.484389,0.498444,0.511318,0.447003,0.484259,0.36873,0.387968
0.521539,0.537986,0.494088,0.496331,0.491746,0.537939,0.395145,0.475793
0.0455161,0.0134315,0.044804,0.0491095,0.0421373,0.0133821,0.0547131,0.0165634
0.0501219,0.0138952,0.0435594,0.0451069,0.050391,0.0138517,0.0931336,0.0317738
0.0969927,0.0650409,0.0939639,0.105868,0.0903562,0.0649741,0.18322,0.124925
0.100244,0.0727605,0.089608,0.0908808,0.0986099,0.0727233,0.368545,0.327636
0.146302,0.171348,0.131301,0.143152,0.143354,0.171354,0.197303,0.26238
0.151449,0.191687,0.1257,0.126922,0.155517,0.19174,0.181484,0.304587
0.223246,0.283655,0.189172,0.19398,0.226325,0.283724,0.250903,0.407706
0.248442,0.347,0.189172,0.19122,0.266725,0.347147,0.274357,0.553346
0.497697,0.518227,0.479776,0.494129,0.46351,0.51816,0.298023,0.347196
0.527499,0.599681,0.474175,0.474911,0.515204,0.599735,0.286616,0.402114
0.0495801,0.0100119,0.0522713,0.0571878,0.0434405,0.00994732,0.116239,0.0224624
0.0558114,0.0110145,0.0510268,0.0531852,0.0543006,0.0109566,0.134218,0.0307184
0.0495801,0.0447441,0.0491599,0.0532491,0.0456125,0.0447256,0.13946,0.130135
0.0531021,0.0561524,0.0472931,0.0486251,0.052563,0.0561536,0.317768,0.407687
0.192902,0.172791,0.194151,0.199572,0.174196,0.172722,0.242826,0.233477
0.20699,0.19408,0.192284,0.195058,0.198089,0.194042,0.245485,0.271305
0.254674,0.200889,0.263223,0.26906,0.225022,0.200758,0.213221,0.176748
0.280954,0.247961,0.261979,0.265058,0.268028,0.24789,0.238396,0.247696
0.45489,0.371416,0.43995,0.444809,0.422676,0.371244,0.248798,0.230692
0.482796,0.43237,0.435594,0.437699,0.47046,0.432279,0.343598,0.376999
0.0333243,0.00617486,0.0367144,0.0408119,0.0282363,0.00612823,0.0706595,0.0117875
0.0376592,0.00679297,0.0360921,0.0374307,0.0356212,0.00675169,0.0899422,0.0180239
0.131943,0.0952022,0.118233,0.131674,0.129453,0.0951354,0.408609,0.327982
0.139258,0.0998641,0.114499,0.117309,0.143788,0.0998224,0.486663,0.460072
0.155242,0.13155,0.157436,0.170019,0.139444,0.131474,0.220049,0.189043
0.169602,0.162407,0.154325,0.157042,0.164639,0.162384,0.26657,0.306224
0.287998,0.267463,0.281269,0.286423,0.265856,0.267387,0.346323,0.359181
0.316987,0.327727,0.280025,0.282567,0.313206,0.327726,0.348316,0.448811
0.248171,0.24173,0.230865,0.235468,0.237185,0.241693,0.186655,0.212849
0.278244,0.309171,0.230243,0.232087,0.285838,0.309217,0.194454,0.287826
0.0289894,0.00572458,0.0329807,0.0368641,0.0238923,0.00568283,0.0565215,0.00967999
0.0335952,0.00668007,0.0323584,0.0334829,0.0317116,0.00664407,0.0706893,0.0155835
0.065294,0.0426459,0.0684505,0.0731707,0.0573414,0.0425977,0.191473,0.123839
0.068816,0.050601,0.0659614,0.0679253,0.0647263,0.0505693,0.388971,0.321716
0.314278,0.27805,0.299315,0.310932,0.295395,0.277952,0.793028,0.787577
0.318071,0.286594,0.296826,0.29781,0.303215,0.286524,0.795551,0.850336
0.267949,0.184834,0.263223,0.273977,0.246308,0.184677,0.321574,0.240814
0.305608,0.274124,0.260112,0.262599,0.308862,0.274088,0.412541,0.47837
0.458412,0.498496,0.433727,0.439326,0.432667,0.49848,0.350965,0.442411
0.47819,0.543952,0.430616,0.433459,0.466551,0.543998,0.388747,0.542021
0.0178813,0.00323278,0.0199129,0.0233759,0.0152042,0.00320657,0.0502822,0.0076628
0.0222162,0.00415664,0.0186683,0.0193733,0.0230235,0.00413699,0.0540307,0.0128181
0.124627,0.0849769,0.126945,0.131802,0.111642,0.084898,0.204428,0.14629
0.133297,0.0935197,0.1257,0.1278,0.126412,0.0934563,0.314635,0.255615
0.141154,0.110398,0.144368,0.157298,0.125977,0.110314,0.319712,0.249095
0.154972,0.137606,0.140635,0.142933,0.150738,0.137574,0.354075,0.378616
0.476836,0.384827,0.466086,0.471237,0.439618,0.384634,0.423865,0.384358
0.500948,0.419096,0.466086,0.468477,0.47828,0.418947,0.437505,0.434665
0.490382,0.53093,0.43435,0.439947,0.483493,0.530951,0.28711,0.384948
0.52777,0.591984,0.432483,0.435214,0.544744,0.592084,0.356434,0.538717
0.0132755,0.0044821,0.0143124,0.0242166,0.0117289,0.00445621,0.096912,0.0198121
0.0135465,0.0055828,0.011201,0.0112584,0.0143354,0.00557593,0.124993,0.0687739
0.101057,0.0541773,0.110765,0.114586,0.0851434,0.0540859,0.204049,0.107001
0.115416,0.0659467,0.109521,0.111424,0.109036,0.0658735,0.25128,0.165041
0.228935,0.189724,0.227131,0.239324,0.208949,0.189621,0.387389,0.340994
0.234083,0.201998,0.225264,0.226896,0.218506,0.201926,0.480509,0.475081
0.240585,0.216736,0.207218,0.209094,0.241529,0.216705,0.201454,0.231955
0.217556,0.188501,0.206596,0.210136,0.205039,0.188436,0.210798,0.210006
0.405852,0.439157,0.40448,0.415109,0.36881,0.439105,0.258704,0.304025
0.425901,0.492315,0.400124,0.400963,0.403997,0.492344,0.27334,0.372879
0.0517475,0.0134509,0.0578718,0.0620128,0.0430061,0.0133838,0.0819809,0.0196567
0.0558114,0.0139305,0.0566273,0.0580102,0.050391,0.0138694,0.107651,0.0285939
0.102411,0.0653937,0.114499,0.121549,0.0847089,0.0653059,0.196765,0.117449
0.112707,0.0758835,0.112632,0.115006,0.10252,0.0758169,0.668206,0.489391
0.204281,0.136055,0.231487,0.236747,0.166377,0.135892,0.567022,0.361585
0.100786,0.000322625,0.230243,0.232745,0.00130321,6.43E-06,0.615071,1.89E-05
0.126253,0.162684,0,0,0.202867,0.162876,0,0.514526
0.0596044,0.0586702,0.0566273,0.0616199,0.0564726,0.0586566,0.175478,0.185575
0.0636684,0.0601995,0.056005,0.0583118,0.0634231,0.0601921,0.223119,0.25587
0.460038,0.398325,0.449907,0.454971,0.423979,0.398171,0.289694,0.281661
0.491737,0.470474,0.44804,0.450347,0.476108,0.47041,0.327448,0.37999
0.0222162,0.00502473,0.0261357,0.0296996,0.0178106,0.00499196,0.0751075,0.014025
0.0276348,0.00628615,0.0242688,0.0250025,0.0278019,0.00626129,0.0991942,0.0275973
0.125711,0.0806418,0.116366,0.122225,0.120765,0.0805709,0.28139,0.206076
0.134381,0.0873468,0.115744,0.118844,0.1351,0.0872884,0.34116,0.278379
0.149011,0.143928,0.141257,0.153095,0.140747,0.143889,0.376962,0.39361
0.156326,0.168854,0.136901,0.138108,0.155517,0.168865,0.366384,0.497689
0.250068,0.240866,0.241444,0.247238,0.232841,0.240812,0.345182,0.373518
0.273368,0.289846,0.239577,0.242614,0.271503,0.289855,0.364267,0.483488
0.45489,0.473109,0.403858,0.410083,0.447871,0.473104,0.288312,0.369528
0.493091,0.553837,0.401369,0.404838,0.51086,0.553934,0.38214,0.580898
0.0501219,0.0134279,0.0522713,0.0565664,0.0443093,0.0133682,0.0635897,0.0166956
0.0549986,0.0139694,0.0510268,0.0525638,0.0529974,0.0139158,0.100824,0.0296544
0.141696,0.0969097,0.135657,0.142439,0.132928,0.0968302,0.196399,0.148327
0.150095,0.105383,0.134412,0.138437,0.147263,0.105319,0.375803,0.317626
0.167705,0.114548,0.159303,0.165066,0.158123,0.114458,0.34096,0.26266
0.186941,0.134148,0.158058,0.161063,0.189835,0.134086,0.408133,0.377477
0.309401,0.304874,0.296204,0.297188,0.289748,0.304827,0.360988,0.411353
0.288269,0.251756,0.29496,0.299253,0.256733,0.251644,0.375881,0.351154
0.613655,0.638051,0.550093,0.560491,0.600348,0.638032,0.361209,0.456808
0.631807,0.69017,0.54636,0.547972,0.632059,0.69023,0.409495,0.57304
0.0373882,0.0133195,0.0410703,0.0464776,0.0317116,0.0132735,0.265022,0.0840859
0.0368464,0.0133214,0.0398258,0.042475,0.0317116,0.0132808,0,0
0.0864264,0.0568758,0.0908525,0.0954317,0.0755864,0.0568138,0.310944,0.205657
0.0950962,0.0644658,0.089608,0.0914291,0.0903562,0.0644182,0.323242,0.253018
0.188567,0.163449,0.192284,0.201957,0.168549,0.163365,0.237111,0.213085
0.201571,0.19704,0.189172,0.190233,0.191573,0.197013,0.231841,0.266747
0.74045,0.535527,0.804605,0.81005,0.625977,0.535047,0.327716,0.24048
0.764562,0.593202,0.800871,0.803562,0.667246,0.592799,0.344498,0.282341
0.52777,0.63449,0.466086,0.472005,0.521286,0.634589,0.370082,0.552771
0.558656,0.700675,0.463597,0.466759,0.572546,0.700858,0.395287,0.659403
0.0392847,0.00855455,0.0410703,0.0502792,0.0347524,0.00849775,0.168669,0.0316703
0.0425359,0.00894571,0.0379589,0.0394045,0.0421373,0.00890425,0.21182,0.0531762
0.0265511,0.0206689,0.0267579,0.0308785,0.0243267,0.0206529,0.093117,0.0691917
0.030615,0.032893,0.0255134,0.0268759,0.0317116,0.0328968,0.166741,0.226742
0.163099,0.129205,0.156814,0.162215,0.152476,0.129137,0.273305,0.241717
0.173395,0.149969,0.156814,0.159638,0.168983,0.149928,0.298214,0.311154
0.247088,0.210916,0.247666,0.252684,0.223719,0.210819,0.361546,0.335117
0.297209,0.316771,0.247666,0.249925,0.304083,0.316801,0.389096,0.547943
0.768897,0.713606,0.742999,0.752086,0.714596,0.713414,0.658463,0.693915
0.786779,0.754512,0.741755,0.74101,0.744136,0.754384,0.658944,0.745276
0.0211325,0.00375057,0.0273802,0.0332819,0.0152042,0.00371141,0.327929,0.0406267
0.0197778,0.00446976,0.0248911,0.0271957,0.0147698,0.00443977,0,0
0.124357,0.0761852,0.128189,0.133338,0.110339,0.0760939,0.408665,0.259099
0.138716,0.0868494,0.127567,0.129956,0.133797,0.0867752,0.476785,0.353688
0.124898,0.0938945,0.135657,0.147502,0.105995,0.0938045,0.350154,0.247392
0.131943,0.118795,0.130678,0.131894,0.120765,0.118756,0.330824,0.330924
0.230832,0.223349,0.233354,0.233942,0.207646,0.223292,0.291042,0.308619
0.254944,0.285766,0.231487,0.231237,0.247611,0.285786,0.296137,0.40661
0.538607,0.507302,0.525825,0.538989,0.496959,0.507161,0.409638,0.42822
0.569222,0.574639,0.519602,0.522138,0.550391,0.5746,0.429527,0.525136
0.0254674,0.00387156,0.0286248,0.0314907,0.0212858,0.00383499,0.0968688,0.0131059
0.0316987,0.00522201,0.0286248,0.0297545,0.0312772,0.0051894,0.0919951,0.017825
0.0769439,0.0396424,0.0821406,0.0975153,0.0664639,0.0395573,0.327775,0.147717
0.0829044,0.045468,0.0777847,0.0807556,0.0790617,0.0454127,0.408393,0.255143
0.217285,0.122372,0.201618,0.207249,0.20808,0.122233,0.510068,0.334216
0.225413,0.135034,0.200996,0.203867,0.221546,0.134915,0.518581,0.381269
0.199675,0.191904,0.192906,0.196931,0.185925,0.191861,0.266338,0.288275
0.219995,0.222479,0.192284,0.193623,0.21894,0.222476,0.306328,0.391033
0.694392,0.68036,0.657747,0.663471,0.654648,0.68025,0.483198,0.550392
0.712002,0.708883,0.657747,0.660712,0.682884,0.70881,0.561881,0.669673
0.0568952,0.00888469,0.0528936,0.0570781,0.054735,0.00881897,0.103133,0.017703
0.0615009,0.0094458,0.0504045,0.051723,0.0638575,0.00938807,0.118185,0.0238316
0.0517475,0.0398904,0.051649,0.063612,0.0473501,0.039852,0.155997,0.108575
0.0547277,0.0542035,0.0485376,0.049868,0.0543006,0.0542007,0.337439,0.407455
0.0501219,0.0444107,0.0504045,0.0524998,0.0456125,0.0443928,0.151428,0.142254
0.0566242,0.0624565,0.0497822,0.0497857,0.0564726,0.0624635,0.153042,0.21332
0.434571,0.486624,0.400124,0.404152,0.417897,0.486642,0.45926,0.614361
0.446491,0.515546,0.396391,0.397591,0.439618,0.515607,0.489287,0.704931
0.644541,0.535535,0.626011,0.631158,0.596872,0.5353,0.408839,0.385223
0.676781,0.588997,0.626011,0.628398,0.648566,0.588828,0.422107,0.439417
0.0411813,0.00994605,0.040448,0.0448693,0.0382276,0.00989828,0.114627,0.0280931
0.0438905,0.0107639,0.0392035,0.0408667,0.0434405,0.0107226,0.123362,0.0359594
0.0869683,0.0672763,0.0871189,0.0927725,0.0790617,0.0672301,0.167571,0.13491
0.0961799,0.0820889,0.0858743,0.088249,0.0947003,0.0820662,0.257806,0.266348
0.106746,0.0890807,0.121966,0.150116,0.0864466,0.0889816,0.217974,0.143542
0.107559,0.103844,0.110143,0.110501,0.0960035,0.103816,0.203176,0.212066
0.187483,0.173487,0.189795,0.195807,0.168549,0.173425,0.302341,0.297495
0.216473,0.23111,0.189172,0.192426,0.215465,0.231119,0.305834,0.408092
0.694121,0.646725,0.675171,0.678221,0.64205,0.646556,0.483016,0.51156
0.710377,0.668516,0.675793,0.678074,0.66768,0.668372,0.495747,0.542877
0.0392847,0.00777115,0.0435594,0.0480129,0.0330148,0.00771653,0.123769,0.0220992
0.0430778,0.00860903,0.0423149,0.0440103,0.0399652,0.00856087,0.117355,0.0253609
0.130317,0.103421,0.115121,0.12037,0.129018,0.103379,0.216543,0.206613
0.132213,0.107269,0.112632,0.112548,0.133797,0.107243,0.354436,0.375205
0.231374,0.190738,0.22962,0.235322,0.211121,0.190641,0.464419,0.417989
0.248984,0.2198,0.227131,0.230076,0.241095,0.219744,0.591536,0.627665
0.105121,0.000332133,0.242066,0.244396,0,0,0.304244,0
0.320238,0.37453,0.242066,0.243555,0.344917,0.374637,0.365668,0.624885
0.176375,0.27751,0,0,0.283232,0.277837,0,0.502331
0.499594,0.429067,0.501556,0.517367,0.451347,0.428863,0.378803,0.348846
0.523977,0.486341,0.496577,0.499219,0.493918,0.486229,0.41131,0.445062
0.0449743,0.010143,0.0454263,0.0578092,0.0408341,0.0100777,0.290446,0.0562511
0.0476836,0.0105104,0.0416926,0.043462,0.0477845,0.0104652,0.242924,0.0649845
0.0734218,0.0381381,0.0827629,0.0864305,0.0603823,0.0380664,0.187378,0.0916841
0.0850718,0.0455617,0.0821406,0.0830493,0.0794961,0.0455033,0.285989,0.174083
0.176917,0.133053,0.177349,0.190562,0.160295,0.13295,0.49647,0.384809
0.191818,0.157477,0.173615,0.176196,0.186794,0.157422,0.501259,0.497544
0.559198,0.493604,0.515246,0.521169,0.537359,0.493471,0.673962,0.708956
0.576808,0.524572,0.513379,0.516545,0.566898,0.524482,0.857123,0.966865
0.351666,0.478218,0.312383,0.316872,0.346221,0.478346,0.264329,0.443305
0.374966,0.543652,0.310516,0.312248,0.384883,0.543863,0.304627,0.589466
0.0222162,0.00534542,0.0248911,0.0276892,0.0186794,0.00531578,0.0695798,0.0148402
0.0257383,0.0062823,0.0236465,0.0235769,0.0251955,0.00625938,0.103622,0.030563
0.0468708,0.0471212,0.0466708,0.0526095,0.0430061,0.0471063,0.144209,0.143452
0.0501219,0.056536,0.044804,0.0461395,0.0495222,0.0565411,0.147001,0.20013
0.187212,0.141114,0.187306,0.193578,0.169852,0.141017,0.410139,0.331931
0.206448,0.178189,0.186061,0.189575,0.201564,0.178141,0.511183,0.533653
0.293416,0.234143,0.308027,0.311974,0.255864,0.233992,0.372869,0.310699
0.312652,0.27228,0.306161,0.30735,0.28801,0.27218,0.453449,0.446121
0.469791,0.482112,0.457374,0.461276,0.434405,0.482047,0.400065,0.464472
0.497697,0.550481,0.456752,0.459814,0.479583,0.550499,0.407607,0.542146
0.0219453,0.00467171,0.0242688,0.036133,0.0186794,0.00462972,0.041798,0.00594987
0.0260092,0.00509012,0.0205352,0.0217858,0.0278019,0.00506827,0.0392528,0.0101451
0.0330534,0.0195575,0.0261357,0.0263184,0.0351868,0.0195464,0.123698,0.102063
0.0265511,0.0156839,0.0280025,0.0329986,0.0234579,0.0156591,0.171198,0.0902549
0.130046,0.104174,0.128189,0.134891,0.119461,0.104113,0.255659,0.219222
0.149282,0.140499,0.1257,0.128567,0.152042,0.140489,0.262307,0.318436
0.339745,0.246245,0.331674,0.336903,0.31364,0.246074,0.378296,0.306968
0.368735,0.30449,0.331674,0.334144,0.360122,0.304391,0.401396,0.40623
0.466811,0.474154,0.414437,0.418454,0.4596,0.474138,0.329956,0.41535
0.498239,0.535312,0.41257,0.41383,0.511295,0.535374,0.334168,0.480287
0.0205906,0.00541319,0.0242688,0.0279451,0.0165074,0.00538328,0.0342827,0.00733697
0.0251964,0.00680251,0.0230243,0.0239425,0.0247611,0.00677971,0.050525,0.0158946
0.0758602,0.0638325,0.0734287,0.0769631,0.070808,0.0638039,0.207877,0.191457
0.0848009,0.0740448,0.074051,0.0770637,0.0847089,0.0740281,0.208591,0.222609
0.0750474,0.0797525,0.067206,0.0759762,0.0738488,0.0797438,0.142592,0.166271
0.0845299,0.111291,0.0634723,0.0634567,0.0916594,0.111337,0.12702,0.24759
0.372799,0.390023,0.346609,0.349798,0.356212,0.390003,0.511281,0.633303
0.396911,0.428034,0.345364,0.346709,0.395743,0.428063,0.507717,0.69641
0.461934,0.392603,0.466708,0.471091,0.415291,0.39242,0.351079,0.324902
0.500135,0.476834,0.466086,0.46771,0.476977,0.476754,0.360205,0.407914
0.0390138,0.00648225,0.0354698,0.0397884,0.0382276,0.00643738,0.0761423,0.0136861
0.0414522,0.00683824,0.0348475,0.0364072,0.0425717,0.00679842,0.0729109,0.0151256
0.187212,0.0654177,0.192906,0.205585,0.165943,0.0652149,0.790217,0.278485
0.200217,0.091191,0.190417,0.193303,0.188532,0.0910352,0.952844,0.498531
0.163641,0.106434,0.184194,0.18963,0.134231,0.106301,0.425912,0.265248
0.184774,0.128166,0.182327,0.185006,0.169418,0.128064,0.478309,0.367834
0.403414,0.311069,0.43435,0.440057,0.344049,0.310833,0.553722,0.434521
0.442157,0.348268,0.429371,0.432326,0.409644,0.348086,0.716727,0.641106
0.40802,0.466716,0.372122,0.376966,0.394874,0.466749,0.301226,0.414357
0.438093,0.52846,0.370255,0.372342,0.444396,0.528571,0.305914,0.48246
0.0216743,0.00427672,0.0236465,0.0358406,0.0186794,0.00423467,0.0627892,0.00824196
0.0246546,0.00518501,0.0199129,0.0212741,0.0260643,0.00516397,0.0478325,0.012899
0.0560824,0.073922,0.0460485,0.0460573,0.0582103,0.0739475,0.174979,0.312114
0.0503928,0.0577887,0.0472931,0.0564293,0.0482189,0.0577812,0.231531,0.263385
0.144676,0.116921,0.135657,0.140941,0.137706,0.116867,0.233057,0.214693
0.159306,0.132993,0.135034,0.13756,0.161599,0.132963,0.302608,0.324952
0.20997,0.173123,0.210952,0.216131,0.189835,0.173032,0.279422,0.248525
0.22731,0.200524,0.208463,0.210886,0.219374,0.200472,0.309386,0.326744
0.660797,0.515562,0.632856,0.646346,0.618158,0.515283,0.530744,0.470075
0.693579,0.588135,0.6285,0.631359,0.673762,0.587961,0.541422,0.560155
0.030615,0.00620494,0.033603,0.0377048,0.0260643,0.00616259,0.0793497,0.0144083
0.0341371,0.00746833,0.0317362,0.0317649,0.0330148,0.00743559,0.0810896,0.0210879
0.0904904,0.0679233,0.0908525,0.0948103,0.0821025,0.0678751,0.252535,0.200852
0.102411,0.0759367,0.0902302,0.0922699,0.101651,0.0759013,0.34988,0.319749
0.0812788,0.0896833,0.0765401,0.0884683,0.0773241,0.0896693,0.243263,0.273925
0.0885939,0.11565,0.0721842,0.0734814,0.0920938,0.115686,0.21204,0.370871
0.222704,0.188967,0.216553,0.22993,0.206342,0.188875,0.333084,0.303972
0.246546,0.252749,0.209708,0.211132,0.249348,0.252758,0.318514,0.423623
0.581414,0.607604,0.537026,0.5412,0.557776,0.607577,0.499173,0.622579
0.603089,0.661072,0.537026,0.53844,0.592528,0.661111,0.504123,0.687659
0.0197778,0.00374605,0.0230243,0.0236866,0.016073,0.00372002,0.0394027,0.00687493
0.023029,0.00435559,0.022402,0.0222245,0.0217202,0.00433227,0.0685597,0.0148475
0.167163,0.128758,0.157436,0.162653,0.158558,0.128688,0.53238,0.467948
0.173937,0.130022,0.157436,0.160807,0.169418,0.129956,0.527595,0.473688
0.0772148,0.0715388,0.0815184,0.0855623,0.0673328,0.0715074,0.140851,0.130777
0.0907613,0.106892,0.0815184,0.0828025,0.089053,0.106906,0.181831,0.260811
0.343267,0.353727,0.311761,0.317274,0.333189,0.353709,0.309559,0.383403
0.369006,0.400059,0.312383,0.315209,0.374023,0.400098,0.435327,0.61388
0.566784,0.544975,0.558183,0.571192,0.519548,0.544833,0.470947,0.499061
0.593064,0.597401,0.553205,0.555584,0.565161,0.597342,0.483191,0.577155
0.0449743,0.0134575,0.0504045,0.0617204,0.0373588,0.0133908,0.17797,0.0428969
0.0479545,0.013827,0.0472931,0.0488353,0.0443093,0.0137783,0.24881,0.0779888
0.065023,0.042524,0.067206,0.0891811,0.0577758,0.0424537,0.302236,0.159842
0.068816,0.0523398,0.0584941,0.0603588,0.0699392,0.0523204,0.25708,0.247571
0.11379,0.103673,0.11201,0.113535,0.104692,0.103641,0.304803,0.309117
0.102953,0.0858212,0.112632,0.114156,0.086881,0.0857675,0.323384,0.269925
0.293687,0.260252,0.312383,0.325627,0.253258,0.260113,0.429609,0.381256
0.330263,0.321618,0.304294,0.306911,0.31755,0.321576,0.485905,0.565617
0.315633,0.414143,0.282514,0.294154,0.309296,0.414227,0.255104,0.3991
0.339203,0.481508,0.280025,0.281032,0.348827,0.481689,0.255961,0.4874
0.103224,0.0121117,0.0927194,0.0975975,0.101216,0.0119943,0.420085,0.0573555
0.104308,0.0122521,0.0908525,0.0923704,0.104257,0.012142,0.450602,0.0658036
0.0479545,0.0259097,0.056005,0.0679619,0.0382276,0.025849,0.172572,0.0729205
0.0484963,0.031245,0.051649,0.052975,0.0421373,0.031211,0.141174,0.092404
0.212679,0.185111,0.209085,0.215363,0.195482,0.185035,0.295819,0.282363
0.228122,0.210185,0.209085,0.212677,0.220243,0.210142,0.414089,0.454556
0.386887,0.322838,0.357187,0.368833,0.371416,0.322714,0.507021,0.49285
0.415606,0.393575,0.352831,0.353846,0.420504,0.393553,0.506068,0.625315
0.622325,0.547266,0.627256,0.630601,0.560382,0.547045,0.466546,0.449639
0.646437,0.594489,0.629123,0.63103,0.597741,0.594324,0.544156,0.569373
0.0333243,0.0065024,0.0354698,0.047757,0.0291051,0.00644665,0.219828,0.032967
0.0376592,0.0079733,0.0323584,0.0340312,0.0382276,0.00793805,0.181122,0.0469364
0.0655649,0.0485552,0.0622278,0.0740663,0.0621199,0.0485127,0.302109,0.219836
0.0709835,0.0680959,0.0584941,0.0597008,0.0734144,0.068096,0.282427,0.357889
0.121105,0.0971332,0.126945,0.139278,0.105995,0.0970583,0.295395,0.228694
0.131401,0.118445,0.126322,0.128522,0.122937,0.118409,0.27369,0.280136
0.387429,0.332543,0.370255,0.377185,0.363162,0.332418,0.496256,0.485887
0.412625,0.383867,0.367766,0.37194,0.4053,0.383809,0.546341,0.626336
0.274451,0.353009,0.257001,0.272825,0.261077,0.353051,0.248274,0.356931
0.295042,0.416846,0.248911,0.248636,0.299739,0.416996,0.231986,0.432245
0.0178813,0.00750917,0.0174238,0.0274881,0.0169418,0.00748234,0.0711233,0.0215082
0.0178813,0.0083434,0.0149347,0.0163028,0.0186794,0.00833285,0.175713,0.0997784
0.0376592,0.0251538,0.0385812,0.0429045,0.0338836,0.0251265,0.21939,0.14274
0.042265,0.0376339,0.0367144,0.0382805,0.0425717,0.0376276,0.407651,0.445162
0.106204,0.0864426,0.107654,0.110547,0.0955691,0.0863945,0.231581,0.201068
0.119751,0.108063,0.108276,0.111278,0.116855,0.10804,0.290174,0.312993
0.342455,0.370161,0.313628,0.318883,0.330582,0.37016,0.384971,0.496463
0.363587,0.406033,0.313006,0.315501,0.3649,0.406078,0.495073,0.70791
0.292062,0.379252,0.264468,0.27606,0.284101,0.37932,0.241943,0.369331
0.318342,0.457623,0.261979,0.263011,0.327976,0.457801,0.258222,0.499342
0.0479545,0.0134312,0.0522713,0.0639867,0.0408341,0.0133614,0.29015,0.0673109
0.0506638,0.0137987,0.0485376,0.0496395,0.0477845,0.0137489,0.23781,0.0731765
0.14576,0.0743079,0.133167,0.138007,0.141182,0.074208,0.220941,0.131985
0.153888,0.0812139,0.130678,0.132762,0.155951,0.0811292,0.24777,0.16821
0.21864,0.195757,0.204729,0.206015,0.20808,0.195707,0.246107,0.259735
0.2246,0.203232,0.204729,0.206499,0.217637,0.20319,0.295822,0.32338
0.206177,0.184442,0.214063,0.219128,0.181581,0.18436,0.19906,0.18606
0.231645,0.231885,0.21033,0.21264,0.225022,0.231867,0.266233,0.322519
0.422921,0.431947,0.419415,0.424449,0.385752,0.431874,0.374266,0.42307
0.445137,0.484061,0.418793,0.418207,0.421807,0.484058,0.388395,0.499436
0.045787,0.0117974,0.044804,0.0485612,0.0425717,0.0117467,0.0920001,0.0247239
0.0512056,0.0123431,0.0435594,0.0445586,0.0521286,0.0122986,0.178927,0.0548656
0.0872392,0.0503611,0.0920971,0.0980179,0.0760209,0.0502879,0.353425,0.201445
0.091845,0.0584404,0.0889857,0.0921511,0.0855778,0.0583847,0.450652,0.317205
0.0929287,0.0946962,0.089608,0.0987581,0.086881,0.0946739,0.256846,0.273547
0.102953,0.126496,0.0864966,0.0877738,0.105126,0.126526,0.245077,0.392479
0.249255,0.255561,0.238955,0.243583,0.233275,0.255528,0.207545,0.241883
0.275806,0.307707,0.238332,0.241042,0.276281,0.307739,0.317765,0.450709
0.451097,0.426186,0.433727,0.445101,0.420938,0.426078,0.348266,0.370375
0.479274,0.487922,0.429994,0.432582,0.468723,0.487903,0.360852,0.452163
0.00866974,0.00256792,0.0118233,0.0146396,0.00608167,0.00255289,0.15902,0.0308074
0.0092116,0.00356304,0.011201,0.0112584,0.00738488,0.00355381,0,0
0.0512056,0.0394085,0.0472931,0.0512387,0.0495222,0.0393866,0.255168,0.21791
0.0566242,0.0536432,0.0460485,0.0473823,0.0590791,0.0536431,0.236762,0.29779
0.294771,0.265093,0.285625,0.295342,0.273675,0.265001,0.414669,0.413356
0.297209,0.272276,0.283759,0.285528,0.278888,0.272206,0.4213,0.446212
0.267949,0.239564,0.230243,0.234846,0.269331,0.239525,0.198978,0.225461
0.290707,0.27738,0.22962,0.231575,0.306255,0.277389,0.270322,0.359733
0.588187,0.541386,0.563783,0.567153,0.549957,0.541246,0.397637,0.421582
0.606069,0.576778,0.560672,0.561286,0.580799,0.576687,0.448004,0.511373
0.0046058,0.00194074,0.00373367,0.00372844,0.00521286,0.00193991,0,0
0.00379301,0.00112137,0.00373367,0.00372844,0.00390964,0.00111958,0,0
0.0503928,0.0343159,0.0460485,0.0458745,0.0490877,0.0342953,0.175765,0.14598
0.0409103,0.0258337,0.0460485,0.0458745,0.0338836,0.0258032,0.176787,0.110472
0.302357,0.207654,0.266957,0.280264,0.298871,0.207515,0.705399,0.580254
0.314278,0.236157,0.263223,0.265898,0.320591,0.236072,0.688285,0.678887
0.275535,0.21365,0.279403,0.284595,0.247176,0.213512,0.383298,0.319471
0.302899,0.264214,0.276914,0.27935,0.292789,0.264143,0.387569,0.407136
0.322677,0.407825,0.295582,0.307204,0.311468,0.407884,0.272156,0.401448
0.346519,0.48215,0.289981,0.290974,0.353606,0.482318,0.269718,0.496695
0.0105662,0.00224298,0.0136901,0.0256788,0.00781929,0.00221246,0.0715552,0.00684926
0.0100244,0.00467281,0.00933416,0.0107101,0.00999131,0.00466562,0.0320377,0.0155052
0.0167976,0.00928683,0.0199129,0.0318471,0.0134666,0.00925612,0.139929,0.0451822
0.0178813,0.013868,0.0161792,0.0175548,0.0178106,0.0138622,0.0834711,0.0732273
0.122731,0.0786206,0.1201,0.125661,0.11338,0.0785427,0.286782,0.199139
0.142509,0.113477,0.118855,0.121659,0.14596,0.113446,0.295948,0.306592
0.150366,0.177897,0.155569,0.167314,0.132928,0.177878,0.272284,0.321598
0.169873,0.234231,0.15308,0.154264,0.165943,0.234296,0.260765,0.439996
0.62395,0.531577,0.53827,0.543649,0.625109,0.531457,0.428167,0.465011
0.649147,0.574948,0.536403,0.539025,0.666811,0.574886,0.436725,0.517465
0.0447033,0.0101859,0.0491599,0.053898,0.0377932,0.0101261,0.13233,0.0276202
0.049851,0.0109745,0.0479154,0.0498954,0.0469157,0.010921,0.131454,0.0319653
0.112165,0.0716604,0.108276,0.114257,0.104692,0.07159,0.374553,0.260726
0.122189,0.0829478,0.107032,0.110254,0.121633,0.0828961,0.430789,0.359836
0.196153,0.209267,0.187306,0.199079,0.184188,0.209241,0.316526,0.3696
0.202384,0.229063,0.182327,0.182146,0.197654,0.229084,0.299235,0.418109
0.277703,0.224878,0.266335,0.26885,0.259774,0.224776,0.294402,0.273451
0.2945,0.268993,0.263223,0.265012,0.288879,0.268947,0.302659,0.341236
0.380927,0.496623,0.337274,0.348838,0.37576,0.496729,0.315576,0.49923
0.413438,0.592892,0.333541,0.334473,0.430495,0.593131,0.313976,0.618568
0.00758602,0.00218364,0.0105787,0.0177284,0.00521286,0.00216393,0.238185,0.032299
0.00731509,0.00380675,0.00746733,0.00877281,0.00695048,0.0038012,0,0
0.0669195,0.0431561,0.0665837,0.0810845,0.0612511,0.0430977,0.269112,0.15891
0.068816,0.0484615,0.0603609,0.0634658,0.068636,0.0484333,0.237527,0.201381
0.158223,0.118925,0.171749,0.184348,0.134231,0.118814,0.433847,0.310646
0.175562,0.15111,0.168637,0.170677,0.164205,0.151055,0.479818,0.471777
0.225955,0.230651,0.204729,0.20649,0.219809,0.230641,0.318465,0.395184
0.202926,0.175694,0.211574,0.225836,0.178106,0.175593,0.359589,0.310613
0.441615,0.59115,0.377722,0.38223,0.444831,0.591321,0.3503,0.60206
0.456245,0.637018,0.376478,0.378227,0.469157,0.637248,0.351604,0.658128
0.0438905,0.0114325,0.0441817,0.0559084,0.0399652,0.0113714,0.219349,0.0495647
0.0471417,0.0126205,0.040448,0.0415612,0.0477845,0.0125803,0.181003,0.0608683
0.042265,0.0326414,0.0392035,0.0511839,0.0408341,0.0326115,0.243162,0.172121
0.0465998,0.0481073,0.0360921,0.0374398,0.0499566,0.0481144,0.267282,0.381603
0.169602,0.0882761,0.178594,0.181012,0.147698,0.0881337,0.43624,0.235972
0.186128,0.104401,0.176105,0.179011,0.175934,0.10428,0.470691,0.304619
0.150366,0.169854,0.14748,0.151285,0.138575,0.169848,0.219192,0.273394
0.169331,0.215676,0.149347,0.150463,0.16768,0.215725,0.233334,0.371663
0.595232,0.599302,0.569384,0.572033,0.557341,0.599223,0.371059,0.431827
0.623679,0.663675,0.564406,0.566148,0.606429,0.663679,0.421318,0.548705
0.0474126,0.0134304,0.0479154,0.0602948,0.0430061,0.0133656,0.265284,0.0653313
0.0501219,0.0137979,0.0441817,0.0459476,0.0499566,0.0137532,0.249387,0.0829307
0.0463289,0.0260276,0.0522713,0.0642334,0.0382276,0.0259721,0.257568,0.115702
0.0495801,0.0364176,0.0491599,0.0504894,0.0456125,0.0363932,0.229753,0.183985
0.196695,0.175758,0.187928,0.19292,0.184622,0.175702,0.281618,0.284945
0.208074,0.193711,0.186683,0.187592,0.203736,0.193683,0.282716,0.324286
0.12815,0.157714,0.125078,0.136938,0.118593,0.157713,0.173534,0.222038
0.14576,0.207374,0.122589,0.123815,0.148566,0.207449,0.162255,0.30202
0.660797,0.635322,0.635968,0.641612,0.615986,0.635189,0.423023,0.465259
0.687348,0.691269,0.631612,0.634503,0.661599,0.691212,0.539239,0.652619
0.0333243,0.00751723,0.0373367,0.0497309,0.0278019,0.00745996,0.147277,0.024544
0.0360336,0.00824364,0.0329807,0.0347623,0.0351868,0.00820771,0.106869,0.0280328
0.0455161,0.034598,0.0466708,0.0557074,0.0408341,0.0345642,0.205849,0.141894
0.0493091,0.0465328,0.0441817,0.0455181,0.0486533,0.046527,0.229781,0.260936
0.25657,0.145276,0.238955,0.251304,0.245004,0.145104,0.570285,0.365823
0.267407,0.155919,0.236465,0.239507,0.264118,0.155776,0.584223,0.422145
0.202384,0.181412,0.227131,0.238849,0.166377,0.181299,0.38166,0.321847
0.221891,0.236688,0.222153,0.223241,0.201129,0.236661,0.37447,0.441033
0.60932,0.615893,0.558183,0.563315,0.58775,0.615845,0.375322,0.455853
0.637768,0.665127,0.556316,0.558691,0.634666,0.665143,0.491577,0.650182
0.0246546,0.0046979,0.0261357,0.0300286,0.0217202,0.0046643,0.0569552,0.00982845
0.0287185,0.00511352,0.0248911,0.026026,0.0291051,0.00508589,0.0566546,0.0122997
0.0758602,0.0559833,0.0715619,0.0741668,0.0721112,0.0559493,0.135992,0.113972
0.0839881,0.0655744,0.0715619,0.0746511,0.0851434,0.065551,0.262698,0.256272
0.262801,0.179806,0.265713,0.272423,0.236316,0.179646,0.623145,0.456524
0.284205,0.201915,0.261979,0.265935,0.273241,0.201789,0.63927,0.538898
0.131672,0.115606,0.144991,0.147767,0.110339,0.115541,0.221066,0.192035
0.14874,0.145471,0.144368,0.144459,0.138141,0.145445,0.229146,0.256312
0.573828,0.685334,0.502178,0.507717,0.569939,0.685443,0.398793,0.598133
0.599025,0.731505,0.501556,0.504336,0.610773,0.731673,0.471053,0.75922
0.0260092,0.00671717,0.0267579,0.0305404,0.0234579,0.00668523,0.0562115,0.01367
0.0292604,0.00663486,0.0255134,0.0266474,0.0295395,0.00660815,0.0587208,0.0161777
0.174478,0.128408,0.156192,0.161411,0.171156,0.128339,0.22874,0.202055
0.179084,0.129785,0.154947,0.158176,0.179409,0.129723,0.319003,0.290651
0.132484,0.101479,0.140012,0.151706,0.115117,0.101393,0.315598,0.234336
0.140341,0.11887,0.138146,0.140118,0.129018,0.11882,0.29208,0.275167
0.553509,0.516015,0.54636,0.557777,0.506516,0.515858,0.539103,0.553913
0.571119,0.551476,0.543248,0.544106,0.536924,0.551379,0.796206,0.896382
0.323219,0.416224,0.271935,0.28359,0.328844,0.416326,0.255183,0.416192
0.342996,0.472744,0.266957,0.267982,0.364031,0.472933,0.259007,0.507815
0.0322406,0.00771199,0.0286248,0.0301565,0.032146,0.00768174,0.132657,0.0375412
0.0292604,0.00697487,0.0286248,0.0300834,0.0273675,0.00694387,0.145009,0.0371851
0.117854,0.0943023,0.111388,0.123267,0.111642,0.094246,0.35366,0.300401
0.120293,0.10064,0.108276,0.109523,0.117724,0.10061,0.372127,0.379776
0.174478,0.137131,0.168637,0.173766,0.162467,0.137056,0.312183,0.273555
0.196424,0.17955,0.168015,0.170384,0.198089,0.179529,0.400127,0.468384
0.22731,0.194874,0.197262,0.206673,0.227194,0.194821,0.277956,0.291092
0.237605,0.218973,0.193528,0.196703,0.246308,0.218962,0.271337,0.335557
0.720672,0.7283,0.695706,0.701194,0.670287,0.728195,0.602137,0.694712
0.744243,0.770861,0.694462,0.697192,0.708949,0.770811,0.628544,0.772026
0.0138174,0.00418066,0.0161792,0.0272505,0.0112945,0.00415025,0,0
0.0132755,0.00579744,0.0130678,0.0143655,0.0125977,0.00578657,0,0
0.124086,0.0576666,0.111388,0.116158,0.121633,0.0575772,0.315802,0.173908
0.132484,0.0676061,0.110143,0.112155,0.135969,0.0675337,0.325703,0.217884
0.16906,0.14722,0.164904,0.170476,0.156386,0.147161,0.307756,0.295145
0.179355,0.163476,0.163659,0.166473,0.173762,0.163441,0.327072,0.356749
0.264427,0.222989,0.263846,0.26758,0.240226,0.222886,0.305913,0.283092
0.291791,0.277405,0.260734,0.263632,0.286273,0.277371,0.387683,0.453148
0.698727,0.645881,0.654636,0.659999,0.663771,0.645735,0.432849,0.470488
0.716337,0.675322,0.654014,0.656618,0.692441,0.675216,0.560655,0.640511
0.0387429,0.00814861,0.040448,0.0443575,0.034318,0.00809944,0.0739846,0.0150082
0.0449743,0.009947,0.0398258,0.0410494,0.0447437,0.00990446,0.107389,0.0287862
0.0750474,0.034272,0.0846297,0.0978625,0.0616855,0.0341802,0.207092,0.0803568
0.0799241,0.0395929,0.0796515,0.0821811,0.07298,0.0395287,0.431047,0.230338
0.0777567,0.0872645,0.0728065,0.0815689,0.0742832,0.087257,0.158844,0.188776
0.0877811,0.117465,0.0696951,0.0709958,0.0925282,0.117508,0.195676,0.359809
0.183419,0.178426,0.197262,0.209021,0.15682,0.178351,0.259825,0.246302
0.200488,0.228151,0.192906,0.194034,0.187228,0.228154,0.248685,0.324863
0.52777,0.609193,0.459241,0.464731,0.526064,0.609273,0.373486,0.543982
0.548361,0.650247,0.457374,0.460107,0.560382,0.65038,0.375741,0.590063
0.0222162,0.0058873,0.0248911,0.0270678,0.0186794,0.00585914,0.0936997,0.0225331
0.0222162,0.00647115,0.0236465,0.0239059,0.0195482,0.00644801,0.169272,0.050723
0.103495,0.0913474,0.0989421,0.10362,0.0973067,0.0913146,0.293782,0.287623
0.109726,0.094419,0.096453,0.0970492,0.109036,0.0943987,0.292803,0.31641
0.117583,0.0927499,0.120722,0.12345,0.104692,0.0926915,0.165859,0.138353
0.13411,0.119095,0.1201,0.121805,0.131625,0.11907,0.23574,0.256019
0.427797,0.427886,0.413192,0.418088,0.397915,0.427817,0.384736,0.437375
0.460851,0.470972,0.410081,0.413062,0.453084,0.47096,0.618481,0.783421
0.308318,0.262401,0.321095,0.331457,0.270634,0.262257,0.249664,0.219461
0.33514,0.335939,0.319851,0.321496,0.314509,0.335895,0.296605,0.344276
0.00514766,0.00012826,0.00746733,0.0108381,0.00347524,0.000115577,0.0200475,0.000237509
0.00975345,0.000543551,0.00622278,0.00683548,0.0117289,0.000536833,0.0136471,0.00119072
0.0590626,0.0344895,0.0535159,0.0588053,0.0577758,0.0344514,0.079793,0.0519345
0.065023,0.036865,0.0522713,0.0548027,0.0682016,0.0368352,0.142557,0.106451
0.164725,0.132733,0.162414,0.167478,0.151173,0.132661,0.26661,0.234618
0.181252,0.155893,0.161792,0.164938,0.178106,0.155852,0.322229,0.338264
0.27987,0.274215,0.270068,0.275494,0.260643,0.274161,0.350806,0.387848
0.30317,0.318582,0.268824,0.271491,0.298871,0.318585,0.363244,0.473553
0.399079,0.437925,0.372744,0.378026,0.380104,0.437922,0.266943,0.343553
0.426985,0.505451,0.372122,0.374645,0.425282,0.505532,0.297381,0.445804
0.0121918,0.00357096,0.0136901,0.0247649,0.0104257,0.00354325,0,0
0.0105662,0.00355617,0.00933416,0.010637,0.0108601,0.00354778,0,0
0.0601463,0.0350765,0.0659614,0.0779044,0.0508254,0.035013,0.20818,0.103946
0.0617719,0.0411001,0.0616055,0.0629175,0.0564726,0.0410641,0.225697,0.16365
0.248442,0.182195,0.240199,0.24563,0.231103,0.182074,0.400458,0.329781
0.257925,0.187252,0.239577,0.242322,0.246742,0.187142,0.519415,0.44565
0.15443,0.182448,0.13939,0.15123,0.150738,0.182457,0.182358,0.244424
0.172853,0.238894,0.135657,0.136865,0.182884,0.238988,0.192165,0.372785
0.311569,0.343121,0.299938,0.305321,0.290617,0.343106,0.246167,0.307328
0.331617,0.382201,0.298693,0.301319,0.323632,0.382238,0.289547,0.408063
0.0425359,0.00664452,0.0472931,0.0509371,0.0356212,0.00658458,0.144711,0.0207823
0.0479545,0.00757947,0.0460485,0.0469345,0.0451781,0.0075261,0.166443,0.0296514
0.0801951,0.0453809,0.078407,0.0833691,0.0742832,0.045322,0.200655,0.121187
0.0875102,0.0538687,0.0771624,0.07933,0.086881,0.0538252,0.272481,0.205393
0.187483,0.110682,0.189795,0.199399,0.168549,0.11054,0.522585,0.321852
0.206177,0.150035,0.186061,0.187784,0.201129,0.149956,0.527057,0.467588
0.261176,0.272514,0.2514,0.256851,0.243701,0.272483,0.288371,0.339868
0.280141,0.312004,0.250156,0.252849,0.274978,0.312025,0.340282,0.466518
0.431319,0.380421,0.413192,0.426514,0.403562,0.380284,0.344735,0.341477
0.455161,0.440617,0.410081,0.41277,0.443962,0.44057,0.381023,0.451812
0.0279057,0.0125521,0.0286248,0.0396787,0.0251955,0.0125145,0.362345,0.126964
0.0270929,0.0122331,0.0261357,0.0274881,0.0256299,0.0122118,0.252923,0.124831
0.076673,0.0520167,0.074051,0.0794945,0.0716768,0.0519708,0.167952,0.121985
0.0839881,0.0607915,0.0728065,0.0754919,0.0842745,0.0607614,0.203269,0.18176
0.147927,0.115959,0.156192,0.165276,0.128584,0.115871,0.337077,0.262539
0.159577,0.145028,0.152458,0.154009,0.14987,0.144989,0.34851,0.364506
0.32349,0.257154,0.347853,0.353279,0.276281,0.256973,0.380876,0.307789
0.369818,0.339321,0.343497,0.346243,0.353606,0.339246,0.557936,0.607323
0.499594,0.452662,0.512757,0.524075,0.443527,0.452477,0.368348,0.353315
0.522623,0.508014,0.509023,0.509709,0.483058,0.507913,0.404345,0.44763
0.068816,0.0136317,0.06285,0.0674593,0.0668983,0.0135573,0.085161,0.019014
0.0739637,0.0141766,0.0616055,0.0634567,0.0760209,0.0141083,0.172201,0.0425337
0.0953671,0.0677401,0.0914748,0.103382,0.0894874,0.0676799,0.258617,0.188093
0.100786,0.0774212,0.0877411,0.0890166,0.100782,0.0773921,0.392746,0.379348
0.160932,0.112816,0.144368,0.148206,0.157689,0.112747,0.288046,0.243447
0.175291,0.1319,0.141257,0.142339,0.182884,0.131862,0.290347,0.298822
0.251964,0.223109,0.260112,0.27924,0.22285,0.22299,0.390178,0.346155
0.277432,0.286324,0.254512,0.257784,0.267593,0.286308,0.372841,0.460047
0.304254,0.334359,0.303049,0.305385,0.276716,0.334335,0.213241,0.259361
0.337307,0.396038,0.301182,0.302927,0.331017,0.39609,0.240477,0.349325
0.0238418,0.00539315,0.0255134,0.0297362,0.0208514,0.00536076,0.0666199,0.0133428
0.0298022,0.00603482,0.0242688,0.0257336,0.0312772,0.00600867,0.0850381,0.0220593
0.045787,0.0328443,0.0541381,0.063411,0.0360556,0.032798,0.292079,0.167836
0.0487673,0.0424618,0.0510268,0.0510285,0.0430061,0.0424437,0.258345,0.238727
0.141425,0.109971,0.142502,0.147776,0.127715,0.109899,0.045355,0.0374728
0.161474,0.131935,0.140012,0.142531,0.161599,0.131897,0.0447903,0.046048
0.309943,0.299555,0.315495,0.320856,0.27715,0.299469,0.330092,0.342276
0.332159,0.345582,0.313006,0.315611,0.314509,0.345557,0.422064,0.513388
0.327824,0.415231,0.296204,0.300387,0.319288,0.415308,0.215493,0.330997
0.351666,0.463105,0.296204,0.297736,0.357515,0.463241,0.241133,0.416804
0.0503928,0.00557142,0.0466708,0.0567674,0.0486533,0.00550224,0.282456,0.0304153
0.0501219,0.00580444,0.0429371,0.0442661,0.0508254,0.00575265,0.251015,0.0362406
0.0330534,0.0195089,0.0429371,0.0552413,0.0234579,0.0194582,0.174917,0.0684494
0.0341371,0.0257707,0.0373367,0.0390116,0.0291051,0.0257494,0.150041,0.110023
0.249526,0.189065,0.203485,0.2154,0.258471,0.188993,0.318332,0.3103
0.259821,0.197168,0.201618,0.204745,0.276281,0.197121,0.355284,0.380012
0.345706,0.266716,0.345986,0.351196,0.313206,0.26655,0.28362,0.239148
0.373611,0.328362,0.345986,0.348436,0.35795,0.328272,0.420146,0.439756
0.404768,0.378574,0.397635,0.403504,0.371851,0.378467,0.289264,0.301422
0.430236,0.430254,0.395769,0.39888,0.413988,0.430214,0.323786,0.387973
0.0276348,0.00501709,0.0317362,0.0441748,0.0225891,0.0049645,0.147742,0.0184462
0.0325115,0.00561582,0.0280025,0.0299007,0.0330148,0.00558347,0.108447,0.0224979
0.162558,0.0911263,0.146857,0.16216,0.158558,0.091013,0.445483,0.277774
0.168518,0.0973431,0.143746,0.147794,0.170287,0.0972568,0.47727,0.348921
0.200759,0.155934,0.208463,0.213974,0.176803,0.155826,0.306432,0.24792
0.215118,0.185193,0.205974,0.208729,0.201564,0.185126,0.32438,0.319625
0.291791,0.321622,0.286248,0.297883,0.268462,0.321593,0.369987,0.44376
0.307776,0.362831,0.282514,0.283517,0.296699,0.36287,0.36805,0.523334
0.355459,0.3811,0.343497,0.348271,0.330582,0.381071,0.229574,0.279068
0.383907,0.441394,0.34163,0.343647,0.377498,0.441442,0.254009,0.362502
0.0119209,0.00403076,0.0130678,0.0211279,0.0104257,0.00400856,0.097519,0.0205552
0.0121918,0.00728249,0.00995644,0.0112584,0.0130321,0.00727761,0,0
0.0820916,0.0725754,0.0796515,0.0836981,0.0764553,0.0725479,0.426954,0.411141
0.0845299,0.0811044,0.0777847,0.079001,0.0816681,0.0810932,0.487531,0.555975
0.29748,0.234296,0.256378,0.270395,0.298436,0.234202,0.338903,0.326113
0.305608,0.241913,0.254512,0.257893,0.312772,0.241845,0.331466,0.345332
0.143863,0.177324,0.125078,0.128832,0.143788,0.177358,0.172231,0.263413
0.154972,0.189315,0.123833,0.12483,0.162467,0.189368,0.171955,0.289803
0.51612,0.674816,0.438706,0.444836,0.52172,0.674999,0.346616,0.584322
0.53075,0.713856,0.43435,0.435387,0.548219,0.714098,0.356941,0.650398
0.00704416,0.00108008,0.00871189,0.0124099,0.00564726,0.00106636,0.0359878,0.00343552
0.011379,0.00229852,0.00746733,0.00840728,0.0134666,0.0022917,0.025509,0.00772498
0.0693579,0.0581728,0.0709396,0.0736002,0.0621199,0.0581422,0.208849,0.183292
0.0745056,0.0688231,0.0703174,0.0702922,0.070808,0.0688095,0.352776,0.383655
0.246817,0.170482,0.277536,0.283243,0.202433,0.170296,0.466662,0.311708
0.280412,0.207542,0.275669,0.278619,0.257602,0.207406,0.723493,0.598335
0.333514,0.243279,0.360921,0.374206,0.283232,0.243054,0.587104,0.42365
0.366838,0.291423,0.353454,0.356112,0.341877,0.291279,0.689237,0.626312
0.631807,0.57661,0.590541,0.596286,0.601216,0.576471,0.459441,0.493462
0.653481,0.6191,0.588052,0.591041,0.637706,0.619018,0.543235,0.632083
0.0178813,0.00518353,0.0199129,0.0300469,0.0152042,0.00515047,0.281199,0.0535503
0.0173395,0.0059877,0.0168015,0.018167,0.0165074,0.00597184,0.208801,0.0762531
0.0931997,0.0505176,0.0902302,0.0963821,0.086881,0.0504468,0.184678,0.107387
0.10214,0.0613033,0.0871189,0.0905153,0.103388,0.0612532,0.219389,0.164938
0.257383,0.252796,0.241444,0.247019,0.24457,0.252756,0.410779,0.466961
0.26524,0.260757,0.239577,0.242395,0.258471,0.260733,0.437495,0.522814
0.186399,0.165382,0.194773,0.207961,0.163336,0.165293,0.199268,0.175958
0.202384,0.206517,0.189172,0.191732,0.192876,0.206499,0.198505,0.237517
0.453536,0.469357,0.429371,0.433697,0.427889,0.469315,0.354857,0.426611
0.484963,0.527007,0.429994,0.431668,0.477845,0.527036,0.381543,0.517528
0.0425359,0.00912417,0.0429371,0.0472452,0.038662,0.00907218,0.0849469,0.0181218
0.0482254,0.0102328,0.0410703,0.0427309,0.0490877,0.0101883,0.103982,0.0275432
0.0484963,0.0446677,0.0497822,0.0590611,0.0434405,0.0446412,0.146662,0.123155
0.0528312,0.0575515,0.0472931,0.0486251,0.0521286,0.0575543,0.225805,0.296927
0.163641,0.203978,0.145613,0.157445,0.161164,0.204004,0.278686,0.401168
0.170956,0.224409,0.143124,0.144322,0.174631,0.224476,0.354665,0.612853
0.14874,0.136527,0.163659,0.170448,0.124674,0.136455,0.206873,0.183993
0.159306,0.166621,0.159925,0.159775,0.144222,0.166599,0.198112,0.229496
0.44324,0.585529,0.399502,0.406126,0.432233,0.585661,0.345656,0.55377
0.462476,0.635886,0.397635,0.398478,0.464379,0.636087,0.342862,0.608041
0.0314278,0.00504092,0.0342253,0.0382166,0.0269331,0.00499652,0.0623272,0.00905303
0.038472,0.00590644,0.0329807,0.034214,0.0390964,0.00586852,0.0769413,0.0146617
0.0742346,0.0448862,0.0802738,0.0820989,0.0634231,0.0448284,0.148331,0.0899806
0.0856137,0.053938,0.0802738,0.0825832,0.0816681,0.0538901,0.294342,0.213388
0.172853,0.154162,0.163037,0.178225,0.163771,0.1541,0.439625,0.422296
0.184774,0.16996,0.157436,0.160223,0.186794,0.169942,0.416856,0.491206
0.224871,0.174251,0.242066,0.255408,0.192007,0.174108,0.323392,0.244914
0.2479,0.224482,0.239577,0.242285,0.230669,0.224415,0.380476,0.39152
0.47223,0.44444,0.46733,0.47237,0.431364,0.444316,0.348376,0.364048
0.504741,0.504598,0.466708,0.468989,0.483927,0.504549,0.373983,0.446985
0.0176104,0.00427746,0.0242688,0.0362427,0.0117289,0.00423486,0.356252,0.0462462
0.0157139,0.00507203,0.0192906,0.0205796,0.0121633,0.0050518,0.245423,0.0669309
0.126795,0.0934183,0.115121,0.119996,0.123371,0.0933654,0.246791,0.213329
0.132755,0.0970977,0.113255,0.115372,0.134231,0.0970555,0.300035,0.28041
0.230019,0.168433,0.205352,0.211087,0.225891,0.168343,0.279708,0.247822
0.250068,0.192425,0.205352,0.208327,0.258036,0.192367,0.392792,0.402947
0.195882,0.185225,0.202862,0.206737,0.172893,0.185161,0.327609,0.325978
0.215931,0.229662,0.20224,0.203356,0.205474,0.229654,0.33166,0.416113
0.557302,0.634322,0.499689,0.501549,0.545178,0.63438,0.422326,0.593451
0.578434,0.676148,0.495955,0.498232,0.581668,0.67626,0.435528,0.656749
0.0495801,0.0134446,0.0491599,0.0536786,0.0456125,0.0133889,0.0652961,0.0180938
0.0552696,0.0140284,0.0479154,0.049676,0.0556038,0.0139788,0.126587,0.0395744
0.0720672,0.0456809,0.0771624,0.0781877,0.0621199,0.0456294,0.155385,0.100743
0.084259,0.0567447,0.0771624,0.078672,0.0816681,0.0567055,0.277065,0.221864
0.112707,0.122629,0.0983199,0.10234,0.112511,0.122635,0.191892,0.255461
0.125169,0.160093,0.096453,0.0977163,0.133797,0.160149,0.196102,0.357057
0.355459,0.297625,0.340386,0.345046,0.332754,0.297503,0.262672,0.25161
0.380656,0.345953,0.340386,0.342213,0.373154,0.345892,0.292658,0.328628
0.298564,0.270287,0.304916,0.31795,0.26629,0.27017,0.227272,0.214548
0.331888,0.352105,0.301182,0.303585,0.322328,0.352103,0.226477,0.29182
0.0365755,0.00765256,0.0410703,0.0444672,0.0304083,0.00760265,0.155006,0.0294424
0.0411813,0.00815748,0.0410703,0.0426212,0.0377932,0.00811069,0.149517,0.0316098
0.183419,0.131753,0.162414,0.1681,0.181147,0.13168,0.349251,0.303941
0.187212,0.132135,0.16117,0.164097,0.188097,0.132067,0.3737,0.334132
0.118938,0.120124,0.124456,0.133557,0.104257,0.120084,0.385044,0.384617
0.126524,0.139435,0.123211,0.124437,0.117289,0.13943,0.359991,0.448126
0.154972,0.147022,0.154947,0.163595,0.140747,0.146972,0.195318,0.194943
0.179355,0.21954,0.151213,0.151075,0.18245,0.219593,0.187579,0.302908
0.399892,0.383973,0.410703,0.415383,0.354909,0.383856,0.323067,0.331675
0.437009,0.469715,0.410081,0.412002,0.414857,0.469703,0.334571,0.423752
0.0333243,0.00717151,0.0367144,0.0409215,0.0282363,0.0071259,0.0737502,0.0142676
0.0371173,0.00758176,0.0342253,0.0343602,0.0360556,0.0075456,0.0872907,0.0212964
0.0769439,0.0554537,0.0815184,0.0933299,0.0668983,0.0553929,0.254653,0.167912
0.0818206,0.0669408,0.078407,0.0795859,0.0768897,0.0669123,0.363078,0.339133
0.177459,0.128028,0.187306,0.192408,0.154214,0.127916,0.332983,0.245938
0.200759,0.147843,0.185439,0.187784,0.192876,0.147761,0.364592,0.318719
0.136819,0.123464,0.14748,0.157984,0.116855,0.123394,0.258376,0.2242
0.158765,0.184981,0.144991,0.146186,0.153779,0.184999,0.246425,0.346457
0.398537,0.489937,0.365277,0.370898,0.384448,0.490005,0.289907,0.425505
0.43159,0.556777,0.364655,0.367517,0.43788,0.556928,0.304703,0.512978
0.0270929,0.008274,0.0317362,0.0349999,0.0217202,0.00823778,0.157155,0.0410935
0.0279057,0.00909536,0.0304916,0.031838,0.0238923,0.00906443,0.162023,0.0512473
0.20401,0.0646072,0.186061,0.202314,0.197654,0.064408,0.781606,0.276441
0.216202,0.097158,0.181705,0.184713,0.220243,0.0970209,0.823894,0.480772
0.170685,0.122782,0.155569,0.161009,0.165508,0.122708,0.286574,0.242639
0.203468,0.207046,0.154325,0.157006,0.21894,0.207075,0.29575,0.433349
0.257383,0.238276,0.261979,0.267744,0.230235,0.23819,0.344924,0.3409
0.286372,0.295459,0.25949,0.262499,0.278454,0.295447,0.361095,0.451517
0.547006,0.519393,0.510268,0.510468,0.521286,0.519304,0.349942,0.395503
0.570848,0.577979,0.51089,0.510249,0.559079,0.577959,0.411367,0.517661
0.041994,0.0114338,0.040448,0.044321,0.0395308,0.0113885,0.13475,0.038467
0.0487673,0.0123313,0.0392035,0.0403184,0.0512598,0.0122925,0.147344,0.0499079
0.183419,0.131808,0.164281,0.169964,0.179844,0.131731,0.576973,0.496807
0.18938,0.132435,0.163037,0.165961,0.190269,0.132365,0.65103,0.576854
0.191276,0.141392,0.204729,0.209396,0.164205,0.141273,0.376529,0.282221
0.206448,0.164437,0.201618,0.203456,0.190704,0.164353,0.501243,0.449837
0.232186,0.219868,0.243311,0.248444,0.202867,0.219787,0.299459,0.294314
0.260634,0.26651,0.239577,0.241956,0.251086,0.266493,0.30022,0.367358
0.523164,0.497827,0.500311,0.506036,0.490009,0.49772,0.327601,0.357972
0.547006,0.544774,0.499067,0.502106,0.529105,0.544726,0.436859,0.526531
0.0598754,0.0085529,0.0497822,0.0539711,0.0616855,0.00849105,0.106453,0.0186062
0.065294,0.00926125,0.0485376,0.0499685,0.0712424,0.0092057,0.161176,0.0329884
0.0715253,0.0474064,0.0746733,0.0833874,0.0629887,0.0473498,0.238286,0.15032
0.0799241,0.0576461,0.0728065,0.0733261,0.0777585,0.0576152,0.237981,0.207741
0.0926578,0.112449,0.078407,0.0831133,0.0942659,0.112469,0.179777,0.270269
0.104308,0.132411,0.0771624,0.0791107,0.113814,0.13246,0.191075,0.35543
0.322406,0.249758,0.327318,0.342204,0.288879,0.249584,0.309157,0.250502
0.343267,0.299846,0.321717,0.322666,0.326238,0.299757,0.359184,0.37071
0.443511,0.414505,0.401369,0.406611,0.431364,0.414436,0.263002,0.297809
0.472772,0.471897,0.398258,0.400744,0.480452,0.471903,0.370528,0.484739
0.049851,0.0134376,0.0460485,0.0581016,0.0482189,0.0133759,0.220924,0.0565038
0.0522894,0.0138031,0.0423149,0.0437544,0.054735,0.0137614,0.212718,0.0743268
0.0596044,0.0534374,0.0584941,0.0704475,0.0551694,0.0534055,0.215981,0.181901
0.0615009,0.0623829,0.0553827,0.0567034,0.0603823,0.0623803,0.188708,0.230637
0.215931,0.164939,0.215308,0.221212,0.196351,0.164831,0.526291,0.435669
0.232186,0.193678,0.214063,0.217209,0.223284,0.193609,0.541344,0.536071
0.185587,0.161327,0.187306,0.192956,0.167246,0.161254,0.245686,0.228103
0.206448,0.204886,0.184816,0.187601,0.202433,0.204871,0.263833,0.320092
0.434842,0.459818,0.352831,0.357044,0.451347,0.45987,0.219774,0.314478
0.464915,0.519679,0.350965,0.35242,0.500869,0.519807,0.26854,0.440039
0.0200488,0.00459265,0.0242688,0.0362427,0.0156386,0.00455042,0.45022,0.0627995
0.0189651,0.00457851,0.0205352,0.0218955,0.0165074,0.0045559,0,0
0.0818206,0.0572429,0.0821406,0.0871341,0.0742832,0.0571927,0.194838,0.142078
0.0934706,0.0690548,0.0802738,0.0825101,0.0942659,0.0690247,0.187942,0.174671
0.0647521,0.0709699,0.0634723,0.0684828,0.0599479,0.0709613,0.148559,0.171017
0.0731509,0.0971432,0.0603609,0.0603496,0.0755864,0.0971764,0.177363,0.317285
0.299648,0.305812,0.28687,0.292162,0.280626,0.305772,0.390246,0.453746
0.326741,0.361215,0.285003,0.287538,0.325369,0.361246,0.394134,0.550114
0.404226,0.425077,0.393279,0.402179,0.374023,0.425026,0.323894,0.380277
0.429965,0.487838,0.388301,0.388489,0.418766,0.487879,0.349945,0.488241
0.0327824,0.00602178,0.0367144,0.0404829,0.0273675,0.00597542,0.0928556,0.0152267
0.0398266,0.00756942,0.0354698,0.0364803,0.0395308,0.00753036,0.0881512,0.0202156
0.125982,0.0709478,0.112632,0.118387,0.123805,0.0708708,0.339167,0.225567
0.135465,0.0780526,0.11201,0.115006,0.139444,0.0779886,0.482883,0.363792
0.092116,0.103777,0.0846297,0.0923613,0.089053,0.103775,0.177928,0.222098
0.102682,0.128514,0.0846297,0.0859096,0.105995,0.128549,0.225311,0.37455
0.452723,0.347704,0.518357,0.524057,0.364466,0.347396,0.528237,0.389024
0.225413,0.000714578,0.51649,0.519433,0.00130321,6.43E-06,0.875981,1.20E-05
0.28285,0.430421,0,0,0.453953,0.430927,0,0.85341
0.438635,0.431987,0.436839,0.440386,0.398784,0.431892,0.351966,0.38348
0.462476,0.48816,0.434972,0.435762,0.438315,0.488137,0.394898,0.491448
0.0162558,0.00316898,0.0192906,0.0312714,0.0130321,0.00313189,0.144133,0.016037
0.015443,0.00396978,0.0161792,0.0175456,0.013901,0.00395241,0.0907758,0.0227177
0.0831753,0.0657171,0.0808961,0.100988,0.0773241,0.0656579,0.27066,0.195498
0.0831753,0.071814,0.0721842,0.0734814,0.0834057,0.0717995,0.211285,0.229357
0.139529,0.112332,0.132545,0.132872,0.131625,0.112283,0.203534,0.191083
0.15172,0.12984,0.132545,0.132872,0.151173,0.129813,0.20928,0.22715
0.260092,0.265788,0.262601,0.268146,0.234144,0.265734,0.261163,0.287533
0.285289,0.320692,0.25949,0.26228,0.276716,0.320711,0.413976,0.562374
0.322406,0.43692,0.277536,0.286012,0.323632,0.437042,0.229977,0.390413
0.351937,0.528367,0.271313,0.272332,0.375326,0.528615,0.223812,0.482641
0.136819,0.0137177,0.148102,0.152153,0.116421,0.0135275,0.265997,0.0262732
0.137361,0.0137894,0.146857,0.149467,0.118158,0.013603,0.274237,0.0277277
0.0552696,0.0538673,0.0547604,0.0648,0.0508254,0.0538436,0.107343,0.0990905
0.0601463,0.0669863,0.0522713,0.0535964,0.0603823,0.0669934,0.215871,0.299772
0.157139,0.113387,0.173615,0.17679,0.13119,0.11328,0.302747,0.215513
0.176917,0.144379,0.172993,0.173409,0.163336,0.144312,0.467292,0.432037
0.303983,0.30247,0.301805,0.307295,0.27715,0.302405,0.37153,0.406189
0.331617,0.362605,0.299315,0.30205,0.323197,0.362619,0.486191,0.648453
0.680303,0.613383,0.673304,0.685166,0.621199,0.613166,0.508966,0.506024
0.701436,0.660235,0.671437,0.671897,0.656386,0.66009,0.524242,0.57218
0.0428068,0.00789459,0.0491599,0.0529841,0.0347524,0.00783331,0.160247,0.0263202
0.049851,0.00860443,0.0479154,0.0489815,0.0469157,0.00854946,0.183537,0.0355903
0.0669195,0.0498024,0.0696951,0.0816328,0.0590791,0.049751,0.193792,0.131212
0.068816,0.0595474,0.0659614,0.0672674,0.0647263,0.0595271,0.219083,0.215387
0.187754,0.116069,0.19664,0.20649,0.164205,0.115925,0.561817,0.350406
0.204281,0.149012,0.193528,0.195497,0.192876,0.148921,0.572324,0.484349
0.346519,0.298395,0.339764,0.344506,0.318853,0.298275,0.529383,0.509202
0.379572,0.355993,0.339764,0.342661,0.371851,0.355943,0.529372,0.61091
0.535085,0.527499,0.525825,0.535032,0.491312,0.527386,0.49565,0.542781
0.560553,0.584359,0.521469,0.522138,0.535187,0.58433,0.500635,0.622436
0.0243836,0.00510363,0.0286248,0.0384907,0.0195482,0.00505892,0.161414,0.0235691
0.0254674,0.0056672,0.0255134,0.026684,0.0234579,0.00563931,0.141199,0.0331518
0.110268,0.064986,0.100187,0.113288,0.107298,0.064909,0.35259,0.224436
0.120022,0.0760786,0.096453,0.0989226,0.125543,0.0760343,0.374949,0.320174
0.0969927,0.0684535,0.107654,0.124775,0.0807993,0.0683649,0.356292,0.216876
0.105121,0.0910629,0.103298,0.104771,0.0968723,0.0910281,0.314212,0.30329
0.352208,0.272579,0.343497,0.34765,0.325369,0.272425,0.493258,0.429416
0.379301,0.316992,0.343497,0.345914,0.36881,0.316891,0.49312,0.501875
0.568681,0.550827,0.550716,0.555858,0.527802,0.550713,0.440081,0.484389
0.604172,0.623358,0.550093,0.552477,0.585143,0.623334,0.446811,0.560055
0.0493091,0.0134803,0.0466708,0.0514489,0.0469157,0.0134276,0.101499,0.0294296
0.0558114,0.0141487,0.0454263,0.0474463,0.0582103,0.0141023,0.157766,0.0520956
0.0915741,0.0533488,0.0945862,0.107111,0.0812337,0.0532667,0.272474,0.150539
0.0942834,0.0621097,0.0908525,0.0927451,0.0881842,0.0620574,0.33871,0.251786
0.11948,0.101472,0.106409,0.110419,0.117724,0.101442,0.20056,0.204701
0.136007,0.151993,0.105165,0.106416,0.145091,0.152028,0.260621,0.413642
0.276348,0.30876,0.263223,0.269837,0.259774,0.308754,0.379641,0.482598
0.289894,0.347012,0.260112,0.261878,0.283666,0.347062,0.384998,0.566849
0.590897,0.488362,0.568139,0.573148,0.55126,0.488151,0.51454,0.486863
0.618532,0.553582,0.56565,0.567902,0.597307,0.553455,0.536162,0.580504
0.0216743,0.00908634,0.0255134,0.0296265,0.0173762,0.00905842,0.235429,0.0799709
0.0222162,0.0107162,0.0242688,0.0256239,0.0191138,0.0106957,0,0
0.0571661,0.032584,0.0609832,0.0662621,0.0495222,0.0325335,0.164842,0.089915
0.0669195,0.0414177,0.0597386,0.0622595,0.0660295,0.0413829,0.16973,0.125336
0.15172,0.115067,0.148724,0.154539,0.139878,0.114992,0.364244,0.30111
0.174208,0.145619,0.148102,0.151157,0.176368,0.145585,0.378505,0.405003
0.253861,0.25553,0.250156,0.263157,0.232841,0.255471,0.347069,0.37432
0.275806,0.308323,0.244555,0.246818,0.271937,0.308348,0.337907,0.46899
0.552425,0.543883,0.56005,0.562383,0.495222,0.543752,0.369433,0.396831
0.57735,0.595561,0.56005,0.561542,0.535187,0.595492,0.388548,0.457761
0.0517475,0.0134688,0.0535159,0.0575167,0.0460469,0.0134078,0.088439,0.0229038
0.057437,0.0140176,0.0528936,0.0549763,0.0556038,0.0139607,0.153075,0.0431853
0.0506638,0.0312671,0.0479154,0.0549489,0.0482189,0.0312305,0.118507,0.074828
0.0558114,0.0359289,0.0466708,0.0491003,0.0573414,0.0359058,0.171075,0.138984
0.248713,0.176086,0.214063,0.220225,0.249783,0.175993,0.306286,0.271929
0.263885,0.195137,0.212819,0.217063,0.274978,0.19507,0.303286,0.302801
0.460851,0.43807,0.449907,0.454532,0.425282,0.437963,0.364302,0.389973
0.481441,0.481643,0.44804,0.449908,0.4596,0.481593,0.417511,0.496506
0.292875,0.255524,0.309894,0.31435,0.253692,0.255395,0.286134,0.258267
0.325928,0.327166,0.308027,0.31064,0.307993,0.327126,0.282934,0.331012
0.0287185,0.00421874,0.0317362,0.0360234,0.0243267,0.00417637,0.0710367,0.00914951
0.0327824,0.00547426,0.0304916,0.0320208,0.0317116,0.00543884,0.0789584,0.0148996
0.108372,0.066313,0.102054,0.11147,0.102954,0.0662401,0.276056,0.182248
0.115958,0.0721938,0.100809,0.103601,0.115986,0.0721385,0.475488,0.367825
0.120834,0.135478,0.116988,0.124848,0.112511,0.135468,0.244202,0.294377
0.124627,0.148553,0.113255,0.113096,0.121199,0.148575,0.345224,0.503846
0.211325,0.160636,0.197884,0.202752,0.201129,0.160549,0.266023,0.234024
0.241127,0.22693,0.197884,0.199993,0.248914,0.226924,0.267258,0.336897
0.38472,0.353325,0.3771,0.382376,0.35404,0.353217,0.294379,0.302105
0.414522,0.415511,0.374611,0.377057,0.403562,0.415483,0.338859,0.414826
0.0316987,0.00572177,0.0360921,0.0397518,0.0260643,0.00567606,0.0478623,0.00759249
0.0363045,0.00671828,0.0348475,0.0357492,0.034318,0.00667921,0.0792921,0.0164585
0.0357627,0.0302926,0.0373367,0.0493197,0.0317116,0.0302625,0.149978,0.102238
0.0368464,0.0392308,0.0323584,0.0337114,0.0369244,0.0392326,0.168421,0.217755
0.0948253,0.0691491,0.0889857,0.0945545,0.0903562,0.0691027,0.210015,0.170515
0.112978,0.10918,0.0889857,0.092014,0.119461,0.109184,0.212417,0.280025
0.466269,0.375492,0.431238,0.436036,0.447003,0.375337,0.554603,0.530374
0.494717,0.42206,0.431861,0.434739,0.492181,0.421961,0.634948,0.684672
0.494446,0.457739,0.496577,0.502527,0.446568,0.457589,0.389022,0.393542
0.526957,0.522236,0.494088,0.497281,0.500434,0.522169,0.397396,0.463588
0.0503928,0.0134821,0.0547604,0.058394,0.0430061,0.01342,0.147158,0.0375722
0.0563533,0.0141091,0.0535159,0.0543914,0.0534318,0.0140531,0.195743,0.0561862
0.13709,0.0770789,0.132545,0.146808,0.127715,0.0769702,0.224919,0.131009
0.146302,0.0879552,0.128811,0.132442,0.145091,0.0878789,0.252434,0.186083
0.0915741,0.086145,0.0983199,0.110218,0.0786273,0.086097,0.200669,0.174147
0.104308,0.125958,0.0945862,0.0958521,0.101651,0.125977,0.180414,0.263426
0.14576,0.0923638,0.162414,0.166894,0.120765,0.0922455,0.1349,0.0828355
0.166351,0.127413,0.161792,0.163512,0.154214,0.127341,0.180353,0.156042
0.471688,0.422667,0.472309,0.477561,0.42702,0.42251,0.361879,0.355691
0.50149,0.489771,0.468575,0.471073,0.477411,0.489702,0.362333,0.418458
0.0509347,0.0134666,0.0578718,0.062159,0.0417029,0.0133993,0.0738646,0.0176895
0.0549986,0.0139286,0.0566273,0.0581564,0.0490877,0.0138673,0.123221,0.0326423
0.11081,0.0611836,0.101431,0.11475,0.107298,0.0611002,0.210601,0.124581
0.118938,0.0697744,0.0976976,0.100385,0.122937,0.0697207,0.469082,0.361946
0.176917,0.132181,0.186683,0.200322,0.153779,0.132063,0.523883,0.383697
0.193714,0.155965,0.181705,0.184713,0.184188,0.155897,0.606415,0.568604
0.426172,0.402856,0.393902,0.407835,0.408775,0.402771,0.309326,0.339383
0.449472,0.445068,0.39079,0.394164,0.448306,0.445052,0.347619,0.436051
0.248984,0.279806,0.243933,0.255627,0.229366,0.279786,0.217754,0.26478
0.26822,0.339836,0.23771,0.238776,0.264553,0.339909,0.217905,0.344619
0.0119209,0.0031032,0.0149347,0.0256056,0.0091225,0.00307379,0.0733626,0.00978392
0.0105662,0.00415442,0.0105787,0.010637,0.00999131,0.00414673,0.15319,0.0663459
0.0858846,0.0448758,0.096453,0.101902,0.070808,0.0447909,0.292224,0.1427
0.0986183,0.0555626,0.0958307,0.0985205,0.0916594,0.0554948,0.322041,0.201529
0.126524,0.124187,0.124456,0.128211,0.116421,0.124159,0.279142,0.300316
0.139258,0.14712,0.120722,0.121723,0.139444,0.147128,0.27911,0.3748
0.269304,0.249786,0.270068,0.274945,0.243701,0.249704,0.312281,0.315083
0.29748,0.29479,0.268824,0.270943,0.289748,0.294767,0.371124,0.44856
0.340287,0.345606,0.339764,0.344762,0.308862,0.345541,0.254768,0.283677
0.38472,0.443072,0.338519,0.34076,0.380973,0.443127,0.28538,0.412291
0.0371173,0.00676481,0.0435594,0.0549946,0.0295395,0.00669945,0.17797,0.0240862
0.042265,0.00834287,0.040448,0.0413419,0.0399652,0.00829806,0.147012,0.0327822
0.133568,0.0817135,0.149969,0.163659,0.109904,0.0815871,0.530775,0.293963
0.145218,0.0938483,0.146235,0.149293,0.13119,0.0937559,0.75494,0.52671
0.147927,0.111608,0.13939,0.14551,0.140313,0.111542,0.0434218,0.036979
0.161474,0.138342,0.137523,0.140886,0.163336,0.138313,0.0429352,0.0468284
0.169602,0.145969,0.152458,0.153086,0.165943,0.145932,0.180234,0.190877
0.199133,0.201126,0.153703,0.155653,0.212424,0.20115,0.211935,0.304274
0.351395,0.431416,0.326073,0.330872,0.336229,0.431471,0.260861,0.377921
0.372799,0.474161,0.32234,0.324384,0.373154,0.474274,0.276583,0.449258
0.0314278,0.00446215,0.0354698,0.0473184,0.0260643,0.00440461,0.0944419,0.0097666
0.0352208,0.00517198,0.0323584,0.0337022,0.034318,0.00513391,0.0706368,0.0119542
0.109455,0.0805458,0.105787,0.1121,0.102085,0.0804887,0.249111,0.198711
0.11948,0.0908182,0.104543,0.108097,0.119027,0.0907786,0.308244,0.287583
0.113519,0.0693041,0.119477,0.132442,0.0990443,0.0692059,0.327444,0.190088
0.124357,0.0826889,0.115744,0.118077,0.119027,0.0826261,0.304849,0.236995
0.251422,0.181863,0.274424,0.281196,0.21199,0.181693,0.324451,0.232905
0.277703,0.234933,0.275047,0.279058,0.253692,0.234828,0.391225,0.365749
0.416689,0.421085,0.365277,0.370679,0.413553,0.421073,0.293803,0.37078
0.451097,0.490929,0.364655,0.367298,0.469157,0.491003,0.319114,0.473928
0.0506638,0.0134474,0.056005,0.0600755,0.0425717,0.0133829,0.114443,0.0283231
0.0552696,0.0139111,0.0547604,0.0560729,0.0508254,0.0138526,0.140031,0.0384328
0.0864264,0.0511975,0.0796515,0.0897294,0.0834057,0.0511366,0.186585,0.118134
0.091845,0.0696287,0.0765401,0.0778313,0.0942659,0.0696057,0.338268,0.336087
0.205635,0.167718,0.200373,0.213883,0.190269,0.167624,0.274883,0.239337
0.214576,0.184692,0.197262,0.200139,0.206777,0.184636,0.323115,0.331164
0.332701,0.279951,0.345364,0.347778,0.292789,0.279804,0.323013,0.288717
0.353563,0.329806,0.343497,0.345073,0.327541,0.329722,0.329543,0.349824
0.364129,0.435992,0.324829,0.337214,0.357515,0.436043,0.224855,0.323018
0.391222,0.510689,0.32234,0.324091,0.402693,0.510846,0.280362,0.490955
0.0503928,0.0134366,0.0578718,0.0678796,0.0408341,0.0133614,0.218369,0.0477534
0.0533731,0.0138075,0.0547604,0.0560729,0.0477845,0.0137489,0.279448,0.0761233
0.0563533,0.0316265,0.0616055,0.066518,0.0477845,0.0315744,0.245604,0.129519
0.0593335,0.038245,0.0609832,0.0631368,0.0529974,0.0382054,0.320844,0.215693
0.170415,0.125835,0.16117,0.169873,0.161164,0.125752,0.349681,0.287584
0.199404,0.192171,0.159303,0.162635,0.208949,0.192175,0.40913,0.537088
0.249255,0.23899,0.233976,0.260096,0.236751,0.238916,0.343437,0.350478
0.276619,0.317565,0.228998,0.229336,0.284101,0.317625,0.377879,0.581428
0.527228,0.532611,0.4972,0.502088,0.498697,0.53255,0.261459,0.308095
0.558114,0.595418,0.495955,0.498086,0.549088,0.595435,0.289662,0.3847
0.0197778,0.00643316,0.0236465,0.0337022,0.0156386,0.00639656,0.147159,0.0310296
0.019236,0.00886381,0.0199129,0.0199581,0.0173762,0.00884887,0.245199,0.120778
0.0539149,0.0473206,0.0510268,0.0551134,0.0512598,0.0473025,0.236374,0.225386
0.0628556,0.0699593,0.0504045,0.0517322,0.0660295,0.0699724,0.318269,0.478256
0.225142,0.195829,0.22402,0.230058,0.205039,0.195745,0.52923,0.500263
0.240856,0.218227,0.223398,0.226677,0.230669,0.218175,0.566332,0.605577
0.184503,0.147385,0.194151,0.207121,0.16073,0.147276,0.324758,0.256547
0.204823,0.195269,0.18855,0.190891,0.19722,0.195239,0.314628,0.357502
0.473313,0.452649,0.441195,0.446235,0.451347,0.45257,0.325366,0.366602
0.503387,0.517962,0.441195,0.444315,0.499566,0.517962,0.376628,0.487775
0.125711,0.0137011,0.122589,0.126749,0.116421,0.0135456,0.367388,0.0436194
0.131672,0.0142882,0.121344,0.122746,0.126846,0.014139,0.47039,0.060196
0.0701707,0.042067,0.0684505,0.0734266,0.0651607,0.0420178,0.143269,0.0910823
0.0810079,0.0510134,0.0665837,0.0688026,0.0838401,0.050981,0.168045,0.138334
0.121376,0.102727,0.102676,0.106617,0.123371,0.102703,0.256512,0.274514
0.145489,0.176066,0.101431,0.102688,0.162902,0.176133,0.309725,0.590202
0.237063,0.238618,0.233976,0.239452,0.217202,0.238572,0.261836,0.289822
0.257112,0.281874,0.23211,0.234828,0.250652,0.281884,0.278409,0.371282
0.417502,0.554425,0.358432,0.364702,0.419635,0.554577,0.245719,0.41511
0.44595,0.637337,0.355943,0.356843,0.466985,0.637597,0.320777,0.636756
0.0490382,0.0134599,0.0547604,0.0585037,0.0408341,0.0133976,0.0951993,0.0242202
0.0547277,0.0140629,0.0535159,0.0545011,0.0508254,0.0140067,0.127984,0.0365416
0.0929287,0.0481932,0.0858743,0.0983377,0.0894874,0.0481171,0.212298,0.115405
0.100786,0.0593918,0.0815184,0.0833508,0.105126,0.0593493,0.422937,0.334566
0.239501,0.188806,0.219664,0.225452,0.231103,0.18872,0.496917,0.462113
0.257383,0.208587,0.217797,0.220828,0.261077,0.208531,0.542264,0.568891
0.138987,0.14067,0.144368,0.150344,0.122502,0.140631,0.165694,0.172189
0.156597,0.191581,0.141257,0.142458,0.152911,0.191612,0.172205,0.257326
0.490924,0.567214,0.448662,0.452193,0.47437,0.567261,0.378934,0.528108
0.511514,0.625254,0.446173,0.446947,0.509123,0.625377,0.380461,0.591421
0.015172,0.00499942,0.0192906,0.0293524,0.0112945,0.0049671,0.333435,0.062686
0.0149011,0.00661958,0.0155569,0.0168511,0.0134666,0.00660627,0,0
0.107559,0.0811138,0.108276,0.111159,0.0973067,0.0810586,0.26312,0.213162
0.11948,0.0933938,0.110143,0.11358,0.115117,0.0933497,0.299666,0.27362
0.367922,0.28579,0.335408,0.349167,0.356212,0.285649,0.65719,0.597298
0.376863,0.293591,0.331674,0.334802,0.373154,0.293479,0.710054,0.691482
0.368464,0.24834,0.403236,0.408475,0.309731,0.248074,0.528241,0.356408
0.410187,0.296229,0.401991,0.404472,0.377498,0.296024,0.579249,0.470982
0.398808,0.416934,0.366521,0.372104,0.384014,0.416915,0.256058,0.318729
0.433487,0.483244,0.362788,0.365616,0.442224,0.483312,0.318162,0.467251
0.0219453,0.00389851,0.0236465,0.0279816,0.0191138,0.00386678,0.130901,0.0200965
0.0265511,0.00486439,0.0236465,0.0252218,0.0264987,0.00483756,0.132372,0.0282063
0.0628556,0.0392457,0.0647169,0.073783,0.0560382,0.0391927,0.349687,0.206361
0.068816,0.045234,0.0616055,0.0640507,0.0677672,0.0452013,0.310185,0.243192
0.157952,0.152878,0.156814,0.159912,0.144222,0.15284,0.426271,0.45263
0.172311,0.194306,0.154947,0.154804,0.168549,0.194323,0.452654,0.631263
0.258467,0.215093,0.266957,0.271838,0.228497,0.214975,0.203777,0.179032
0.287998,0.258096,0.26509,0.267214,0.27715,0.258034,0.284153,0.304839
0.615551,0.606575,0.606098,0.611712,0.564292,0.60645,0.483065,0.532052
0.638038,0.65039,0.604231,0.607088,0.601651,0.650322,0.490329,0.583533
0.0506638,0.0117392,0.0479154,0.0532766,0.0482189,0.011682,0.0871656,0.0212338
0.0560824,0.0127265,0.0466708,0.049274,0.0577758,0.0126759,0.156895,0.0448408
0.0755893,0.0450559,0.0709396,0.081112,0.0721112,0.0449996,0.437658,0.269748
0.0826334,0.0625652,0.0690728,0.0702922,0.0847089,0.0625443,0.380369,0.375998
0.16337,0.14002,0.164281,0.168529,0.147698,0.139955,0.299158,0.276004
0.175291,0.160683,0.162414,0.163905,0.168115,0.160648,0.335114,0.364902
0.245191,0.253318,0.235221,0.240366,0.229366,0.253288,0.244009,0.285659
0.26822,0.305281,0.233976,0.236363,0.267159,0.305317,0.269858,0.387264
0.426443,0.429192,0.391413,0.396924,0.410947,0.429153,0.298617,0.35869
0.453265,0.481062,0.392657,0.395334,0.453084,0.481086,0.336787,0.455318
0.030615,0.00661154,0.0360921,0.0481591,0.0243267,0.00655537,0.0839855,0.0127006
0.034408,0.00773921,0.0323584,0.0338119,0.0330148,0.007704,0.0951636,0.024089
0.0531021,0.0441705,0.0553827,0.0632556,0.0469157,0.0441376,0.197482,0.153087
0.0571661,0.0542591,0.0528936,0.0542178,0.0551694,0.0542504,0.170009,0.188987
0.159577,0.102572,0.154325,0.159948,0.148566,0.102475,0.259651,0.184811
0.179626,0.129206,0.152458,0.155324,0.182016,0.129147,0.368546,0.340436
0.155513,0.181999,0.156814,0.16863,0.140313,0.181984,0.270849,0.324732
0.166892,0.220252,0.152458,0.153643,0.161599,0.220302,0.256604,0.40876
0.366567,0.331368,0.338519,0.34595,0.351868,0.331285,0.300627,0.319827
0.401788,0.415228,0.339141,0.341966,0.407906,0.415248,0.305102,0.411595
0.0568952,0.0134491,0.0609832,0.0652661,0.0490877,0.0133776,0.110157,0.0250843
0.0606882,0.0138307,0.0597386,0.0612635,0.0560382,0.0137651,0.182333,0.0455139
0.132484,0.0688309,0.141879,0.154374,0.113814,0.0687022,0.239762,0.118543
0.145489,0.0800984,0.13939,0.141251,0.136403,0.0800009,0.355857,0.223912
0.225955,0.219043,0.211574,0.215098,0.21503,0.219007,0.395672,0.447566
0.232186,0.234991,0.209708,0.210474,0.226325,0.23498,0.409515,0.507928
0.273097,0.269224,0.265713,0.269609,0.252824,0.269172,0.352612,0.391106
0.292062,0.320116,0.264468,0.265606,0.284101,0.320129,0.362792,0.485786
0.392035,0.349159,0.410081,0.410348,0.342745,0.349008,0.29639,0.280057
0.421566,0.424663,0.403236,0.402672,0.394874,0.424611,0.294963,0.345548
0.0425359,0.00783072,0.0466708,0.0509737,0.0360556,0.00777212,0.134883,0.0228482
0.0468708,0.00852023,0.0454263,0.0469711,0.0438749,0.00846792,0.140527,0.0281454
0.115687,0.0662126,0.107032,0.119685,0.111208,0.0661283,0.233388,0.143261
0.122189,0.0756941,0.102676,0.104698,0.124674,0.0756415,0.243091,0.195115
0.198591,0.146151,0.168637,0.173501,0.201129,0.146087,0.302489,0.282957
0.210783,0.167509,0.168015,0.171444,0.221112,0.167473,0.378279,0.410519
0.392847,0.345527,0.373367,0.378647,0.369679,0.345415,0.49854,0.505251
0.421566,0.396849,0.370255,0.372671,0.417897,0.396805,0.505206,0.597615
0.361691,0.362279,0.332296,0.338366,0.348393,0.362242,0.305265,0.36307
0.394744,0.423323,0.328563,0.331877,0.403997,0.423366,0.309725,0.43895
0.0335952,0.00476561,0.0367144,0.0489267,0.0286707,0.00470622,0.126438,0.0135116
0.0360336,0.00519964,0.033603,0.035274,0.0347524,0.00515945,0.102355,0.0166325
0.0961799,0.0269363,0.0846297,0.0970949,0.0955691,0.026837,0.304846,0.0936092
0.100786,0.0311445,0.0815184,0.0833508,0.105126,0.0310689,0.319019,0.132109
0.195069,0.191715,0.181083,0.182228,0.186794,0.191692,0.33494,0.391433
0.187212,0.174634,0.183572,0.192518,0.172459,0.174577,0.368556,0.371297
0.502303,0.37076,0.538892,0.544563,0.429626,0.37045,0.620331,0.468819
0.570306,0.487774,0.540137,0.543046,0.537793,0.487604,0.790514,0.78857
0.379572,0.41206,0.366521,0.371593,0.353171,0.412036,0.285786,0.352054
0.411542,0.464411,0.364655,0.366969,0.405734,0.464455,0.328267,0.461574
0.0146302,0.00394797,0.0174238,0.0294072,0.0117289,0.00391435,0.123353,0.0182413
0.0143593,0.00460144,0.0136901,0.01506,0.013901,0.00458822,0.143159,0.0484551
0.164996,0.0633572,0.144991,0.149403,0.163771,0.0632289,0.302852,0.142393
0.172311,0.0694753,0.144368,0.147868,0.175934,0.0693563,0.397524,0.207146
0.116771,0.110068,0.11761,0.134708,0.10556,0.110014,0.278321,0.252524
0.122731,0.134416,0.110765,0.112009,0.119896,0.134422,0.297803,0.397054
0.282037,0.380005,0.246422,0.258222,0.280626,0.380099,0.324249,0.530251
0.300732,0.434707,0.243933,0.2451,0.312337,0.434883,0.31747,0.625796
0.330263,0.340213,0.330429,0.337991,0.299305,0.34015,0.307638,0.343958
0.356272,0.410908,0.32794,0.32888,0.342745,0.410941,0.303516,0.421332
0.0325115,0.00590754,0.0354698,0.0391304,0.0278019,0.0058629,0.0950623,0.0158237
0.0395557,0.00715114,0.033603,0.0345064,0.0403997,0.00711428,0.114691,0.0262702
0.0745056,0.0522463,0.0808961,0.0919043,0.0634231,0.0521837,0.380933,0.240297
0.0774858,0.0598559,0.0777847,0.0790741,0.0703736,0.0598197,0.328848,0.276379
0.319967,0.215015,0.298693,0.304298,0.304952,0.214852,0.465849,0.365416
0.335952,0.237439,0.295582,0.298431,0.332754,0.237311,0.64209,0.567244
0.30913,0.234252,0.306783,0.311718,0.281929,0.234102,0.404318,0.337338
0.351395,0.329784,0.304916,0.307094,0.350999,0.329751,0.414185,0.494095
0.534002,0.478677,0.504045,0.510788,0.504778,0.47854,0.39729,0.41351
0.563533,0.534112,0.503423,0.507407,0.552563,0.534045,0.448278,0.524167
0.053644,0.0105753,0.0578718,0.0622687,0.0460469,0.0105045,0.0654217,0.0122611
0.057437,0.0109569,0.0566273,0.0582661,0.0529974,0.010892,0.167367,0.0347587
0.0509347,0.0383127,0.0566273,0.0708861,0.0425717,0.0382625,0.151346,0.0907578
0.0531021,0.046761,0.0497822,0.0511108,0.0508254,0.0467478,0.226331,0.229982
0.151991,0.129184,0.151213,0.155928,0.138575,0.129124,0.290678,0.267421
0.16608,0.155511,0.149347,0.151194,0.162467,0.155488,0.313379,0.358042
0.383907,0.357366,0.383323,0.3887,0.348393,0.357255,0.47699,0.48705
0.412083,0.413825,0.382701,0.385318,0.394005,0.413784,0.59907,0.714713
0.369818,0.441339,0.348475,0.352146,0.35013,0.441376,0.308766,0.429947
0.399079,0.527481,0.345364,0.346279,0.399218,0.527627,0.349698,0.591962
0.0428068,0.0133148,0.0410703,0.0455638,0.0403997,0.01327,0.124339,0.0402309
0.0479545,0.0137856,0.0398258,0.0415612,0.0495222,0.0137468,0.11533,0.0423799
0.0596044,0.0398986,0.0603609,0.064535,0.0538662,0.039859,0.154523,0.106029
0.0680033,0.0489875,0.0597386,0.0611538,0.0677672,0.0489631,0.250619,0.222926
0.152533,0.126127,0.15308,0.157024,0.138141,0.126062,0.266992,0.238132
0.159577,0.145471,0.151213,0.1524,0.150738,0.145435,0.349414,0.370445
0.333785,0.328873,0.306161,0.319522,0.321894,0.328822,0.380998,0.435596
0.358439,0.384517,0.301805,0.304535,0.364466,0.384552,0.449532,0.630636
0.449472,0.383862,0.407592,0.413008,0.436577,0.383748,0.29394,0.303422
0.477106,0.442915,0.406347,0.409919,0.481755,0.442874,0.292081,0.35058
0.0433487,0.0107428,0.0429371,0.0451069,0.0399652,0.0106956,0.0917656,0.0241737
0.0487673,0.0115277,0.0423149,0.0436447,0.0490877,0.0114834,0.0975544,0.0285159
0.206719,0.0664302,0.22962,0.235943,0.17159,0.0661871,0.475028,0.148042
0.219453,0.0777374,0.228998,0.232671,0.192441,0.077512,0.9326,0.345161
0.193444,0.160354,0.204107,0.215217,0.168115,0.160249,0.50449,0.417323
0.21566,0.199576,0.200373,0.202698,0.206342,0.199534,0.52333,0.572327
0.472772,0.406807,0.457996,0.463561,0.438749,0.406651,0.57157,0.557039
0.496613,0.445379,0.456129,0.458937,0.47828,0.445274,0.752515,0.81113
0.37307,0.434119,0.342253,0.352402,0.359687,0.434147,0.2158,0.29536
0.392306,0.48275,0.340386,0.341747,0.391833,0.48285,0.212057,0.332859
0.0235708,0.0120008,0.0261357,0.0381069,0.0199826,0.0119647,0.317804,0.110855
0.023029,0.0119919,0.022402,0.0237597,0.0217202,0.0119754,0.274268,0.153576
0.0896776,0.0492214,0.0933416,0.098685,0.0790617,0.049146,0.244615,0.135338
0.100515,0.0565297,0.0920971,0.0946824,0.0973067,0.0564683,0.315176,0.208828
0.0796532,0.0983048,0.0734287,0.0747243,0.0768897,0.0983197,0.218791,0.319822
0.0709835,0.0719264,0.0759179,0.085014,0.0612511,0.0718963,0.264118,0.24815
0.447033,0.369387,0.426882,0.43154,0.419201,0.369231,0.446348,0.424278
0.47223,0.408005,0.427505,0.429511,0.459166,0.407897,0.454594,0.479623
0.415606,0.340452,0.400747,0.412258,0.387055,0.340289,0.274019,0.25128
0.440802,0.405038,0.39888,0.401329,0.428758,0.404965,0.28453,0.318967
0.038472,0.00763152,0.040448,0.052911,0.0338836,0.00757003,0.203865,0.0324036
0.0417231,0.00831527,0.0367144,0.0385638,0.0417029,0.00827423,0.163706,0.0390223
0.0715253,0.0464658,0.0690728,0.0743404,0.0668983,0.0464204,0.24451,0.169622
0.0839881,0.0620592,0.0678283,0.0703378,0.0877498,0.0620375,0.255969,0.250815
0.185045,0.157821,0.196017,0.208985,0.160295,0.157722,0.496676,0.416439
0.203739,0.184738,0.18855,0.190891,0.195482,0.184695,0.482382,0.518516
0.340558,0.317461,0.359054,0.36271,0.29583,0.317338,0.519045,0.504507
0.359252,0.358352,0.358432,0.359329,0.326238,0.358282,0.577199,0.63938
0.390138,0.364262,0.393279,0.39728,0.351434,0.364147,0.261836,0.26663
0.42563,0.447985,0.392657,0.393899,0.408775,0.447972,0.334256,0.422324
0.0124627,0.00395055,0.0155569,0.0256239,0.00955691,0.0039221,0.306307,0.0520871
0.0119209,0.00475482,0.0124456,0.0138172,0.0108601,0.00474347,0,0
0.0698998,0.0429303,0.06285,0.0661799,0.068636,0.042892,0.233832,0.168366
0.0799241,0.0514938,0.0622278,0.0628718,0.0851434,0.05147,0.246463,0.224156
0.11379,0.100616,0.105787,0.112411,0.109036,0.100582,0.238111,0.236698
0.124357,0.131211,0.103298,0.104552,0.127715,0.131224,0.249873,0.348419
0.388242,0.468113,0.341008,0.346773,0.384883,0.468188,0.307886,0.461813
0.410187,0.511249,0.339764,0.34277,0.420938,0.511381,0.43046,0.713468
0.646708,0.657511,0.60921,0.612808,0.612076,0.657444,0.360154,0.429263
0.671634,0.700897,0.608587,0.610341,0.652476,0.700885,0.358913,0.457893
0.0135465,0.00514719,0.0155569,0.0248563,0.0112945,0.0051212,0.248511,0.0568828
0.0130046,0.00620211,0.0124456,0.0138172,0.0125977,0.00619246,0.159065,0.0791989
0.0587917,0.0303303,0.0647169,0.0695519,0.0495222,0.0302726,0.210158,0.101622
0.069087,0.0377611,0.0653391,0.0681446,0.0655951,0.037714,0.276889,0.170246
0.169602,0.201471,0.150591,0.162343,0.167246,0.201487,0.429079,0.591632
0.178271,0.225599,0.146857,0.14805,0.183753,0.225663,0.416508,0.7053
0.631536,0.478876,0.647169,0.652176,0.561251,0.478546,0.606934,0.494767
0.648876,0.501006,0.647791,0.650038,0.588619,0.500705,0.99594,0.85227
0.566242,0.569325,0.549471,0.559897,0.524761,0.569227,0.286296,0.323365
0.59469,0.629998,0.546982,0.547615,0.572111,0.629989,0.307167,0.392584
0.0159848,0.008232,0.0149347,0.0163028,0.0156386,0.00822133,0,0
0.0143593,0.00659367,0.0143124,0.0156083,0.0134666,0.00658202,0,0
0.0988892,0.0565662,0.0952085,0.100366,0.0925282,0.0564971,0.240277,0.150263
0.109185,0.0676623,0.096453,0.0996902,0.108167,0.0676071,0.271022,0.204195
0.420211,0.329017,0.373367,0.387219,0.413553,0.328874,0.648035,0.611465
0.423192,0.329464,0.369633,0.372854,0.420938,0.329342,0.669351,0.656845
0.269846,0.312423,0.264468,0.276133,0.24848,0.312413,0.285649,0.35904
0.287185,0.361426,0.258867,0.259904,0.280191,0.361496,0.275428,0.425598
0.242211,0.291821,0.22962,0.241335,0.228497,0.291834,0.217381,0.292037
0.261176,0.351191,0.225264,0.226348,0.261946,0.351295,0.211655,0.364943
0.0761311,0.00876044,0.0659614,0.0673679,0.0764553,0.00868049,0.319016,0.0456672
0.0723381,0.00816215,0.067206,0.0745506,0.0695048,0.00807167,0.392583,0.047222
0.038201,0.0340403,0.0367144,0.0439189,0.0360556,0.034022,0.192156,0.165373
0.0425359,0.0481245,0.0342253,0.0342505,0.0447437,0.048136,0.174923,0.273118
0.231374,0.216953,0.222775,0.228742,0.215899,0.216896,0.359911,0.379142
0.247629,0.242117,0.220909,0.224045,0.243267,0.242096,0.545708,0.655108
0.520184,0.345704,0.495333,0.500882,0.488705,0.345426,0.59259,0.454019
0.581143,0.506562,0.495333,0.498122,0.586447,0.506475,0.707608,0.799311
0.488215,0.428262,0.47542,0.480704,0.451347,0.428107,0.371086,0.367155
0.520997,0.503485,0.471686,0.474216,0.506516,0.503428,0.375546,0.442919
0.0476836,0.0134574,0.0541381,0.0591251,0.0390964,0.0133942,0.14225,0.0358014
0.0517475,0.0139194,0.0528936,0.0551225,0.0464813,0.0138622,0.149196,0.0416831
0.0566242,0.0330754,0.0566273,0.0698992,0.0516942,0.0330205,0.133657,0.0701458
0.0644812,0.0381483,0.0528936,0.0555337,0.0668983,0.038119,0.184416,0.140632
0.170685,0.0984433,0.168637,0.181935,0.156386,0.0983115,0.419831,0.252036
0.18667,0.125551,0.164281,0.166839,0.185056,0.125471,0.413379,0.34538
0.269846,0.269136,0.2458,0.251149,0.261512,0.269109,0.280311,0.333685
0.290436,0.308946,0.242688,0.245282,0.296699,0.308974,0.3228,0.451741
0.711731,0.61315,0.670815,0.676448,0.673328,0.612944,0.46853,0.471654
0.735573,0.653604,0.668948,0.671824,0.712858,0.653451,0.572714,0.618865
0.0953671,0.0129911,0.107032,0.111396,0.0786273,0.0128558,0.331938,0.0425585
0.101869,0.0136197,0.105787,0.107394,0.0899218,0.0134907,0.391612,0.0546525
0.0950962,0.0639461,0.0939639,0.110035,0.0873154,0.0638723,0.317238,0.204582
0.100786,0.0737893,0.0883634,0.0922699,0.100348,0.0737514,0.364725,0.323875
0.259008,0.224474,0.234599,0.240329,0.251955,0.22441,0.463043,0.480349
0.27391,0.244112,0.233354,0.236327,0.276716,0.244077,0.483327,0.554568
0.298293,0.328386,0.282514,0.287374,0.281494,0.32838,0.351995,0.446854
0.327012,0.385164,0.280025,0.282128,0.329279,0.385231,0.374556,0.568188
0.344622,0.306881,0.304916,0.310073,0.340139,0.306818,0.249701,0.274497
0.38201,0.37777,0.301805,0.304206,0.402259,0.377798,0.259266,0.357716
0.0111081,0.00246758,0.011201,0.0150052,0.0104257,0.00245193,0.0143032,0.00259659
0.015172,0.00270474,0.00995644,0.0110026,0.0178106,0.00269485,0.0244424,0.00665097
0.0788404,0.0583724,0.0796515,0.08739,0.0712424,0.0583232,0.142222,0.10545
0.0829044,0.0677326,0.0765401,0.0777582,0.0799305,0.0677075,0.232894,0.225294
0.414522,0.317831,0.351587,0.356048,0.419635,0.317718,0.462083,0.458093
0.419128,0.319942,0.350965,0.353508,0.427454,0.319835,0.514163,0.516807
0.229477,0.293031,0.214686,0.226421,0.218506,0.293066,0.243726,0.350471
0.248713,0.352412,0.21033,0.211434,0.252389,0.352537,0.328425,0.608369
0.641561,0.539408,0.54636,0.55191,0.647698,0.539287,0.472468,0.51289
0.665402,0.586669,0.543871,0.546665,0.687663,0.58661,0.500032,0.59611
0.0205906,0.00414937,0.0236465,0.027214,0.0169418,0.00411898,0.065668,0.0110421
0.0238418,0.00493223,0.0217797,0.02259,0.0234579,0.00490908,0.0690996,0.0166825
0.0308859,0.0178907,0.0373367,0.0476565,0.0238923,0.0178484,0.163228,0.0679163
0.0371173,0.0276046,0.033603,0.0338484,0.03649,0.0275926,0.144851,0.131183
0.117583,0.0625578,0.116988,0.127297,0.107298,0.0624588,0.237401,0.129407
0.127608,0.086581,0.110143,0.112475,0.128149,0.0865304,0.218962,0.187147
0.251422,0.274627,0.228376,0.233969,0.244136,0.274631,0.222738,0.290459
0.279328,0.332679,0.225887,0.228724,0.290617,0.332757,0.345395,0.558255
0.270387,0.302153,0.268202,0.279862,0.246742,0.302125,0.226882,0.27211
0.300461,0.396604,0.261357,0.262389,0.299739,0.396711,0.237142,0.398324
0.0300732,0.00559719,0.033603,0.0432244,0.0251955,0.00554658,0.120002,0.0171075
0.0333243,0.00624244,0.0304916,0.0311069,0.0325804,0.00620918,0.125433,0.0278157
0.072609,0.0594534,0.0752956,0.0872255,0.0642919,0.0594056,0.313247,0.237013
0.0758602,0.0688407,0.0734287,0.0747243,0.070808,0.068821,0.304061,0.311115
0.214305,0.135219,0.210952,0.216899,0.196785,0.135082,0.290035,0.200675
0.226226,0.155052,0.209085,0.21095,0.217202,0.154947,0.361113,0.294678
0.454077,0.347936,0.418793,0.424266,0.436142,0.347765,0.356062,0.324245
0.479274,0.402714,0.418793,0.421579,0.476542,0.40261,0.536173,0.568868
0.396099,0.301567,0.386434,0.391587,0.365769,0.301386,0.27853,0.238158
0.424275,0.360985,0.385812,0.388206,0.411381,0.360878,0.311164,0.321357
0.0214034,0.00463408,0.0242688,0.0362427,0.0178106,0.0045919,0.130332,0.0183452
0.0205906,0.00543488,0.0205352,0.0218955,0.0191138,0.00541327,0.105723,0.0290385
0.0465998,0.0409733,0.0466708,0.0553966,0.0425717,0.0409475,0.18121,0.148808
0.0484963,0.0482325,0.0429371,0.0442753,0.0482189,0.0482304,0.174642,0.211353
0.134381,0.0990131,0.135657,0.139725,0.121199,0.0989398,0.242362,0.190661
0.148469,0.117804,0.136901,0.140374,0.142919,0.117751,0.349957,0.326132
0.465186,0.440705,0.438083,0.443383,0.440487,0.440616,0.541956,0.598336
0.50149,0.472175,0.435594,0.438138,0.500434,0.47213,0.642568,0.769254
0.482254,0.494837,0.476665,0.488033,0.440921,0.49475,0.388106,0.437106
0.502032,0.549479,0.472931,0.473595,0.475239,0.549476,0.444524,0.572977
0.0479545,0.0134033,0.0541381,0.0586133,0.0395308,0.0133407,0.0983021,0.0248569
0.0522894,0.0138636,0.0528936,0.0546108,0.0473501,0.013807,0.148826,0.0418024
0.0661067,0.0528483,0.0703174,0.0822542,0.0573414,0.0527996,0.167461,0.119423
0.0680033,0.0609173,0.0659614,0.0672674,0.0634231,0.0608985,0.249855,0.2513
0.189921,0.112978,0.192284,0.203849,0.170721,0.112834,0.361772,0.222467
0.205093,0.136168,0.189795,0.192499,0.196785,0.136066,0.483764,0.379887
0.284205,0.333037,0.252645,0.256449,0.279757,0.333078,0.318173,0.4591
0.318071,0.426034,0.2514,0.252447,0.334926,0.42619,0.40123,0.752536
0.360065,0.357884,0.334163,0.339389,0.344483,0.35784,0.261666,0.306507
0.391222,0.421777,0.332296,0.334765,0.395743,0.421814,0.268873,0.376383
0.0170685,0.00373248,0.0199129,0.0231566,0.013901,0.00370716,0.0470123,0.0083614
0.0208616,0.00403724,0.0186683,0.019154,0.0208514,0.00401775,0.0404769,0.00943261
0.0292604,0.0313827,0.0248911,0.0262545,0.0299739,0.0313855,0.0895264,0.118899
0.0254674,0.0205918,0.0255134,0.0294163,0.0234579,0.0205776,0.107959,0.0839009
0.0820916,0.0870133,0.078407,0.0831133,0.0773241,0.0870034,0.150462,0.174982
0.0894067,0.101022,0.0759179,0.0777947,0.0907906,0.101036,0.190405,0.27473
0.411542,0.421191,0.375233,0.38106,0.398349,0.421165,0.463737,0.569418
0.440531,0.461172,0.373367,0.376436,0.446134,0.461199,0.597687,0.813526
0.599296,0.669713,0.522091,0.527895,0.596872,0.669777,0.12886,0.181636
0.617177,0.70588,0.521469,0.524514,0.625977,0.705991,0.130774,0.195553
0.0211325,0.00437577,0.0242688,0.0273968,0.0173762,0.0043454,0.0623341,0.0109839
0.0246546,0.00492767,0.0230243,0.0232114,0.0238923,0.00490367,0.101103,0.0237293
0.0558114,0.0378993,0.0547604,0.0667191,0.0516942,0.0378544,0.256403,0.161618
0.0655649,0.0721062,0.0504045,0.0517322,0.0703736,0.0721218,0.278108,0.430744
0.175562,0.140102,0.169259,0.175264,0.163771,0.140028,0.356944,0.316827
0.197237,0.168367,0.16677,0.170019,0.200261,0.168334,0.367506,0.404239
0.322948,0.2144,0.320473,0.323552,0.294526,0.214211,0.412431,0.303353
0.350853,0.26332,0.317984,0.319074,0.341008,0.263194,0.495033,0.453647
0.554863,0.590629,0.537026,0.54831,0.515204,0.590572,0.464456,0.555766
0.571932,0.638049,0.533292,0.533944,0.545178,0.638067,0.4754,0.631146
0.0281766,0.00391439,0.0298693,0.0332819,0.0247611,0.00387542,0.138236,0.0178827
0.0316987,0.00425166,0.0286248,0.0305221,0.0312772,0.00421686,0.16072,0.0246687
0.053644,0.0475327,0.056005,0.0686564,0.0473501,0.0474964,0.210319,0.161644
0.057437,0.0601989,0.0535159,0.0555337,0.0551694,0.0601954,0.215058,0.258978
0.132213,0.106914,0.1257,0.131656,0.124674,0.106861,0.244862,0.220799
0.142238,0.124875,0.123833,0.125707,0.14205,0.124851,0.245552,0.270941
0.202926,0.192231,0.168015,0.178974,0.208514,0.192213,0.302074,0.360417
0.228664,0.277425,0.163659,0.163503,0.252824,0.277528,0.286164,0.53963
0.763208,0.678966,0.696329,0.701706,0.738054,0.678803,0.551922,0.593152
0.783257,0.714623,0.694462,0.697082,0.771503,0.714508,0.562522,0.640564
0.00623137,0.00334679,0.00622278,0.00753,0.00608167,0.0033424,0,0
0.00514766,0.00333952,0.00622278,0.00753,0.00434405,0.00333512,0,0
0.0850718,0.0600845,0.0914748,0.0959435,0.07298,0.0600255,0.347051,0.24122
0.0991601,0.0748005,0.0908525,0.0925623,0.0960035,0.0747634,0.372123,0.33392
0.105121,0.0871017,0.102054,0.107494,0.0977411,0.0870586,0.251513,0.226301
0.119209,0.11797,0.100187,0.101545,0.121633,0.117971,0.27383,0.353424
0.189921,0.213136,0.170504,0.174424,0.185925,0.213149,0.232717,0.315942
0.208616,0.270884,0.167393,0.168557,0.218071,0.270973,0.284388,0.507915
0.504741,0.654522,0.445551,0.445878,0.498697,0.65468,0.374073,0.610196
0.522623,0.703318,0.445551,0.445805,0.527368,0.703534,0.391715,0.686769
0.0254674,0.0039622,0.0304916,0.0421278,0.0199826,0.00391118,0.0612446,0.00631696
0.0279057,0.00430568,0.0255134,0.0265378,0.0273675,0.0042764,0.0508276,0.00909944
0.0227581,0.0238238,0.0192906,0.0220965,0.0234579,0.0238235,0.0727088,0.0870901
0.0281766,0.0409295,0.018046,0.0180939,0.0330148,0.0409546,0.0871352,0.219111
0.18369,0.15155,0.182327,0.189612,0.16768,0.15147,0.328681,0.291701
0.191818,0.171459,0.179216,0.180574,0.182884,0.171415,0.341449,0.360097
0.165538,0.146135,0.164281,0.169854,0.151173,0.146076,0.228572,0.218386
0.188567,0.198857,0.162414,0.165157,0.189401,0.198866,0.257717,0.344751
0.669195,0.686087,0.600498,0.605936,0.654214,0.686063,0.432996,0.544655
0.689786,0.721691,0.599253,0.602007,0.688097,0.721714,0.479099,0.638101
0.0417231,0.00910413,0.0441817,0.0560181,0.03649,0.00904011,0.210051,0.0376591
0.0436196,0.00937277,0.040448,0.0416709,0.0421373,0.00932871,0.193816,0.0482036
0.101869,0.0645706,0.105787,0.1191,0.0899218,0.0644852,0.442879,0.2664
0.11081,0.0775261,0.102054,0.104735,0.106864,0.0774755,0.505155,0.415145
0.175833,0.172906,0.156814,0.160807,0.172893,0.17289,0.374893,0.447787
0.193173,0.203586,0.156192,0.159272,0.201129,0.203608,0.417606,0.593091
0.325115,0.309619,0.321717,0.331256,0.297133,0.30953,0.361909,0.375699
0.348144,0.362388,0.318606,0.321204,0.336229,0.362375,0.413841,0.518694
0.804931,0.777459,0.762912,0.772738,0.758471,0.777314,0.551766,0.616622
0.819561,0.809274,0.762912,0.76434,0.781929,0.809177,0.547117,0.643484
0.0433487,0.0134069,0.0429371,0.047428,0.0399652,0.0133597,0.105276,0.0329453
0.0484963,0.0138904,0.0416926,0.0434254,0.0490877,0.0138492,0.120974,0.042862
0.0371173,0.023179,0.0373367,0.0464593,0.0338836,0.0231445,0.122242,0.0676544
0.0406394,0.0362039,0.0348475,0.036197,0.0412685,0.0361988,0.201472,0.223839
0.308318,0.269295,0.262601,0.268585,0.311468,0.269245,0.614032,0.683844
0.322135,0.284601,0.261357,0.264583,0.334492,0.284574,0.653656,0.781058
0.107288,0.124694,0.100809,0.103912,0.102085,0.1247,0.154821,0.20641
0.122731,0.167023,0.100187,0.10012,0.127281,0.167083,0.165995,0.307758
0.236521,0.225361,0.230243,0.235833,0.21894,0.225304,0.191561,0.203317
0.264969,0.291488,0.228376,0.231209,0.265856,0.291515,0.191217,0.267845
0.0476836,0.0113033,0.0429371,0.0470259,0.0469157,0.0112542,0.0540941,0.0143823
0.0514766,0.0116849,0.0416926,0.0430233,0.0538662,0.0116417,0.0847363,0.0254732
0.0644812,0.0620406,0.0634723,0.0754188,0.0595135,0.062012,0.114819,0.104885
0.0658358,0.0675373,0.0603609,0.0616747,0.0638575,0.0675339,0.239725,0.291628
0.27418,0.218022,0.220286,0.226658,0.286273,0.217969,0.287375,0.307024
0.287456,0.23095,0.217797,0.22134,0.309296,0.23092,0.457163,0.529874
0.176375,0.244028,0.146235,0.14795,0.181147,0.244113,0.251099,0.460279
0.186399,0.266948,0.146857,0.14805,0.196785,0.26706,0.251808,0.504625
0.385803,0.322138,0.413192,0.417979,0.330582,0.321945,0.260847,0.22321
0.418315,0.392537,0.413815,0.41584,0.382276,0.39243,0.269883,0.282951
0.0476836,0.0134326,0.0510268,0.0626342,0.0412685,0.0133646,0.111432,0.0264154
0.0506638,0.0138009,0.0472931,0.048287,0.0486533,0.013753,0.100489,0.0317971
0.0991601,0.0876068,0.0945862,0.106489,0.093397,0.0875656,0.236417,0.215977
0.101328,0.0942639,0.0908525,0.0921237,0.0994787,0.0942501,0.293292,0.333359
0.277703,0.21704,0.245177,0.25008,0.274544,0.216954,0.34737,0.334797
0.287727,0.235865,0.244555,0.248024,0.291051,0.235804,0.434036,0.458441
0.294229,0.321444,0.265713,0.273666,0.286707,0.321448,0.351321,0.458452
0.314278,0.357313,0.263846,0.26535,0.320156,0.35737,0.390251,0.583907
0.319426,0.372865,0.289359,0.294291,0.310599,0.372901,0.225677,0.317691
0.34977,0.44248,0.287492,0.287821,0.360556,0.442606,0.247438,0.422728
0.0647521,0.0665006,0.0640946,0.064005,0.0595135,0.0664929,0.535531,0.618083
0.0669195,0.0736935,0.0634723,0.0633836,0.0634231,0.073695,0.530464,0.685201
0.0487673,0.0134234,0.0441817,0.0482687,0.0477845,0.013375,0.056566,0.0174134
0.0525603,0.013805,0.0429371,0.0442661,0.054735,0.0137625,0.146783,0.0506994
0.136819,0.119158,0.1257,0.130669,0.132059,0.11912,0.210912,0.213606
0.141967,0.121036,0.124456,0.126667,0.141182,0.121007,0.277911,0.294954
0.150095,0.14128,0.148102,0.15993,0.137706,0.141228,0.248145,0.243443
0.161203,0.169264,0.143124,0.144322,0.158992,0.169266,0.23702,0.308833
0.383094,0.285322,0.421904,0.427775,0.320156,0.285073,0.620747,0.459574
0.439447,0.378401,0.421282,0.424394,0.410947,0.378265,0.71119,0.704228
0.368735,0.377575,0.344119,0.349661,0.351434,0.377541,0.283678,0.340286
0.401517,0.447543,0.342253,0.345037,0.4053,0.447597,0.28852,0.415813
0.0476836,0.0134205,0.0472931,0.0517413,0.0438749,0.0133673,0.0465289,0.0133546
0.0522894,0.0139239,0.0460485,0.0477387,0.0521286,0.0138768,0.101332,0.0327241
0.0373882,0.018884,0.0423149,0.0542909,0.0308427,0.0188338,0.106586,0.0410783
0.0376592,0.0229445,0.0385812,0.0399254,0.0338836,0.0229188,0.214177,0.136589
0.199133,0.161916,0.179838,0.18539,0.194179,0.161854,0.218665,0.212088
0.209428,0.175701,0.179216,0.182008,0.211121,0.175659,0.226181,0.242514
0.326741,0.327569,0.30056,0.308373,0.314509,0.327532,0.40262,0.475087
0.353834,0.380924,0.298071,0.29982,0.359687,0.380962,0.40233,0.567942
0.406394,0.402948,0.393902,0.40725,0.377063,0.402864,0.310508,0.341248
0.772148,0.843855,0.712508,0.7162,0.741095,0.843865,0.00118238,0.00154774
0.0560824,0.0135188,0.0640946,0.0682634,0.0456125,0.0134432,0.133068,0.0291132
0.0620428,0.0141457,0.06285,0.0642608,0.0560382,0.0140763,0.15187,0.0369585
0.144405,0.117392,0.137523,0.142805,0.135969,0.117336,0.267523,0.244201
0.151179,0.120301,0.136279,0.138802,0.147698,0.120254,0.514488,0.495199
0.0972636,0.11039,0.0908525,0.102761,0.0929626,0.110381,0.264754,0.315944
0.668653,0.612787,0.58743,0.589213,0.662467,0.6127,0.000966486,0.00111653
0.368735,0.296845,0.3771,0.382485,0.32841,0.296671,0.312757,0.269505
0.398266,0.353987,0.379589,0.382211,0.374023,0.35388,0.343192,0.353012
0.3644,0.430355,0.341008,0.345676,0.346655,0.430388,0.256578,0.354904
0.397995,0.500151,0.338519,0.340321,0.402259,0.500273,0.288059,0.470436
0.0170685,0.00573512,0.0217797,0.033757,0.0125977,0.00569763,0.367384,0.0688892
0.0173395,0.00823986,0.018046,0.0194098,0.0156386,0.00822494,0.261688,0.123196
0.167163,0.126705,0.162414,0.181497,0.155083,0.126607,0.692467,0.536645
0.168518,0.128047,0.156192,0.159418,0.161599,0.127981,0.696277,0.620995
0.230561,0.168623,0.250778,0.25623,0.195048,0.168471,0.580205,0.423817
0.263614,0.215605,0.247666,0.250363,0.250217,0.215517,0.65922,0.630436
0.219724,0.236807,0.217175,0.228906,0.201129,0.236773,0.222188,0.255326
0.247358,0.318802,0.214063,0.215162,0.247611,0.318883,0.219727,0.361784
0.393931,0.436908,0.3771,0.389376,0.36881,0.436889,0.240683,0.300018
0.408561,0.475436,0.370877,0.372415,0.396612,0.475485,0.249227,0.353513
0.0292604,0.00490899,0.033603,0.0455638,0.0238923,0.00485437,0.102634,0.012148
0.0316987,0.00564712,0.0304916,0.031838,0.0299739,0.00561215,0.132292,0.0259071
0.195882,0.132069,0.168015,0.17435,0.19722,0.131987,0.40833,0.343417
0.201571,0.132695,0.16677,0.170348,0.207211,0.132619,0.43397,0.375343
0.186941,0.147229,0.161792,0.171965,0.187228,0.147168,0.407828,0.387747
0.201571,0.161341,0.159925,0.162745,0.21199,0.16131,0.4105,0.452029
0.312381,0.250615,0.285625,0.291029,0.301911,0.250512,0.441678,0.422375
0.341371,0.303483,0.285625,0.288269,0.348393,0.303446,0.471179,0.551023
0.385803,0.393255,0.365277,0.370532,0.364031,0.39321,0.284796,0.335764
0.422379,0.47535,0.364032,0.36653,0.423545,0.475407,0.292098,0.420907
0.0522894,0.0137304,0.051649,0.0571147,0.0482189,0.0136703,0.0756143,0.0201065
0.0571661,0.0142745,0.0504045,0.0531121,0.056907,0.0142205,0.133641,0.0397521
0.161203,0.0984898,0.13939,0.146131,0.161599,0.0984071,0.248702,0.186064
0.168247,0.10173,0.138768,0.14275,0.173328,0.101656,0.367686,0.290894
0.173666,0.166849,0.176105,0.187894,0.155951,0.16679,0.356756,0.351827
0.182064,0.189993,0.172371,0.173528,0.172024,0.18998,0.35249,0.428732
0.210241,0.246189,0.200996,0.225982,0.19722,0.24617,0.305244,0.36941
0.234083,0.319643,0.19664,0.197763,0.238488,0.319749,0.274948,0.493872
0.540504,0.426462,0.484754,0.491341,0.528671,0.426291,0.369975,0.356612
0.568139,0.473752,0.481643,0.485475,0.575152,0.473645,0.395948,0.429166
0.0490382,0.0134423,0.0528936,0.0569684,0.0421373,0.0133821,0.0754272,0.0196842
0.053644,0.013906,0.051649,0.0529659,0.050391,0.0138517,0.13913,0.0404232
0.0452452,0.0304668,0.044804,0.0567765,0.0417029,0.0304268,0.132936,0.0791463
0.0482254,0.043129,0.0410703,0.0424111,0.0490877,0.0431235,0.21492,0.242779
0.209157,0.174345,0.186683,0.192444,0.205474,0.174288,0.393529,0.395948
0.227852,0.198457,0.187928,0.190927,0.234579,0.19843,0.414293,0.478351
0.269575,0.249944,0.269446,0.27267,0.24457,0.249866,0.418156,0.425705
0.289894,0.294813,0.266335,0.266803,0.279322,0.294795,0.427348,0.524579
0.43159,0.4462,0.431861,0.435415,0.390964,0.446129,0.398677,0.453815
0.493091,0.556014,0.431238,0.43196,0.490009,0.556075,0.0007075,0.00101185
0.0433487,0.0134431,0.0435594,0.048086,0.0395308,0.0133951,0.0978141,0.0302711
0.0441615,0.0135696,0.0423149,0.0440834,0.0417029,0.0135272,0.151868,0.0517723
0.206448,0.117244,0.193528,0.199719,0.196351,0.11711,0.429954,0.280091
0.21295,0.11993,0.192284,0.195716,0.207646,0.119805,0.539848,0.36713
0.110539,0.117811,0.101431,0.105109,0.106864,0.117807,0.202511,0.252163
0.117312,0.13693,0.100809,0.101728,0.118158,0.136953,0.246055,0.368014
0.219995,0.238725,0.231487,0.24128,0.191573,0.238677,0.255626,0.280928
0.235708,0.279442,0.228376,0.229382,0.21894,0.279457,0.367811,0.49783
0.346519,0.351349,0.339141,0.34458,0.319288,0.351291,0.277629,0.314443
0.370631,0.399677,0.337897,0.340577,0.358818,0.399681,0.29544,0.385183
0.0495801,0.0134799,0.0479154,0.0517779,0.0464813,0.0134268,0.100946,0.0290817
0.0555405,0.0141068,0.0466708,0.0477753,0.056907,0.0140599,0.108324,0.0354164
0.156326,0.0990544,0.131301,0.137176,0.159427,0.0989846,0.215008,0.172364
0.164454,0.105538,0.130056,0.133173,0.173328,0.105481,0.371977,0.327321
0.185857,0.181187,0.179838,0.191622,0.172893,0.181139,0.423463,0.444716
0.193173,0.202834,0.175482,0.176635,0.187663,0.202832,0.419578,0.535268
0.286914,0.276925,0.290604,0.296201,0.257602,0.276846,0.335674,0.348554
0.302086,0.319284,0.28687,0.287794,0.284535,0.319266,0.330954,0.407886
0.509347,0.420458,0.515246,0.51989,0.457428,0.420241,0.312196,0.28036
0.550799,0.511643,0.515868,0.517751,0.523458,0.511536,0.316064,0.346921
0.0501219,0.0134398,0.0566273,0.0678979,0.0412685,0.0133646,0.134334,0.0293757
0.0531021,0.0138081,0.0528936,0.0535507,0.0486533,0.013753,0.111607,0.0318438
0.102682,0.0645873,0.111388,0.124473,0.0873154,0.0644945,0.207158,0.119247
0.11081,0.0706757,0.107654,0.110108,0.102954,0.0706097,0.23528,0.167622
0.0961799,0.0941001,0.102054,0.10924,0.0834057,0.0940628,0.240805,0.230358
0.10214,0.111347,0.100187,0.101445,0.0942659,0.111341,0.23539,0.287021
0.315633,0.259707,0.293093,0.298595,0.301911,0.259604,0.431166,0.41646
0.336494,0.298049,0.291226,0.293971,0.336664,0.297997,0.443101,0.499012
0.376592,0.336258,0.373989,0.379817,0.34318,0.336134,0.310266,0.305051
0.40829,0.399967,0.372744,0.375741,0.394874,0.399923,0.320032,0.378427
0.0463289,0.0134341,0.0479154,0.0522531,0.0412685,0.0133804,0.0577245,0.0164216
0.0512056,0.0139782,0.0466708,0.0482505,0.0499566,0.0139305,0.127894,0.0410218
0.14874,0.0913396,0.163659,0.168794,0.124674,0.0912175,0.233695,0.140304
0.162829,0.105604,0.16117,0.163549,0.149001,0.105506,0.330193,0.236645
0.10485,0.0864979,0.0970753,0.108975,0.100782,0.086452,0.187321,0.165096
0.116771,0.124007,0.0945862,0.0958521,0.121633,0.124023,0.260836,0.374947
0.353834,0.230292,0.337274,0.344506,0.33232,0.230092,0.400308,0.297029
0.37307,0.272888,0.337274,0.341747,0.363162,0.272741,0.528444,0.468539
0.417502,0.302202,0.409459,0.415749,0.384014,0.301989,0.236663,0.190981
0.451639,0.379871,0.40697,0.410504,0.440487,0.379756,0.307324,0.315853
0.0316987,0.00540104,0.0354698,0.0393497,0.0264987,0.00535551,0.0584193,0.00883315
0.0357627,0.00644327,0.0342253,0.0353471,0.0338836,0.00640443,0.124197,0.025
0.127879,0.0810981,0.107032,0.112319,0.130756,0.0810414,0.130176,0.104348
0.135465,0.086252,0.105787,0.108317,0.143788,0.0862068,0.198305,0.17534
0.188567,0.116611,0.182327,0.203255,0.1755,0.116471,0.336292,0.214089
0.199404,0.142641,0.177971,0.179559,0.195917,0.142565,0.404801,0.357064
0.415335,0.386054,0.410081,0.415493,0.380104,0.385939,0.105732,0.10911
0.439447,0.438081,0.408214,0.410869,0.42007,0.438034,0.115998,0.13739
0.45787,0.438219,0.450529,0.464383,0.42007,0.438099,0.347422,0.364127
0.486589,0.497369,0.447418,0.450639,0.468288,0.497336,0.400208,0.490691
0.019236,0.00549493,0.0217797,0.0319111,0.016073,0.00545969,0.0850852,0.0161726
0.019236,0.00711489,0.0186683,0.0200313,0.018245,0.00709781,0.057371,0.0225844
0.0349499,0.0263933,0.0373367,0.0464593,0.0304083,0.0263626,0.229707,0.144807
0.0387429,0.040257,0.0342253,0.0355756,0.038662,0.0402575,0.199292,0.250545
0.0428068,0.0396985,0.0385812,0.0413602,0.0421373,0.0396904,0.118308,0.12613
0.0493091,0.059257,0.0379589,0.037979,0.0529974,0.0592764,0.120548,0.209025
0.316716,0.370885,0.27878,0.282549,0.31364,0.370935,0.47121,0.687257
0.33812,0.432206,0.277536,0.278546,0.348827,0.432332,0.49478,0.853166
0.365755,0.313717,0.374611,0.379634,0.325369,0.313566,0.320633,0.29422
0.399621,0.414452,0.370255,0.37109,0.382711,0.414431,0.319115,0.395932
0.0406394,0.00874561,0.0342253,0.0383262,0.0417029,0.00870539,0.0814685,0.0205581
0.0474126,0.00964151,0.033603,0.034945,0.0529974,0.00960697,0.0835286,0.0255115
0.0953671,0.0666889,0.0908525,0.11062,0.0899218,0.0666176,0.192962,0.129101
0.100244,0.074807,0.0858743,0.0898574,0.101216,0.0747736,0.240985,0.222785
0.0913032,0.0848477,0.0933416,0.0989409,0.0816681,0.0848136,0.15677,0.149298
0.121105,0.120123,0.0939639,0.0967294,0.129018,0.120133,0.00182028,0.00251155
0.333514,0.44292,0.301805,0.313418,0.3245,0.443012,0.351208,0.551513
0.421566,0.636986,0.296826,0.297736,0.469157,0.637326,0.00556212,0.0132273
0.267136,0.317723,0.264468,0.276133,0.244136,0.317719,0.228029,0.291484
0.293958,0.395433,0.261357,0.262389,0.289314,0.395539,0.250037,0.418744
0.0327824,0.0132212,0.0367144,0.0486708,0.0273675,0.013172,0.221741,0.06667
0.0316987,0.013207,0.0329807,0.0343236,0.0282363,0.0131775,0.182048,0.0776475
0.0704416,0.0415609,0.0734287,0.0769266,0.0621199,0.0415063,0.215913,0.129425
0.0750474,0.0462917,0.0734287,0.0754919,0.0695048,0.0462446,0.36494,0.248361
0.162287,0.104728,0.179838,0.18517,0.1351,0.104599,0.298737,0.187477
0.177459,0.13398,0.179838,0.181195,0.159427,0.133891,0.312532,0.256566
0.463018,0.466289,0.429994,0.438613,0.442659,0.466237,0.504817,0.596156
0.479003,0.489342,0.428127,0.431376,0.469592,0.489326,0.514026,0.647781
0.323219,0.248566,0.319851,0.325206,0.295395,0.248414,0.271564,0.230457
0.348144,0.289764,0.317984,0.320582,0.336664,0.289666,0.295861,0.296993
0.0173395,0.00328789,0.0205352,0.0276709,0.013901,0.00325587,0.0802562,0.0104911
0.0178813,0.00398268,0.018046,0.0187519,0.0165074,0.00396368,0.075222,0.0176644
0.041994,0.0279127,0.0398258,0.0470259,0.0399652,0.027883,0.175178,0.115393
0.0799241,0.100583,0.0398258,0.0410951,0.100782,0.100646,0.000747503,0.00203386
0.217014,0.212006,0.205352,0.213088,0.205039,0.211964,0.371165,0.410177
0.219182,0.218437,0.201618,0.202734,0.211121,0.218417,0.369256,0.441965
0.468437,0.418866,0.378345,0.38329,0.487402,0.418833,0.376038,0.456506
0.503928,0.482827,0.375856,0.378044,0.546047,0.482877,0.48083,0.682316
0.485234,0.389677,0.501556,0.515969,0.428323,0.389429,0.401216,0.336421
0.523435,0.463746,0.4972,0.499694,0.492615,0.463607,0.460767,0.474929
0.0102953,0.00295792,0.0130678,0.0199764,0.00781929,0.00293604,0.0840755,0.0137282
0.011379,0.00402499,0.0124456,0.0138172,0.00999131,0.00401279,0.16261,0.0524654
0.0606882,0.0435571,0.0584941,0.0636669,0.056907,0.043523,0.164117,0.124641
0.0682742,0.0518652,0.0578718,0.0602857,0.0695048,0.0518455,0.208382,0.199094
0.137632,0.109182,0.149347,0.16407,0.116855,0.109088,0.320877,0.23702
0.145218,0.1292,0.143124,0.144751,0.133362,0.129155,0.283971,0.281489
0.399621,0.503858,0.350965,0.356715,0.396177,0.503962,0.344648,0.540943
0.421024,0.537293,0.350342,0.353334,0.43093,0.537441,0.559859,0.946071
0.358169,0.399099,0.316739,0.317621,0.353606,0.399134,0.299647,0.418331
0.334327,0.340966,0.317362,0.324795,0.314944,0.340922,0.306643,0.357585
0.0363045,0.00807315,0.0360921,0.0404098,0.0334492,0.00802929,0.102203,0.0225607
0.0411813,0.00922954,0.0348475,0.0364072,0.0421373,0.00919251,0.117406,0.0329334
0.0509347,0.0380612,0.0572495,0.060176,0.0421373,0.0380254,0.125373,0.0880148
0.0541859,0.0453445,0.0566273,0.0579462,0.0477845,0.0453203,0.258248,0.224391
0.159577,0.131498,0.144991,0.148708,0.155083,0.131451,0.205439,0.201749
0.173666,0.167499,0.143746,0.146625,0.17854,0.167496,0.27979,0.355084
0.296938,0.270188,0.286248,0.291431,0.276716,0.270107,0.399056,0.410899
0.317529,0.318813,0.283136,0.285564,0.311903,0.318798,0.403411,0.500335
0.636684,0.662415,0.591164,0.596469,0.608601,0.662376,0.558514,0.689051
0.662151,0.705718,0.589297,0.59052,0.650738,0.705738,0.56205,0.74625
0.100786,0.0136953,0.113255,0.117464,0.0829713,0.0135526,0.266015,0.0340975
0.106746,0.0143222,0.11201,0.113462,0.093397,0.0141857,0.414702,0.0576021
0.166351,0.107454,0.159925,0.165724,0.155517,0.107355,0.33328,0.239855
0.173666,0.113473,0.158681,0.161721,0.168115,0.113387,0.404499,0.315074
0.112978,0.0831921,0.130056,0.141909,0.0907906,0.0830972,0.284564,0.185121
0.117854,0.101699,0.124456,0.12568,0.10252,0.101648,0.324516,0.29159
0.262801,0.273161,0.253889,0.258268,0.24457,0.273129,0.32585,0.382839
0.28854,0.323333,0.253267,0.255517,0.286273,0.323364,0.37965,0.533771
0.51883,0.549535,0.447418,0.452485,0.519983,0.549561,0.323325,0.436266
0.54809,0.60865,0.446795,0.449104,0.567333,0.60875,0.366112,0.551324
0.0186941,0.00553579,0.022402,0.0258615,0.0147698,0.00550887,0.0669879,0.0158528
0.0195069,0.0057254,0.0205352,0.0199216,0.0173762,0.00570684,0.0546345,0.0173876
0.110268,0.0765817,0.108899,0.120708,0.101216,0.0765081,0.425556,0.299659
0.113248,0.0823548,0.105787,0.107037,0.108167,0.0823067,0.506503,0.432695
0.106204,0.0969901,0.111388,0.11539,0.0929626,0.0969477,0.329794,0.307831
0.118938,0.134478,0.110143,0.111387,0.114248,0.134485,0.339274,0.455081
0.170685,0.154224,0.177349,0.184065,0.150304,0.154155,0.00338228,0.003147
0.197507,0.216389,0.175482,0.179441,0.194613,0.216398,0.00329961,0.00442076
0.741263,0.741271,0.670193,0.676155,0.721112,0.741216,0.565623,0.688852
0.759686,0.778382,0.668326,0.670764,0.751955,0.778377,0.582225,0.750605
0.0314278,0.00569564,0.033603,0.0380703,0.0273675,0.0056522,0.0878604,0.0144919
0.034408,0.00657757,0.0323584,0.0340678,0.0330148,0.00654065,0.167899,0.0358118
0.0964508,0.0527097,0.108276,0.119082,0.0794961,0.0526104,0.458621,0.225103
0.108372,0.0643837,0.108899,0.11168,0.0981755,0.0643083,0.617836,0.395245
0.34977,0.270751,0.298071,0.303896,0.353171,0.270654,0.664174,0.657163
0.359523,0.282211,0.296826,0.299893,0.369679,0.282133,0.749812,0.783682
0.171498,0.169963,0.173615,0.175538,0.154214,0.169923,0.277132,0.298036
0.189651,0.222031,0.172993,0.172751,0.183753,0.222057,0.311908,0.44542
0.418044,0.367425,0.418171,0.424047,0.378801,0.367277,0.245048,0.235794
0.460309,0.455349,0.413192,0.416316,0.450043,0.455314,0.371849,0.45181
0.0352208,0.00910648,0.0323584,0.036791,0.034318,0.00906878,0.0842024,0.0230586
0.0403685,0.0103833,0.0317362,0.0333001,0.0430061,0.0103519,0.107591,0.0371578
0.123273,0.0999696,0.118233,0.126091,0.115552,0.0999161,0.277878,0.244629
0.124898,0.104706,0.116366,0.117601,0.119461,0.104669,0.320917,0.317322
0.323219,0.250145,0.29247,0.298193,0.314509,0.250032,0.631323,0.588097
0.336765,0.267043,0.291848,0.294812,0.336664,0.266954,0.727327,0.731679
0.156597,0.17301,0.150591,0.15823,0.146394,0.172998,0.180723,0.219515
0.178542,0.23451,0.14748,0.147274,0.183753,0.234585,0.200774,0.355291
0.352208,0.295345,0.335408,0.341765,0.331017,0.295225,0.235252,0.225766
0.380385,0.352384,0.332918,0.33652,0.377932,0.352338,0.300027,0.348988
0.0311569,0.00610155,0.0329807,0.0376317,0.0273675,0.00605919,0.0610163,0.0109146
0.0360336,0.00670603,0.0311139,0.0330077,0.03649,0.00667071,0.0838841,0.0188337
0.129504,0.106447,0.123211,0.130176,0.122068,0.106395,0.210118,0.19079
0.133568,0.107581,0.121966,0.1244,0.129453,0.107538,0.349032,0.335203
0.181794,0.139577,0.181705,0.187363,0.165074,0.139486,0.34231,0.283118
0.19534,0.158364,0.179838,0.182739,0.188097,0.158301,0.428534,0.412418
0.126524,0.142999,0.128189,0.131016,0.113814,0.14299,0.213288,0.25861
0.14007,0.183064,0.124456,0.125607,0.138141,0.183109,0.231996,0.375732
0.294771,0.357402,0.271935,0.28359,0.283232,0.357435,0.235956,0.330398
0.330263,0.464989,0.268202,0.269225,0.342745,0.465167,0.229079,0.439724
0.0254674,0.00577562,0.0267579,0.0386186,0.0225891,0.00573152,0.0701127,0.0115603
0.0289894,0.00694387,0.022402,0.0235404,0.0312772,0.00692178,0.04484,0.0146477
0.182606,0.116455,0.15308,0.158888,0.18636,0.116376,0.417097,0.339398
0.187754,0.118117,0.151213,0.154264,0.195917,0.118046,0.460382,0.391385
0.0877811,0.0845512,0.0877411,0.0996537,0.0799305,0.0845158,0.237588,0.223856
0.0950962,0.110397,0.0840075,0.0852882,0.0942659,0.110412,0.223574,0.32155
0.245462,0.234759,0.249533,0.254658,0.219809,0.234688,0.282278,0.289008
0.270929,0.28652,0.248289,0.250656,0.261512,0.286514,0.293588,0.372828
0.417773,0.46398,0.388923,0.394073,0.398784,0.463986,0.312213,0.408395
0.448659,0.520702,0.387679,0.39007,0.449175,0.52078,0.337885,0.501164
0.0447033,0.0120877,0.0479154,0.0517779,0.038662,0.012033,0.132837,0.0342963
0.0484963,0.0124693,0.0466708,0.0477753,0.0456125,0.0124205,0.147799,0.042688
0.0517475,0.0393116,0.0497822,0.0599019,0.0486533,0.0392777,0.177358,0.129198
0.06123,0.0665778,0.0466708,0.0480037,0.0660295,0.0665921,0.267981,0.413001
0.283121,0.267384,0.271313,0.276846,0.264987,0.26732,0.459423,0.492841
0.294771,0.287288,0.270068,0.272844,0.284535,0.287253,0.505528,0.591285
0.190734,0.166487,0.205974,0.214961,0.162467,0.16639,0.276399,0.237686
0.208074,0.219088,0.199751,0.201528,0.194613,0.219071,0.287356,0.347032
0.359794,0.391584,0.343497,0.348929,0.337533,0.391567,0.26996,0.336565
0.388242,0.451037,0.345364,0.348034,0.381842,0.45109,0.27465,0.395478
0.0311569,0.0132015,0.0348475,0.0361878,0.0260643,0.0131695,0,0
0.015172,4.84E-05,0.0348475,0.0361878,0.000434405,9.51E-07,0,0
0.099431,0.0554398,0.110143,0.115573,0.0829713,0.0553485,0.125567,0.0668078
0.11081,0.0641605,0.109521,0.112301,0.101651,0.0640839,0.192742,0.122192
0.109997,0.132725,0.0983199,0.0995805,0.108167,0.132746,0.317926,0.470839
0.0428068,0.000135094,0.0983199,0.0995805,0.000434405,9.51E-07,0.318149,3.37E-06
0.288811,0.274263,0.253267,0.2574,0.286707,0.274233,0.304648,0.360588
0.315904,0.322421,0.252645,0.253909,0.330582,0.322453,0.309659,0.436891
0.40531,0.388676,0.381456,0.386506,0.384014,0.388604,0.242925,0.271346
0.439718,0.453058,0.377722,0.380018,0.44179,0.45307,0.273102,0.361731
0.0176104,0.00579647,0.0192906,0.0293524,0.0152042,0.00576508,0.123219,0.0268869
0.0170685,0.0057858,0.0155569,0.0156083,0.0169418,0.00577321,0.0765006,0.031436
0.15443,0.107207,0.131301,0.136591,0.156386,0.107148,0.257828,0.224694
0.163099,0.112697,0.129434,0.131967,0.17159,0.11265,0.299448,0.28398
0.213221,0.170889,0.204729,0.210575,0.199392,0.170803,0.442042,0.398339
0.226497,0.18815,0.203485,0.206572,0.221546,0.188089,0.456054,0.461326
0.39935,0.358053,0.391413,0.39379,0.367507,0.357935,0.402838,0.406791
0.421295,0.408663,0.388923,0.390463,0.404431,0.408609,0.498795,0.579897
0.604172,0.551257,0.598631,0.603268,0.55126,0.551078,0.462765,0.469639
0.639393,0.621906,0.598009,0.599887,0.608167,0.621815,0.480545,0.553384
0.0241127,0.00676164,0.0267579,0.03065,0.020417,0.00672961,0.0481098,0.0117353
0.0295313,0.0076028,0.0255134,0.0266474,0.0299739,0.00757723,0.0595697,0.0188183
0.0474126,0.0411843,0.0466708,0.0480037,0.0438749,0.0411688,0.316534,0.301588
0.0200488,6.37E-05,0.0460485,0.0473823,0.000434405,9.51E-07,0.312747,6.97E-06
0.154972,0.145562,0.135034,0.15505,0.154648,0.145523,0.306804,0.319904
0.173395,0.20747,0.128811,0.130358,0.188532,0.207536,0.395173,0.698944
0.174208,0.161178,0.170504,0.176142,0.16073,0.161128,0.264903,0.269214
0.203468,0.225569,0.168637,0.172322,0.208949,0.2256,0.25985,0.377938
0.605527,0.714243,0.498444,0.499146,0.623371,0.714398,0.492189,0.782611
0.619344,0.743133,0.499067,0.499767,0.645091,0.743321,0.492847,0.814369
0.0130046,0.00570418,0.0149347,0.0163028,0.0108601,0.00569054,0,0
0.0135465,0.00648948,0.0149347,0.0163028,0.0117289,0.00647677,0,0
0.0899485,0.054634,0.0933416,0.0985753,0.0794961,0.054565,0.233509,0.143599
0.102411,0.0692308,0.0920971,0.0945727,0.100348,0.0691844,0.322055,0.261742
0.186128,0.145517,0.187306,0.20193,0.168115,0.145413,0.474552,0.379654
0.19832,0.17461,0.18046,0.182438,0.192441,0.174567,0.456751,0.485542
0.341642,0.350824,0.343497,0.355052,0.308427,0.350751,0.588149,0.645498
0.35871,0.39209,0.34163,0.342551,0.337098,0.392082,0.580773,0.738514
0.876456,0.692308,1,1,0.707646,0.691752,0.305802,0.235012
0.905717,0.78464,0.996266,0.996272,0.757168,0.784197,0.304672,0.266429
0.0330534,0.00973141,0.0323584,0.03712,0.0308427,0.009694,0.0710816,0.0206231
0.0371173,0.0104662,0.0304916,0.032496,0.038662,0.010436,0.0994602,0.0354858
0.0468708,0.0381624,0.0491599,0.056941,0.0412685,0.0381312,0.170115,0.12656
0.049851,0.0475071,0.0472931,0.0486251,0.0473501,0.0474982,0.229601,0.249167
0.237334,0.260058,0.209085,0.222985,0.235013,0.260059,0.359572,0.46589
0.246275,0.277247,0.204729,0.207998,0.252389,0.277289,0.495875,0.734424
0.238689,0.246726,0.23211,0.24297,0.221112,0.246684,0.36658,0.413483
0.260905,0.287693,0.22962,0.23194,0.258471,0.287714,0.370248,0.510244
0.338933,0.444971,0.285003,0.286003,0.344917,0.445102,0.273153,0.472277
0.361691,0.515045,0.283136,0.284139,0.382711,0.515261,0.2714,0.546774
0.0200488,0.00773884,0.0199129,0.0206892,0.0186794,0.00772158,0.122724,0.0508852
0.0200488,0.00774389,0.0186683,0.0186057,0.0195482,0.00772949,0.24722,0.114101
0.091845,0.0513244,0.0945862,0.100147,0.0816681,0.0512495,0.327274,0.186064
0.102682,0.0557999,0.0927194,0.0955231,0.100348,0.0557365,0.327334,0.212189
0.2013,0.156461,0.192284,0.197379,0.188966,0.156376,0.282818,0.24893
0.216202,0.178839,0.191039,0.193267,0.213727,0.178786,0.283097,0.290945
0.331076,0.278438,0.313006,0.325919,0.312772,0.27832,0.412959,0.39178
0.348686,0.316096,0.309272,0.311554,0.343614,0.316042,0.505493,0.569675
0.646166,0.587099,0.633479,0.638067,0.594266,0.586915,0.443736,0.453455
0.672717,0.642742,0.632234,0.634064,0.637706,0.642628,0.482666,0.543468
0.15741,0.121404,0.140635,0.146716,0.154648,0.121348,0.390715,0.359016
0.163641,0.122845,0.140012,0.143408,0.165074,0.122795,0.394017,0.374819
0.291791,0.175326,0.248911,0.25061,0.294526,0.17519,0.54489,0.423176
0.30615,0.191471,0.248289,0.250363,0.317984,0.191355,0.578426,0.491153
0.190463,0.216442,0.181705,0.192645,0.178975,0.216434,0.290958,0.36316
0.210783,0.276581,0.178594,0.179742,0.213727,0.276661,0.339196,0.580028
0.59171,0.696518,0.519602,0.519497,0.586447,0.696625,0.48722,0.725842
0.609049,0.740214,0.517735,0.517632,0.615552,0.740374,0.485512,0.77149
0.0105662,0.00441506,0.0124456,0.0138172,0.0086881,0.00440332,0,0
0.0108372,0.00462061,0.0124456,0.0138172,0.0091225,0.00460911,0,0
0.133297,0.0379073,0.143124,0.148361,0.114248,0.0377506,0.366808,0.103692
0.143051,0.0429972,0.140012,0.142604,0.132059,0.0428543,0.393248,0.13129
0.256841,0.173566,0.22402,0.237606,0.255864,0.173446,0.433332,0.351421
0.269304,0.199807,0.219664,0.222619,0.278888,0.199738,0.469232,0.46772
0.458141,0.391895,0.449284,0.453947,0.421373,0.391735,0.31806,0.304928
0.477377,0.420729,0.451151,0.453892,0.450912,0.420603,0.339144,0.349144
0.607965,0.599142,0.570629,0.581866,0.57689,0.599049,0.435541,0.49816
0.632891,0.660968,0.566895,0.5675,0.619461,0.660967,0.503489,0.651485
0.015443,0.00599469,0.0161792,0.0175456,0.013901,0.0059797,0,0
0.0138174,0.0049897,0.0155569,0.0186971,0.0117289,0.00497195,0,0
0.232728,0.131981,0.208463,0.214742,0.228063,0.131844,0.412214,0.281168
0.239231,0.132614,0.207218,0.210739,0.239357,0.132482,0.501564,0.350299
0.196424,0.170338,0.196017,0.201217,0.17854,0.170264,0.2707,0.254475
0.213221,0.198323,0.197262,0.1997,0.204605,0.198284,0.284165,0.313459
0.404497,0.338322,0.374611,0.3905,0.387489,0.338185,0.545583,0.524923
0.431048,0.395071,0.3715,0.374462,0.432233,0.395023,0.542963,0.636335
0.260363,0.338101,0.23211,0.240183,0.255864,0.33817,0.178286,0.278876
0.289894,0.411846,0.230243,0.231794,0.304518,0.412013,0.225585,0.445472
0.0149011,0.00477838,0.0143124,0.0156814,0.0143354,0.00476451,0,0
0.015443,0.00640826,0.0143124,0.0156814,0.0152042,0.0063963,0,0
0.0877811,0.0691495,0.085252,0.090826,0.0816681,0.0691082,0.109944,0.0929375
0.0964508,0.0769874,0.0846297,0.0874448,0.0960035,0.0769599,0.202031,0.197537
0.180168,0.1328,0.18295,0.188058,0.161599,0.1327,0.350294,0.274608
0.19236,0.160218,0.181705,0.184055,0.182016,0.160156,0.35512,0.343297
0.378488,0.359483,0.373367,0.378867,0.346655,0.359388,0.344379,0.362923
0.398537,0.396026,0.373367,0.376107,0.378801,0.395977,0.424816,0.49689
0.437822,0.44927,0.373367,0.379671,0.44179,0.449278,0.307736,0.404564
0.473043,0.526896,0.372744,0.37629,0.498697,0.527,0.337089,0.524486
0.0295313,0.0132097,0.0348475,0.0458928,0.0234579,0.0131644,0,0
0.0289894,0.0131985,0.0323584,0.0337022,0.0243267,0.0131698,0,0
0.0926578,0.0526784,0.0902302,0.0961994,0.0860122,0.0526104,0.0314711,0.0191211
0.099702,0.0618177,0.0883634,0.0915754,0.0986099,0.0617668,0.0300915,0.0225487
0.144405,0.114036,0.127567,0.129883,0.142919,0.113993,0.274093,0.267254
0.133297,0.093739,0.128189,0.135449,0.124674,0.0936654,0.300213,0.23064
0.374153,0.319539,0.359676,0.365196,0.349262,0.319415,0.499096,0.484969
0.399892,0.369299,0.35781,0.360572,0.391833,0.36924,0.535186,0.608867
0.520184,0.497034,0.495955,0.507297,0.488271,0.496924,0.374271,0.4073
0.544568,0.554143,0.491599,0.49231,0.530408,0.55412,0.368297,0.460536
0.00839881,0.00373692,0.00933416,0.0107101,0.00738488,0.00372864,0,0
0.0092116,0.00699583,0.00871189,0.0100887,0.0091225,0.00699221,0,0
0.0636684,0.0637021,0.0603609,0.0616747,0.0603823,0.0636943,0.352274,0.40418
0.0682742,0.0764706,0.0603609,0.0616747,0.0677672,0.0764778,0.352443,0.485531
0.292875,0.224148,0.266957,0.272496,0.283666,0.224039,0.32566,0.29746
0.302357,0.235781,0.266335,0.269115,0.299305,0.235691,0.409322,0.398263
0.21566,0.160086,0.235221,0.240147,0.182016,0.159946,0.178732,0.132252
0.23625,0.202721,0.234599,0.236765,0.215465,0.202636,0.249054,0.236806
0.672446,0.548307,0.630367,0.635545,0.638575,0.548081,0.464561,0.445084
0.698727,0.596126,0.6285,0.630994,0.682016,0.595962,0.501109,0.525807
0.0360336,0.00581473,0.0392035,0.0514854,0.0308427,0.00575307,0.243133,0.0301829
0.0368464,0.0062223,0.0360921,0.0377596,0.034318,0.00617991,0.193036,0.0350989
0.0636684,0.0453837,0.0634723,0.0754188,0.0582103,0.0453356,0.199763,0.133406
0.0677323,0.0548121,0.0609832,0.0622961,0.0664639,0.054793,0.207214,0.202481
0.0823625,0.0984193,0.0746733,0.0754827,0.0803649,0.0984333,0.159265,0.230736
0.0931997,0.127332,0.0746733,0.0745689,0.0977411,0.127382,0.220258,0.418004
0.328908,0.324338,0.313628,0.319212,0.308862,0.324283,0.308022,0.347639
0.354646,0.379543,0.311139,0.313966,0.351868,0.37956,0.524166,0.70399
0.419399,0.44594,0.405103,0.410339,0.390096,0.445903,0.351185,0.423969
0.442157,0.495094,0.403858,0.406337,0.427454,0.49512,0.359922,0.487229
0.0211325,0.00445978,0.0199129,0.0242532,0.020417,0.00443381,0.057415,0.0116609
0.0262801,0.00514547,0.0186683,0.0202506,0.0295395,0.00512578,0.0656215,0.0184531
0.0677323,0.0505695,0.0634723,0.0753457,0.0647263,0.0505276,0.177923,0.132557
0.0753183,0.074122,0.0609832,0.0622961,0.0786273,0.0741255,0.341865,0.45192
0.100244,0.0834658,0.104543,0.10956,0.0881842,0.0834155,0.289747,0.245085
0.109455,0.105505,0.104543,0.105722,0.102954,0.105486,0.297945,0.33027
0.261989,0.185049,0.276291,0.282402,0.227628,0.184882,0.265788,0.193313
0.286372,0.215806,0.27318,0.276499,0.268897,0.215682,0.437631,0.379253
0.43728,0.550123,0.405725,0.411088,0.418332,0.550206,0.324306,0.48222
0.450826,0.591077,0.405103,0.405861,0.440487,0.591215,0.390404,0.631805
0.026822,0.00848634,0.0304916,0.0424568,0.0221546,0.00844016,0.129555,0.0286126
0.0260092,0.00872632,0.0267579,0.0281096,0.0234579,0.00870006,0.422201,0.145174
0.18071,0.0727184,0.19664,0.210155,0.152911,0.0725179,0.935371,0.358584
0.191547,0.0819779,0.191039,0.193925,0.174196,0.0818105,1,0.46868
0.0769439,0.0883553,0.074051,0.0761864,0.0721112,0.0883565,0.168172,0.216679
0.0861555,0.113891,0.0734287,0.0747243,0.0873154,0.113924,0.173309,0.293546
0.339203,0.243842,0.301182,0.306235,0.334057,0.243711,0.317012,0.280282
0.371444,0.316229,0.299315,0.301611,0.387055,0.316188,0.488211,0.5686
0.492279,0.497292,0.442439,0.447404,0.480886,0.497264,0.336052,0.414949
0.516933,0.543278,0.441195,0.443402,0.521286,0.543309,0.35443,0.482481
0.0276348,0.010774,0.0329807,0.0600207,0.0217202,0.0107064,0.432654,0.0857403
0.026822,0.0115541,0.029247,0.0305952,0.0230235,0.0115278,0.250316,0.104781
0.0628556,0.0448137,0.0696951,0.0816328,0.052563,0.0447565,0.268306,0.163426
0.0658358,0.0549792,0.0653391,0.066646,0.0603823,0.0549544,0.25561,0.234157
0.248984,0.227488,0.243311,0.247293,0.2298,0.227418,0.310474,0.317204
0.260905,0.249989,0.240821,0.244003,0.250652,0.24995,0.392901,0.447138
0.245191,0.275781,0.21593,0.221102,0.242832,0.275803,0.297025,0.411623
0.269846,0.332066,0.21593,0.218342,0.282363,0.332158,0.302037,0.510466
0.515849,0.499972,0.492844,0.50472,0.483493,0.499869,0.340912,0.375101
0.53942,0.554573,0.485376,0.488545,0.526499,0.554555,0.35378,0.446143
0.00433487,9.24E-05,0.00622278,0.00992424,0.00304083,8.09E-05,0.0273255,0.000247442
0.00975345,0.000582144,0.00497822,0.00592165,0.0125977,0.000576722,0.0203335,0.00220007
0.100515,0.0960492,0.0976976,0.101646,0.093397,0.0960246,0.218806,0.229642
0.103766,0.101909,0.0976976,0.0989591,0.0986099,0.101895,0.295019,0.337478
0.172853,0.174111,0.166148,0.170732,0.161599,0.174083,0.174483,0.19765
0.184774,0.193109,0.165526,0.167351,0.181147,0.193108,0.195759,0.250955
0.230019,0.219408,0.228376,0.240092,0.209818,0.219338,0.285171,0.28943
0.246275,0.259221,0.224642,0.225726,0.238488,0.259217,0.317202,0.404686
0.50149,0.585512,0.466086,0.477469,0.479149,0.585547,0.366714,0.499625
0.517746,0.631026,0.460485,0.46124,0.509123,0.631135,0.372036,0.565563
0.0392847,0.00694322,0.0460485,0.0501695,0.0312772,0.00688468,0.117682,0.0179413
0.0433487,0.00765686,0.044804,0.0461669,0.038662,0.00760463,0.131333,0.0240338
0.0490382,0.0406947,0.0510268,0.062223,0.0434405,0.0406592,0.151873,0.110253
0.0512056,0.0487192,0.0479154,0.0492465,0.0490877,0.0487109,0.263081,0.289095
0.182335,0.171824,0.159925,0.162928,0.181147,0.171804,0.401401,0.470239
0.196153,0.185858,0.158681,0.160954,0.20417,0.185857,0.419726,0.538449
0.214576,0.166923,0.223398,0.228002,0.188532,0.166809,0.273343,0.222172
0.240043,0.207488,0.224642,0.2277,0.228497,0.207421,0.283748,0.287159
0.604443,0.563474,0.555072,0.56072,0.582103,0.563368,0.395738,0.441727
0.622054,0.592135,0.553205,0.556096,0.611642,0.59207,0.43465,0.514118
0.0124627,0.00534337,0.0143124,0.0175273,0.0104257,0.00532764,0.123812,0.0418102
0.0132755,0.00803884,0.0136901,0.0149869,0.0121633,0.00802974,0,0
0.088052,0.049394,0.0920971,0.104698,0.0773241,0.0493106,0.396398,0.207412
0.0967218,0.0592547,0.0871189,0.0898574,0.0947003,0.0592031,0.3835,0.280709
0.154159,0.170912,0.131923,0.143774,0.155517,0.170918,0.369682,0.488244
0.168247,0.217349,0.127567,0.128787,0.181147,0.217429,0.342554,0.642506
0.112707,0.128717,0.109521,0.120078,0.104692,0.128706,0.209057,0.248943
0.123002,0.16056,0.106409,0.106261,0.123371,0.160604,0.194918,0.327292
0.660255,0.567576,0.65028,0.655722,0.605126,0.567345,0.410004,0.394109
0.689786,0.621523,0.653391,0.656069,0.650304,0.621355,0.414936,0.436588
0.00568952,0.000201823,0.00746733,0.0105457,0.00434405,0.000189626,0.0314582,0.000628435
0.00704416,0.000345613,0.00684505,0.00716446,0.00695048,0.000338213,0.0270851,0.00142049
0.0539149,0.0409565,0.0553827,0.0672674,0.0482189,0.0409144,0.226944,0.153352
0.0593335,0.058771,0.0522713,0.0535964,0.0590791,0.0587684,0.309318,0.376803
0.128962,0.155457,0.112632,0.12451,0.128584,0.155471,0.31649,0.439042
0.13709,0.183466,0.108899,0.110144,0.144222,0.183532,0.299903,0.555177
0.257383,0.213623,0.241444,0.254128,0.24457,0.213528,0.277432,0.258976
0.285289,0.278983,0.23771,0.239763,0.29192,0.278983,0.307298,0.397243
0.383636,0.442495,0.334163,0.33832,0.382276,0.442552,0.252491,0.36693
0.407749,0.495098,0.331674,0.333074,0.422676,0.495223,0.293805,0.48531
0.0295313,0.0129958,0.0298693,0.0318197,0.0269331,0.0129694,0.15357,0.0695394
0.0298022,0.0129966,0.0298693,0.0299007,0.0273675,0.0129729,0,0
0.106746,0.0616499,0.119477,0.124236,0.0881842,0.0615541,0.395835,0.217884
0.120564,0.071328,0.116988,0.11899,0.112076,0.0712507,0.441475,0.293687
0.164183,0.154208,0.154947,0.168301,0.155517,0.154161,0.295539,0.300748
0.179626,0.182706,0.151836,0.154447,0.18245,0.18271,0.283867,0.373077
0.181794,0.177734,0.192284,0.198951,0.157689,0.177672,0.341839,0.339153
0.193173,0.204959,0.192284,0.19334,0.175934,0.204936,0.333698,0.392962
0.467353,0.470117,0.441195,0.446052,0.44179,0.470059,0.275205,0.322198
0.497426,0.536456,0.438083,0.440185,0.492181,0.536484,0.28445,0.385148
0.0433487,0.0105931,0.0460485,0.0488536,0.0377932,0.0105407,0.144424,0.0346187
0.0495801,0.0116123,0.0454263,0.0463131,0.0482189,0.0115645,0.16868,0.0467937
0.109997,0.0715321,0.101431,0.114531,0.105995,0.0714611,0.352814,0.244564
0.116229,0.0765047,0.0976976,0.100165,0.118593,0.0764591,0.492404,0.417574
0.165538,0.130029,0.163659,0.168575,0.151607,0.129953,0.314791,0.269597
0.18369,0.162555,0.160548,0.162708,0.182884,0.162525,0.317445,0.352273
0.163641,0.132726,0.154325,0.171572,0.155083,0.132648,0.252469,0.216852
0.18369,0.186444,0.148724,0.151962,0.191138,0.186456,0.242595,0.330693
0.561907,0.516438,0.526447,0.531733,0.533884,0.516317,0.31683,0.341783
0.590084,0.557634,0.525825,0.528352,0.579496,0.557565,0.418556,0.490712
0.0146302,0.00186204,0.0149347,0.0183681,0.0134666,0.00184108,0.0413423,0.00460366
0.0165267,0.00217435,0.0136901,0.0157911,0.0173762,0.00215729,0.0653728,0.00992188
0.131672,0.0871489,0.120722,0.126795,0.127281,0.0870794,0.333975,0.254818
0.140883,0.0935036,0.119477,0.122792,0.142919,0.093447,0.416937,0.352506
0.223517,0.167336,0.209085,0.215473,0.212858,0.167239,0.441331,0.380548
0.242211,0.19187,0.209085,0.212713,0.242832,0.191806,0.56074,0.561732
0.193173,0.220058,0.189795,0.194565,0.177672,0.220052,0.269585,0.338733
0.213221,0.280758,0.187928,0.189941,0.211121,0.280829,0.28614,0.470006
0.611758,0.551646,0.604231,0.609409,0.559513,0.55146,0.350457,0.352323
0.641019,0.611058,0.60112,0.603542,0.608601,0.610949,0.409672,0.460717
0.0121918,0.00354879,0.011201,0.0146762,0.0121633,0.00353486,0.182435,0.0488165
0.0105662,0.00428417,0.00933416,0.0100522,0.0108601,0.00427743,0,0
0.0582498,0.0264839,0.067206,0.0707491,0.0469157,0.0264201,0.218665,0.090718
0.0669195,0.0335522,0.0665837,0.067441,0.0612511,0.0335012,0.237404,0.131016
0.0717963,0.0623974,0.0734287,0.0853613,0.0642919,0.0623557,0.220884,0.179258
0.0791114,0.0860337,0.0703174,0.0716172,0.0781929,0.0860384,0.196903,0.262801
0.205364,0.206123,0.200373,0.213554,0.189835,0.206074,0.318872,0.341848
0.227581,0.252479,0.197884,0.200431,0.227194,0.252502,0.314816,0.440612
0.354376,0.382393,0.339141,0.344909,0.331885,0.382371,0.224234,0.276174
0.385532,0.442824,0.336652,0.339663,0.383579,0.44288,0.301655,0.436967
0.0273639,0.00530134,0.0298693,0.0386186,0.0234579,0.00525669,0.150094,0.0226976
0.0284476,0.00665865,0.0273802,0.0291696,0.0269331,0.00662852,0.124822,0.0315121
0.0541859,0.0477413,0.0553827,0.0673405,0.0486533,0.047707,0.249044,0.196012
0.0577079,0.0625333,0.0510268,0.0522805,0.0573414,0.062537,0.268347,0.356611
0.141425,0.112208,0.141879,0.155471,0.128149,0.112129,0.374764,0.30028
0.152533,0.128292,0.138146,0.141105,0.148566,0.128251,0.358381,0.36188
0.175833,0.155677,0.164904,0.167277,0.167246,0.155633,0.241355,0.249471
0.193985,0.195953,0.164904,0.167204,0.196351,0.195955,0.24928,0.324562
0.56272,0.544311,0.535781,0.541383,0.528671,0.544209,0.443473,0.495255
0.589271,0.590031,0.535159,0.538002,0.571677,0.589988,0.481412,0.586512
0.0314278,0.0047849,0.0348475,0.0402635,0.0264987,0.00473739,0.118886,0.0155403
0.0322406,0.0053356,0.0323584,0.0341774,0.0295395,0.00529707,0.151072,0.0260124
0.0379301,0.0233728,0.0441817,0.0561551,0.0304083,0.0233253,0.203635,0.0939704
0.0411813,0.0330955,0.040448,0.0417897,0.0382276,0.033079,0.218496,0.192145
0.142238,0.135378,0.132545,0.141663,0.135969,0.135344,0.323045,0.342885
0.159577,0.173048,0.130056,0.131638,0.165508,0.173073,0.330952,0.483407
0.308588,0.287024,0.277536,0.283353,0.301477,0.286974,0.345754,0.38903
0.335952,0.331529,0.275669,0.278838,0.346655,0.331537,0.427886,0.565208
0.612842,0.590238,0.584941,0.589981,0.574718,0.590123,0.46514,0.516879
0.632349,0.632886,0.580585,0.581866,0.609036,0.632832,0.484746,0.585707
0.0333243,0.00616047,0.0367144,0.0400077,0.0282363,0.00611493,0.183911,0.0312289
0.0363045,0.00713141,0.0354698,0.0355299,0.0338836,0.00709313,0.200597,0.0444908
0.0438905,0.0303593,0.0410703,0.0530481,0.0421373,0.0303243,0.270429,0.171741
0.0471417,0.0418046,0.0385812,0.0399254,0.0490877,0.0418009,0.2816,0.327544
0.2013,0.165554,0.189172,0.193495,0.191138,0.165485,0.344231,0.327069
0.210783,0.17837,0.189172,0.192061,0.206342,0.178318,0.372383,0.384103
0.382823,0.452279,0.350965,0.354467,0.369244,0.452326,0.363086,0.514737
0.407749,0.501648,0.348475,0.351141,0.410947,0.501757,0.380409,0.603897
0.225142,0.239804,0.228998,0.233348,0.201564,0.239767,0.196373,0.224166
0.257112,0.324657,0.227131,0.228724,0.254127,0.324726,0.21809,0.343987
0.0314278,0.00590404,0.0342253,0.0378145,0.0269331,0.00586119,0.125986,0.0216945
0.0346789,0.00656752,0.0329807,0.0338119,0.0330148,0.00653093,0.137388,0.0294818
0.162016,0.0808078,0.140012,0.146689,0.162467,0.0807037,0.232531,0.142127
0.170415,0.0886787,0.137523,0.13883,0.177672,0.0885945,0.261764,0.185582
0.142238,0.113331,0.148724,0.154319,0.124674,0.113254,0.213952,0.174442
0.157139,0.13484,0.146857,0.149695,0.14987,0.134795,0.402994,0.403148
0.347331,0.294243,0.317362,0.32846,0.335795,0.29414,0.433703,0.431485
0.364942,0.323396,0.314872,0.317183,0.365769,0.323343,0.493242,0.558617
0.355459,0.403488,0.34163,0.345896,0.331885,0.403489,0.300798,0.389818
0.389867,0.476866,0.338519,0.340029,0.389227,0.476961,0.302107,0.470791
0.0447033,0.0132612,0.040448,0.0526186,0.0438749,0.0132067,0.314982,0.08783
0.0441615,0.0132524,0.0367144,0.0382714,0.0456125,0.0132175,0.433014,0.166141
0.122731,0.0799047,0.108276,0.113818,0.121633,0.0798445,0.312923,0.243877
0.133297,0.0901273,0.107654,0.110437,0.13901,0.0900837,0.537078,0.48671
0.228664,0.186294,0.236465,0.24817,0.201998,0.186175,0.537622,0.448074
0.234083,0.202005,0.23211,0.233183,0.213727,0.201925,0.530691,0.510546
0.337578,0.289486,0.326696,0.329501,0.31364,0.289376,0.376257,0.367105
0.358981,0.330793,0.325451,0.328185,0.348827,0.330733,0.489957,0.548551
0.534543,0.521224,0.489732,0.494412,0.515639,0.52116,0.383682,0.449318
0.567326,0.586382,0.486621,0.488545,0.570374,0.586402,0.419613,0.559552
0.0260092,0.00477472,0.0286248,0.0325142,0.0221546,0.00473781,0.10903,0.0176502
0.0295313,0.00623056,0.0273802,0.0285116,0.0286707,0.00620083,0.134639,0.0325312
0.160932,0.110284,0.136901,0.150719,0.162902,0.110209,0.651295,0.529087
0.165267,0.113399,0.133167,0.136353,0.172459,0.113347,0.653006,0.603064
0.134923,0.100523,0.143746,0.156896,0.116421,0.100428,0.253967,0.180601
0.14576,0.120033,0.141257,0.143774,0.135534,0.119978,0.282024,0.261463
0.204823,0.299126,0.153703,0.162352,0.221546,0.299256,0.277048,0.567338
0.222162,0.354954,0.149969,0.149832,0.251955,0.355167,0.263411,0.693682
0.54213,0.57757,0.517113,0.527913,0.508688,0.577525,0.42833,0.52058
0.559198,0.625422,0.514624,0.514306,0.537793,0.625452,0.459966,0.62144
0.0254674,0.00911367,0.0311139,0.0430782,0.0195482,0.00906738,0.196495,0.0459492
0.0249255,0.0107294,0.0273802,0.028731,0.0212858,0.0107046,0.217861,0.0901783
0.17502,0.082383,0.162414,0.173583,0.16768,0.0822439,0.61416,0.32328
0.179355,0.0850416,0.159925,0.162306,0.176368,0.084921,0.60353,0.350816
0.260092,0.227621,0.236465,0.249267,0.252389,0.227548,0.488936,0.495863
0.280954,0.244257,0.233976,0.236912,0.287576,0.244221,0.545698,0.624956
0.207532,0.266833,0.181705,0.18888,0.206342,0.266889,0.24151,0.379122
0.230019,0.330765,0.179838,0.179587,0.243701,0.330909,0.26144,0.535189
0.568952,0.639398,0.504045,0.506191,0.560817,0.639455,0.454209,0.637458
0.592793,0.681935,0.5028,0.504181,0.599913,0.682045,0.462899,0.695686
0.00894067,0.00260365,0.0118233,0.0229738,0.00651607,0.00257726,0.203453,0.0253565
0.00866974,0.00291884,0.00871189,0.0100887,0.00825369,0.00291045,0.120299,0.0385556
0.149011,0.0626479,0.124456,0.129536,0.152476,0.0625459,0.411644,0.220816
0.160661,0.073348,0.125078,0.127617,0.170721,0.0732613,0.463585,0.295662
0.130317,0.113722,0.121966,0.126502,0.12424,0.113684,0.317061,0.316553
0.141425,0.129793,0.120722,0.1225,0.142919,0.129779,0.324562,0.382004
0.298293,0.283077,0.293093,0.299619,0.274109,0.283,0.361531,0.379371
0.327012,0.335597,0.291226,0.294995,0.32146,0.335588,0.440167,0.556301
0.413167,0.34876,0.387057,0.393086,0.392702,0.348632,0.306179,0.301686
0.449472,0.420343,0.387057,0.390253,0.450912,0.420303,0.369942,0.44264
0.042265,0.00772247,0.0454263,0.0500599,0.03649,0.007665,0.12006,0.0204231
0.0465998,0.00860995,0.0435594,0.0455455,0.0447437,0.00855969,0.115472,0.0241096
0.0915741,0.0694806,0.0945862,0.111506,0.0812337,0.0694113,0.271082,0.187471
0.0945543,0.0783019,0.0908525,0.0921237,0.0886186,0.0782695,0.274159,0.258777
0.0885939,0.079462,0.0920971,0.104588,0.0781929,0.0794139,0.224497,0.189376
0.0934706,0.0932347,0.0889857,0.0909174,0.0881842,0.0932214,0.238519,0.271702
0.396911,0.314679,0.390168,0.395316,0.364466,0.314508,0.475949,0.420677
0.428881,0.359229,0.386434,0.388827,0.418332,0.35912,0.615201,0.631248
0.475481,0.430334,0.454263,0.459759,0.445699,0.430211,0.408354,0.42451
0.499052,0.471129,0.450529,0.453271,0.486099,0.471062,0.417707,0.482273
0.137903,0.0981098,0.135657,0.143116,0.126846,0.0980308,0.000660226,0.000502422
0.155513,0.126605,0.133167,0.133932,0.15682,0.126572,0.000618389,0.000649259
0.127337,0.100624,0.123211,0.135074,0.118593,0.100559,0.222288,0.183851
0.128691,0.106306,0.1201,0.12133,0.122937,0.106266,0.252438,0.245631
0.188567,0.124099,0.16117,0.166638,0.190269,0.124018,0.306514,0.253433
0.200217,0.142408,0.16117,0.163878,0.208949,0.142353,0.311145,0.300267
0.377134,0.367328,0.369011,0.374736,0.347524,0.367247,0.392682,0.427538
0.39664,0.400578,0.369633,0.372598,0.378367,0.400539,0.482438,0.576165
0.445679,0.393632,0.450529,0.455044,0.400521,0.393472,0.348296,0.334587
0.46654,0.43158,0.448662,0.45042,0.435274,0.431471,0.374196,0.39823
0.0484963,0.0102196,0.0491599,0.0531303,0.0438749,0.0101608,0.112286,0.0238568
0.0558114,0.0109303,0.0485376,0.0497492,0.0560382,0.010877,0.169922,0.0412735
0.0506638,0.0409741,0.0510268,0.0603039,0.0460469,0.0409416,0.141216,0.106513
0.0533731,0.0526221,0.0485376,0.0497948,0.0521286,0.0526176,0.336231,0.394716
0.120293,0.151553,0.11201,0.123889,0.115117,0.151563,0.301757,0.41013
0.126795,0.173165,0.105787,0.107037,0.129887,0.173224,0.285895,0.514017
0.26524,0.30961,0.238332,0.250034,0.25934,0.309632,0.379573,0.522207
0.283663,0.358372,0.236465,0.237533,0.290182,0.358469,0.381162,0.639053
0.466269,0.550302,0.425638,0.45402,0.450912,0.550327,0.414546,0.558237
0.477648,0.599702,0.410081,0.411417,0.480017,0.599843,0.382445,0.619476
0.121918,0.0123152,0.0976976,0.102587,0.127715,0.0121912,0.157434,0.0207851
0.126253,0.012697,0.096453,0.0985845,0.135534,0.012579,0.320001,0.0453615
0.0636684,0.0420542,0.0603609,0.0713979,0.0603823,0.0420077,0.389529,0.254615
0.0723381,0.0713697,0.0578718,0.0591891,0.0760209,0.0713743,0.325804,0.436473
0.11379,0.0923528,0.116988,0.130066,0.101216,0.092285,0.279791,0.220547
0.127337,0.121065,0.11201,0.114458,0.126412,0.121052,0.280958,0.330116
0.372799,0.434008,0.317362,0.326093,0.376629,0.434072,0.439271,0.649611
0.39664,0.500147,0.316739,0.317695,0.415291,0.5003,0.478212,0.836646
0.48117,0.520431,0.438706,0.445503,0.465682,0.520433,0.355231,0.461025
0.509618,0.566989,0.439328,0.443365,0.51086,0.567048,0.397179,0.564347
0.049851,0.0134804,0.0541381,0.0577726,0.0425717,0.0134191,0.0870251,0.0224568
0.0558114,0.0141074,0.0528936,0.05377,0.0529974,0.0140523,0.122562,0.0355846
0.0590626,0.0480143,0.0578718,0.0698261,0.054735,0.047977,0.151753,0.115838
0.0644812,0.0677559,0.0535159,0.0548392,0.0664639,0.0677622,0.301417,0.413775
0.145489,0.132251,0.143124,0.151039,0.133797,0.132201,0.26981,0.262365
0.155513,0.15543,0.141257,0.142229,0.151173,0.15542,0.274782,0.333585
0.321051,0.266052,0.325451,0.339663,0.28801,0.265901,0.472762,0.411163
0.355188,0.323772,0.319851,0.323433,0.346655,0.32371,0.491123,0.546088
0.446221,0.380072,0.434972,0.440715,0.41225,0.379916,0.404181,0.387085
0.488215,0.464265,0.430616,0.433605,0.482624,0.464217,0.416623,0.49553
0.0208616,0.00794071,0.0261357,0.0381069,0.0156386,0.00789985,0.169176,0.0389631
0.0205906,0.0095573,0.0230243,0.0243811,0.0173762,0.00953712,0.353652,0.153688
0.12544,0.102934,0.124456,0.130706,0.114683,0.102878,0.365236,0.319375
0.130859,0.105228,0.123211,0.126703,0.12424,0.10518,0.382089,0.352378
0.215118,0.187572,0.224642,0.238008,0.188532,0.187468,0.448542,0.392498
0.234625,0.208104,0.220286,0.223021,0.22285,0.208044,0.452197,0.468638
0.173937,0.171308,0.169882,0.173172,0.16073,0.171273,0.218468,0.240049
0.194256,0.214877,0.168637,0.171262,0.194179,0.214897,0.220989,0.308064
0.609862,0.629843,0.561294,0.567153,0.586447,0.629806,0.457414,0.564309
0.629098,0.661814,0.561294,0.564393,0.617289,0.661819,0.506924,0.66039
0.0390138,0.00715456,0.040448,0.0444306,0.0347524,0.00710412,0.149551,0.0265655
0.0428068,0.00839272,0.0385812,0.0397335,0.0421373,0.00835017,0.156881,0.0366277
0.202384,0.0784399,0.159303,0.164774,0.213727,0.0783082,0.291061,0.153675
0.209428,0.0825284,0.156814,0.159528,0.226759,0.0824087,0.343917,0.197374
0.122731,0.136412,0.115744,0.118917,0.116421,0.136411,0.296437,0.377778
0.127879,0.152886,0.112632,0.112877,0.126846,0.152913,0.290273,0.436864
0.258196,0.214258,0.275047,0.286697,0.222415,0.214119,0.24377,0.202261
0.27391,0.254132,0.270691,0.270385,0.250652,0.254062,0.234003,0.244275
0.508263,0.458175,0.469197,0.475148,0.487837,0.458063,0.373742,0.400284
0.540504,0.519911,0.468575,0.471767,0.539965,0.519876,0.413819,0.506622
0.0501219,0.0135002,0.0472931,0.0515585,0.0477845,0.0134475,0.164521,0.0476719
0.0568952,0.0142092,0.0460485,0.0475559,0.0595135,0.0141628,0.181921,0.0601903
0.0620428,0.0331545,0.0634723,0.0754188,0.0556038,0.0330921,0.128603,0.0626897
0.0647521,0.0432869,0.0597386,0.0610533,0.0625543,0.043256,0.129151,0.101657
0.0888648,0.0690184,0.0846297,0.0854253,0.0838401,0.0689843,0.210203,0.188583
0.0988892,0.0939183,0.0833852,0.0833417,0.100782,0.0939162,0.247019,0.309249
0.155784,0.125398,0.170504,0.176069,0.13119,0.125306,0.228124,0.180368
0.173124,0.161733,0.167393,0.170202,0.161164,0.161691,0.270602,0.285598
0.764562,0.612105,0.703796,0.707354,0.735013,0.611855,0.583265,0.560503
0.793552,0.668431,0.703174,0.705891,0.781929,0.66825,0.608524,0.639999
0.0503928,0.0134825,0.0566273,0.0605507,0.0417029,0.0134174,0.109094,0.0268566
0.0560824,0.0140674,0.0553827,0.0565481,0.0516942,0.0140084,0.146045,0.0401938
0.053644,0.0271042,0.0504045,0.0525729,0.0512598,0.0270659,0.0835611,0.0477932
0.0568952,0.0308991,0.0485376,0.0496852,0.0577758,0.0308693,0.125797,0.0868304
0.105933,0.0817982,0.0983199,0.103876,0.101651,0.0817538,0.215004,0.187993
0.120834,0.110112,0.0976976,0.100494,0.125977,0.110105,0.261141,0.317864
0.167434,0.18865,0.156814,0.16068,0.159427,0.188653,0.181141,0.236276
0.18938,0.248985,0.15308,0.152939,0.19722,0.249069,0.243629,0.440789
0.764833,0.715302,0.731176,0.736505,0.716334,0.715133,0.545318,0.58825
0.782173,0.749355,0.728065,0.730638,0.746308,0.749234,0.613345,0.698748
0.00379301,8.83E-05,0.0056005,0.00930284,0.00260643,7.77E-05,0.02097,0.000194462
0.00731509,0.000433707,0.00435594,0.00530024,0.0091225,0.000428961,0.0174196,0.00156625
0.034408,0.0310883,0.0329807,0.0357675,0.0325804,0.0310778,0.148933,0.143764
0.0352208,0.0351681,0.0304916,0.0305221,0.0356212,0.0351695,0.199047,0.254805
0.356543,0.274728,0.324829,0.330068,0.345352,0.2746,0.723117,0.668353
0.369818,0.28824,0.324207,0.326687,0.367072,0.288133,0.766688,0.751242
0.272555,0.242513,0.284381,0.297307,0.238923,0.242392,0.394492,0.357315
0.290707,0.280688,0.279403,0.281945,0.271503,0.280632,0.384289,0.424943
0.622596,0.733764,0.553827,0.565015,0.612076,0.733852,0.511986,0.738766
0.634516,0.764723,0.549471,0.550028,0.634231,0.764867,0.536062,0.828165
0.0436196,0.00805635,0.0472931,0.0519241,0.0373588,0.00799672,0.18086,0.0309447
0.0479545,0.00934848,0.0460485,0.0479215,0.0451781,0.00929583,0.207124,0.0446364
0.138716,0.107958,0.118233,0.119785,0.140313,0.107923,0.22996,0.230177
0.129233,0.104431,0.11761,0.120416,0.125543,0.10439,0.320108,0.308299
0.228935,0.166126,0.228998,0.232607,0.207646,0.166004,0.468508,0.37146
0.236792,0.179339,0.226509,0.227289,0.221981,0.179239,0.560593,0.491138
0.347331,0.264316,0.35532,0.360956,0.309296,0.264133,0.509593,0.41428
0.406123,0.389253,0.353454,0.356332,0.404865,0.389223,0.602248,0.730837
0.473855,0.593689,0.426882,0.428406,0.462207,0.5938,0.367753,0.566294
0.499323,0.648661,0.425016,0.427026,0.504344,0.648838,0.377108,0.636573
0.0159848,0.00699895,0.0136901,0.0164307,0.0165074,0.00698666,0.165775,0.0783124
0.0167976,0.00752483,0.0130678,0.0143655,0.018245,0.00751598,0.162971,0.0947277
0.112436,0.0650909,0.10392,0.108152,0.108167,0.0650211,0.203549,0.135952
0.123815,0.0763595,0.102676,0.10499,0.127281,0.0763072,0.253832,0.204957
0.293687,0.247542,0.263846,0.277157,0.287142,0.247455,0.658382,0.653053
0.304525,0.263046,0.25949,0.26217,0.307559,0.262997,0.665508,0.741689
0.332972,0.301809,0.306161,0.311535,0.320591,0.301738,0.399281,0.429638
0.387158,0.430739,0.306783,0.309397,0.407037,0.430822,0.445191,0.688699
0.506096,0.48788,0.472931,0.478621,0.481755,0.487798,0.378811,0.428915
0.531021,0.529267,0.472309,0.475349,0.522155,0.529238,0.43228,0.534693
0.00785695,0.00252534,0.00995644,0.0218772,0.00608167,0.00250035,0.0700722,0.00889725
0.00812788,0.00360205,0.00622278,0.0076031,0.0091225,0.00359786,0.0887019,0.0466323
0.11081,0.0641858,0.100809,0.114129,0.107732,0.0641067,0.280809,0.175235
0.116771,0.0728265,0.0976976,0.100494,0.119461,0.0727762,0.261132,0.210092
0.156597,0.103974,0.150591,0.156586,0.146394,0.103884,0.264776,0.195153
0.17204,0.121579,0.148724,0.151962,0.172459,0.121515,0.356028,0.316287
0.226226,0.211588,0.22402,0.236912,0.206777,0.211513,0.360662,0.357728
0.246004,0.256015,0.222153,0.22452,0.239791,0.256009,0.375309,0.475434
0.327554,0.440793,0.299938,0.311481,0.316247,0.440885,0.279266,0.43915
0.350853,0.513859,0.295582,0.296494,0.356646,0.514057,0.273359,0.526538
0.0246546,0.00460468,0.0280025,0.0315638,0.020417,0.00456887,0.0360241,0.00579312
0.0300732,0.00576909,0.0261357,0.0270495,0.0304083,0.00574083,0.0535809,0.0126335
0.104308,0.0597484,0.0970753,0.102413,0.0999131,0.0596802,0.160567,0.103951
0.111081,0.0651533,0.0939639,0.0964735,0.112945,0.0650995,0.264198,0.198061
0.383907,0.265979,0.321717,0.328131,0.391399,0.265843,0.708116,0.637359
0.395557,0.275525,0.319228,0.322885,0.411816,0.275408,0.741129,0.7023
0.183419,0.180411,0.186061,0.197014,0.164639,0.180354,0.331925,0.337575
0.205906,0.22886,0.181083,0.183251,0.20417,0.228879,0.360245,0.49987
0.457329,0.559014,0.403236,0.40683,0.452215,0.559114,0.354246,0.540869
0.479816,0.615902,0.403858,0.404692,0.487837,0.616071,0.365409,0.617998
0.0284476,0.0129069,0.0304916,0.0424568,0.0247611,0.0128659,0.213898,0.0720114
0.0273639,0.0128928,0.0267579,0.0281096,0.0256299,0.0128714,0.324201,0.164925
0.0796532,0.0526268,0.0752956,0.0791289,0.0755864,0.0525821,0.262109,0.193502
0.0896776,0.0580502,0.074051,0.0751263,0.0925282,0.0580174,0.261938,0.224732
0.0793823,0.0809815,0.0777847,0.0897111,0.0734144,0.0809555,0.251136,0.251773
0.0904904,0.116722,0.0721842,0.0734814,0.0951347,0.116761,0.213523,0.376933
0.355188,0.232151,0.322962,0.3293,0.344483,0.231974,0.294282,0.23031
0.373341,0.266713,0.321095,0.324676,0.374891,0.266583,0.475218,0.433486
0.50718,0.512377,0.504667,0.509179,0.461338,0.512282,0.427329,0.477641
0.536711,0.571422,0.504667,0.507334,0.508688,0.571398,0.426279,0.533383
0.0298022,0.00663622,0.033603,0.0442479,0.0247611,0.00658543,0.17042,0.0281782
0.0298022,0.00731043,0.029247,0.0292793,0.0278019,0.00728092,0.165935,0.0458422
0.0723381,0.0424999,0.0846297,0.0882216,0.0573414,0.0424309,0.355515,0.189961
0.0839881,0.0509828,0.0821406,0.0829762,0.0777585,0.0509309,0.392215,0.267457
0.0945543,0.0623045,0.096453,0.102523,0.0847089,0.0622391,0.169791,0.114513
0.10485,0.0741401,0.0945862,0.0977894,0.10252,0.0740951,0.178891,0.150587
0.34706,0.363899,0.309272,0.3153,0.341008,0.363895,0.413534,0.53023
0.374424,0.413073,0.306161,0.309434,0.387055,0.413135,0.484747,0.719019
0.532376,0.52102,0.507156,0.512835,0.5,0.520931,0.306851,0.346283
0.562449,0.579605,0.505912,0.508832,0.549088,0.579589,0.341409,0.432037
0.0303441,0.00698922,0.033603,0.0365534,0.0256299,0.00694937,0.0693489,0.0146473
0.0303441,0.00780815,0.0323584,0.0343967,0.0264987,0.00777222,0,0
0.0357627,0.0222933,0.0392035,0.0432335,0.0304083,0.0222622,0.183922,0.105216
0.0398266,0.030104,0.0385812,0.0398523,0.0373588,0.0300867,0.243849,0.204523
0.176917,0.135844,0.191661,0.202579,0.150304,0.135728,0.45652,0.33981
0.199675,0.169035,0.18855,0.192536,0.188966,0.168972,0.479148,0.467167
0.299106,0.253593,0.290604,0.295671,0.27715,0.253488,0.331089,0.31535
0.343809,0.352757,0.290604,0.292911,0.348827,0.352771,0.39694,0.531107
0.441886,0.560426,0.408836,0.4203,0.423545,0.560509,0.332314,0.492348
0.463831,0.618493,0.405103,0.405934,0.461338,0.618664,0.328369,0.555983
0.0517475,0.0134871,0.0491599,0.0533131,0.0490877,0.0134319,0.1495,0.0418452
0.0585207,0.0141563,0.0479154,0.0493105,0.0608167,0.0141074,0.180691,0.0574307
0.0747765,0.0451108,0.0746733,0.088249,0.0682016,0.0450449,0.178505,0.101225
0.0807369,0.05422,0.0703174,0.0732621,0.0807993,0.0541852,0.186166,0.152968
0.0980764,0.0730069,0.110765,0.119475,0.0803649,0.0729309,0.251516,0.170569
0.104037,0.0914932,0.107032,0.10828,0.0925282,0.0914541,0.240831,0.225978
0.341371,0.245555,0.365277,0.371227,0.292789,0.245336,0.43815,0.321696
0.385803,0.32879,0.364032,0.367224,0.3649,0.328674,0.612139,0.608673
0.888648,0.700969,0.802116,0.815744,0.865334,0.700676,0.550079,0.524915
0.913032,0.747714,0.799627,0.8021,0.906169,0.747493,0.551418,0.5709
0.134652,0.013821,0.143746,0.148937,0.115986,0.0136353,0.471114,0.0479171
0.140341,0.0144073,0.142502,0.144934,0.125977,0.0142278,0.575882,0.062806
0.0400975,0.0175713,0.0479154,0.0603222,0.0312772,0.0175113,0.137308,0.044283
0.0465998,0.0207489,0.044804,0.0465781,0.0438749,0.0207115,0.130524,0.0644793
0.0587917,0.0585789,0.0578718,0.0589241,0.0543006,0.0585689,0.149145,0.164696
0.0520184,0.0432464,0.0572495,0.0582295,0.0438749,0.0432194,0.155449,0.128181
0.214847,0.244176,0.207841,0.209789,0.199826,0.244177,0.298875,0.386467
0.232728,0.290479,0.207218,0.208254,0.228931,0.290536,0.37528,0.581652
0.675156,0.635643,0.635968,0.641978,0.63901,0.63551,0.454455,0.499797
0.702791,0.690815,0.633479,0.636732,0.685056,0.690754,0.461247,0.555905
0.0400975,0.00780188,0.0460485,0.0578823,0.0325804,0.00773379,0.161984,0.0240447
0.0430778,0.00848244,0.0423149,0.0435351,0.0399652,0.00843478,0.207308,0.0446222
0.0894067,0.0834476,0.0864966,0.0984108,0.0834057,0.0834126,0.362561,0.341406
0.0913032,0.0927062,0.0827629,0.0840454,0.089053,0.0927017,0.40539,0.496761
0.122731,0.0714705,0.126945,0.130925,0.108601,0.071377,0.259038,0.156891
0.133839,0.0946453,0.124456,0.12568,0.128149,0.0945861,0.258375,0.216029
0.408561,0.352802,0.386434,0.392355,0.385752,0.35268,0.333102,0.332644
0.425359,0.383797,0.381456,0.384624,0.41616,0.383722,0.491685,0.544963
0.372528,0.501123,0.297449,0.301639,0.390096,0.501299,0.270619,0.499655
0.393931,0.559172,0.296826,0.29781,0.424848,0.559421,0.272814,0.569334
0.0311569,0.00571992,0.0354698,0.0390207,0.0256299,0.00567521,0.0761299,0.012301
0.0349499,0.00655093,0.0342253,0.0350181,0.0325804,0.00651267,0.0727395,0.0150292
0.0739637,0.0429975,0.078407,0.0839905,0.0642919,0.0429349,0.224067,0.12725
0.0837171,0.0499955,0.0759179,0.0788548,0.0816681,0.0499481,0.352192,0.24784
0.193173,0.144005,0.189172,0.196694,0.178106,0.143906,0.445311,0.361953
0.206448,0.16204,0.18295,0.183571,0.203736,0.161981,0.431114,0.422622
0.198591,0.257131,0.174238,0.186029,0.19722,0.257179,0.265251,0.407392
0.217556,0.311395,0.171749,0.172907,0.229366,0.311525,0.266533,0.533497
0.628556,0.635135,0.571873,0.575451,0.609036,0.635093,0.451616,0.553731
0.648334,0.682348,0.568139,0.568963,0.643354,0.68237,0.460124,0.613072
0.0390138,0.00663659,0.0441817,0.0466787,0.032146,0.00658247,0.107604,0.0168578
0.0447033,0.00732807,0.0435594,0.0452165,0.0417029,0.00727676,0.163847,0.029294
0.0633975,0.0693638,0.056005,0.0589332,0.0629887,0.0693664,0.158533,0.207305
0.0677323,0.0806195,0.0553827,0.0566303,0.0703736,0.0806383,0.233398,0.369224
0.143051,0.119227,0.146857,0.150253,0.127281,0.119163,0.315816,0.278262
0.158765,0.150041,0.145613,0.14636,0.153345,0.150018,0.348025,0.396308
0.187754,0.172017,0.193528,0.20246,0.166377,0.171943,0.304178,0.286995
0.212138,0.212711,0.194151,0.196703,0.205039,0.212693,0.301213,0.361839
0.388513,0.348144,0.367766,0.373055,0.366638,0.348043,0.297028,0.307863
0.418586,0.414022,0.364655,0.367188,0.417029,0.414006,0.325842,0.408156
0.0262801,0.00532198,0.0273802,0.0319294,0.0234579,0.00528651,0.0789426,0.0145208
0.0308859,0.00616726,0.0261357,0.0279268,0.0317116,0.00613825,0.109647,0.0267744
0.16039,0.125669,0.152458,0.157719,0.151173,0.125602,0.272121,0.240756
0.167163,0.127484,0.151213,0.153716,0.162902,0.127425,0.359607,0.331179
0.154159,0.138282,0.154947,0.168191,0.139444,0.138215,0.344948,0.314925
0.167976,0.159647,0.151213,0.153826,0.164205,0.159625,0.434947,0.501428
0.210512,0.198171,0.204729,0.210246,0.195048,0.198117,0.228458,0.239166
0.232999,0.244042,0.202862,0.206463,0.232407,0.244047,0.280374,0.368189
0.359523,0.372052,0.337897,0.343008,0.341008,0.37202,0.251624,0.30319
0.389325,0.434602,0.337897,0.340248,0.388792,0.434647,0.271826,0.385774
0.0211325,0.00426808,0.0242688,0.0279451,0.0173762,0.00423682,0.0519287,0.00874668
0.0260092,0.00490383,0.0230243,0.0239425,0.0260643,0.0048788,0.0625651,0.0141637
0.0875102,0.0560777,0.0970753,0.11062,0.07298,0.0559939,0.243435,0.136897
0.0978055,0.0645395,0.0927194,0.0956328,0.0925282,0.0644861,0.426509,0.319513
0.10783,0.114845,0.0920971,0.0968939,0.109036,0.114849,0.204916,0.269841
0.119209,0.130959,0.0920971,0.0941341,0.127281,0.130986,0.232154,0.358883
0.130046,0.132705,0.136279,0.146798,0.113814,0.132662,0.202112,0.202916
0.146844,0.178614,0.133167,0.134306,0.142919,0.178641,0.195108,0.288311
0.538878,0.494683,0.518357,0.524651,0.502606,0.494546,0.29938,0.313516
0.558927,0.538936,0.512134,0.512817,0.539096,0.538867,0.326669,0.381353
0.041994,0.0122808,0.0410703,0.045381,0.0390964,0.012235,0.100796,0.0301909
0.0476836,0.0127314,0.0398258,0.0413784,0.0490877,0.0126917,0.105336,0.0358941
0.069087,0.0590126,0.0703174,0.0803352,0.0621199,0.0589738,0.175918,0.143471
0.0709835,0.0663344,0.0665837,0.0678157,0.0677672,0.0663213,0.3581,0.38907
0.158765,0.118699,0.15308,0.158559,0.148132,0.118623,0.352189,0.292721
0.176104,0.137325,0.151213,0.153935,0.177237,0.137277,0.36701,0.363611
0.212679,0.196147,0.21033,0.21445,0.194613,0.196086,0.326839,0.332013
0.242753,0.26203,0.207841,0.209972,0.24457,0.262051,0.353335,0.489905
0.309401,0.419501,0.270691,0.278162,0.307559,0.419614,0.201406,0.337539
0.340016,0.509281,0.265713,0.265414,0.360122,0.509516,0.228083,0.486439
0.00839881,0.00211872,0.011201,0.0213472,0.00608167,0.00209398,0.0591965,0.00645103
0.00812788,0.00214803,0.00808961,0.00946733,0.00781929,0.00213959,0.0475274,0.0119329
0.10214,0.0884115,0.102676,0.114567,0.0925282,0.0883602,0.31619,0.270922
0.105391,0.0958509,0.0970753,0.0982646,0.101651,0.0958306,0.461903,0.500447
0.348144,0.191929,0.377722,0.383948,0.294961,0.19163,0.896178,0.49692
0.376321,0.217016,0.376478,0.379945,0.341008,0.216752,0.918503,0.582136
0.223246,0.270211,0.205352,0.206792,0.21503,0.270246,0.289982,0.421016
0.20699,0.224968,0.206596,0.212668,0.188097,0.224943,0.306765,0.360476
0.263614,0.273524,0.252645,0.257875,0.246742,0.273493,0.195379,0.230206
0.298564,0.337554,0.254512,0.257089,0.301477,0.3376,0.215971,0.315076
0.0238418,0.00676206,0.0298693,0.0418353,0.0178106,0.00671471,0.104241,0.0185875
0.0227581,0.00667965,0.0255134,0.0255508,0.0191138,0.0066545,0.0680882,0.0197008
0.0642102,0.0290654,0.0734287,0.0855075,0.0521286,0.0289844,0.1503,0.0566006
0.0698998,0.0334953,0.0696951,0.0712151,0.0638575,0.033439,0.180954,0.0943954
0.267949,0.146575,0.245177,0.258442,0.258905,0.146395,0.46426,0.292164
0.279328,0.169326,0.242066,0.244771,0.279322,0.169191,0.552818,0.424522
0.412896,0.418061,0.387679,0.392282,0.391833,0.418015,0.3607,0.427012
0.430778,0.456579,0.38519,0.385821,0.422242,0.456588,0.437497,0.575194
0.463831,0.441668,0.46733,0.478712,0.417897,0.441532,0.294269,0.301531
0.48984,0.499459,0.46733,0.468075,0.4596,0.499406,0.292425,0.346619
0.0501219,0.0113811,0.0578718,0.0706394,0.0403997,0.0112998,0.286089,0.0508421
0.0517475,0.0124349,0.0547604,0.056804,0.0451781,0.0123737,0.250781,0.0606898
0.129504,0.0860804,0.113877,0.127398,0.128584,0.0860088,0.229419,0.172072
0.136277,0.0922843,0.108899,0.111789,0.142919,0.0922414,0.226707,0.207822
0.14007,0.100897,0.146235,0.151066,0.122937,0.10081,0.164085,0.121648
0.155513,0.129002,0.144991,0.146954,0.148566,0.128954,0.169627,0.165367
0.191818,0.147753,0.203485,0.2101,0.165943,0.147641,0.207356,0.161882
0.21566,0.18735,0.201618,0.205476,0.205474,0.18729,0.316143,0.320139
0.449201,0.52104,0.42066,0.424229,0.42702,0.521071,0.331443,0.452278
0.467624,0.568563,0.420037,0.420848,0.456994,0.568654,0.367129,0.551115
0.0484963,0.0134752,0.0528936,0.0557987,0.0412685,0.0134166,0.0918488,0.0245353
0.0547277,0.0141041,0.0522713,0.0532583,0.0516942,0.0140497,0.128712,0.0377224
0.0707125,0.0588559,0.0759179,0.0857542,0.0608167,0.0588094,0.142637,0.108673
0.0717963,0.0641652,0.0728065,0.0741028,0.0647263,0.0641409,0.219777,0.21134
0.142238,0.114223,0.14748,0.151377,0.125543,0.114152,0.277874,0.232794
0.158494,0.144147,0.148102,0.151157,0.151173,0.144111,0.3418,0.362027
0.181794,0.16219,0.177971,0.182977,0.16768,0.162131,0.253675,0.249717
0.204552,0.207171,0.175482,0.176964,0.205908,0.207173,0.277823,0.361341
0.506096,0.576293,0.481643,0.493005,0.475673,0.576295,0.360859,0.468632
0.525061,0.630243,0.477909,0.478639,0.508688,0.630328,0.366988,0.536922
0.0211325,0.00382649,0.0230243,0.0275795,0.018245,0.00379522,0.054695,0.00836176
0.0254674,0.00439602,0.022402,0.0240887,0.0256299,0.0043702,0.0717588,0.0144632
0.0658358,0.0582742,0.0653391,0.0753639,0.0603823,0.0582413,0.164434,0.141175
0.0682742,0.0705953,0.0609832,0.0622961,0.0673328,0.0705947,0.177937,0.224015
0.143322,0.0994381,0.146235,0.152236,0.128149,0.0993482,0.205627,0.149081
0.159035,0.123005,0.146235,0.149586,0.153345,0.122947,0.289066,0.263951
0.130588,0.000427547,0.299938,0.313491,0.000434405,9.51E-07,0.406344,1.37E-06
0.12815,0.000409031,0.293715,0.29664,0.00086881,5.48E-06,0.440872,9.05E-06
0.215389,0.398454,0,0,0.345786,0.398923,0,0.708895
0.185857,0.345926,0,0,0.298436,0.346333,0,0.63616
0.368735,0.348531,0.3771,0.390436,0.32841,0.348406,0.298367,0.295793
0.397724,0.414951,0.372122,0.374828,0.378367,0.414926,0.330406,0.406339
0.0287185,0.00667749,0.0311139,0.0430782,0.0247611,0.00662834,0.076042,0.0129988
0.0322406,0.0078925,0.0273802,0.028731,0.0330148,0.00786442,0.0612059,0.0186127
0.0785695,0.0488432,0.078407,0.0915754,0.0716768,0.0487771,0.245365,0.145195
0.084259,0.0616745,0.0721842,0.0734723,0.0851434,0.0616481,0.208323,0.194193
0.18071,0.129632,0.176727,0.182356,0.166811,0.129536,0.399221,0.315053
0.201842,0.154406,0.17486,0.177732,0.201998,0.154345,0.429533,0.414406
0.263343,0.281449,0.250156,0.253123,0.248045,0.281434,0.292343,0.361108
0.278244,0.32142,0.249533,0.250583,0.272372,0.321455,0.361367,0.515013
0.421837,0.402451,0.42066,0.426752,0.383145,0.40234,0.263631,0.276131
0.449472,0.463997,0.415681,0.417695,0.43093,0.463971,0.262534,0.323979
0.0181523,0.00608773,0.0211574,0.0312166,0.0147698,0.00605414,0.0774235,0.0166817
0.0167976,0.00655807,0.0168015,0.0180939,0.0156386,0.00654299,0,0
0.0837171,0.0334503,0.0871189,0.100567,0.0738488,0.0333538,0.314069,0.115721
0.0915741,0.0391827,0.0827629,0.0854709,0.0894874,0.0391135,0.357466,0.181737
0.0609591,0.0692163,0.0609832,0.0720924,0.0556038,0.0692006,0.15879,0.169334
0.068816,0.0947205,0.0578718,0.0591891,0.0703736,0.0947524,0.150756,0.268116
0.372257,0.287188,0.344742,0.350392,0.356646,0.287047,0.325216,0.295987
0.404497,0.361396,0.344119,0.34701,0.408775,0.361347,0.521251,0.603016
0.414251,0.395469,0.382701,0.388297,0.39748,0.395403,0.303028,0.342815
0.445679,0.462043,0.382701,0.385538,0.447871,0.462059,0.343134,0.456872
0.0127337,0.00427161,0.0143124,0.0240704,0.0108601,0.00424567,0,0
0.00596044,2.32E-05,0.0130678,0.0144386,0.00086881,5.48E-06,0,0
0.0065023,0.00367789,0,0,0.0108601,0.00368419,0,0
0.128962,0.0912715,0.115744,0.121714,0.126412,0.0912137,0.32384,0.26962
0.1398,0.0999084,0.114499,0.117711,0.144657,0.0998662,0.3455,0.325649
0.119209,0.108686,0.101431,0.113325,0.120765,0.108661,0.297766,0.317193
0.133297,0.154122,0.0983199,0.0995805,0.145526,0.154168,0.273204,0.469903
0.300732,0.291899,0.282514,0.288251,0.285404,0.291848,0.257753,0.289928
0.325115,0.340765,0.280647,0.284468,0.325804,0.340777,0.406477,0.540971
0.250339,0.284375,0.253889,0.267872,0.224587,0.284343,0.241544,0.284847
0.276077,0.35177,0.247044,0.248097,0.270634,0.351844,0.230448,0.363081
0.00839881,0.00184351,0.011201,0.0192636,0.00608167,0.0018213,0.0773351,0.00812308
0.00704416,0.00264598,0.00684505,0.00683548,0.00695048,0.00264172,0.0322002,0.0138254
0.0923869,0.0659425,0.0902302,0.0993795,0.0855778,0.0658857,0.402922,0.296767
0.038201,0.000126174,0.0871189,0.0897477,0.00086881,5.48E-06,0.404131,2.74E-05
0.06123,0.0760012,0,0,0.0986099,0.0760922,0,0.459644
0.199404,0.112213,0.184816,0.1908,0.191138,0.112085,0.428323,0.27954
0.214034,0.132011,0.181705,0.184933,0.216768,0.131915,0.434216,0.3441
0.182064,0.145078,0.186683,0.192115,0.162033,0.144987,0.275516,0.231001
0.213221,0.204234,0.186061,0.188844,0.212424,0.204217,0.293287,0.352357
0.151449,0.000490316,0.347853,0.359402,0.000434405,9.51E-07,0.303351,8.91E-07
0.150366,0.000476148,0.344119,0.345037,0.00130321,6.43E-06,0.311479,6.45E-06
0.259008,0.553263,0,0,0.415725,0.553913,0,0.581116
0.233541,0.479491,0,0,0.374891,0.480055,0,0.504033
0.0287185,0.00400717,0.0329807,0.0411591,0.0234579,0.00395753,0.189718,0.0202659
0.0330534,0.00461817,0.0311139,0.0326787,0.0317116,0.00458085,0.164081,0.0255529
0.084259,0.0723869,0.0858743,0.0930832,0.0755864,0.0723462,0.312085,0.269475
0.0894067,0.0828366,0.0833852,0.0833417,0.0855778,0.0828215,0.297876,0.328865
0.207803,0.153321,0.199129,0.209487,0.194613,0.153216,0.41641,0.338351
0.0858846,0.0002728,0.19664,0.197763,0.00086881,4.43E-06,0.510473,1.27E-05
0.129775,0.172531,0,0,0.208514,0.172735,0,0.554091
0.143322,0.165655,0.143124,0.155544,0.130321,0.165638,0.230991,0.273277
0.0625847,0.000201836,0.142502,0.144395,0.00130321,6.43E-06,0.219303,1.08E-05
0.099431,0.217066,0,0,0.159861,0.217322,0,0.391224
0.794636,0.663311,0.77598,0.788795,0.732841,0.66301,0.611687,0.571197
0.817665,0.703539,0.771002,0.773186,0.773241,0.703307,0.616405,0.622913
0.0476836,0.0131257,0.0528936,0.0568588,0.0399652,0.0130652,0.141462,0.0361126
0.023029,7.67E-05,0.051649,0.0528562,0.00130321,6.43E-06,0.21629,2.92E-05
0.0300732,0.0139224,0,0,0.0486533,0.0139407,0,0.0692967
0.038201,0.027397,0.0410703,0.0530481,0.0330148,0.0273584,0.239589,0.137274
0.0409103,0.0373017,0.0379589,0.039304,0.0395308,0.0372936,0.282685,0.297989
0.100515,0.0930364,0.100809,0.113983,0.091225,0.0929913,0.274566,0.248858
0.11081,0.111981,0.0976976,0.100239,0.109904,0.111977,0.267291,0.331725
0.234083,0.207929,0.246422,0.25114,0.203736,0.20783,0.237599,0.218443
0.260092,0.263058,0.2458,0.247759,0.245873,0.263028,0.268563,0.316753
0.479816,0.424723,0.432483,0.437571,0.467854,0.424623,0.336715,0.363009
0.510431,0.49349,0.430616,0.432947,0.518245,0.493477,0.345406,0.437383
0.0484963,0.0134231,0.0497822,0.0543,0.0434405,0.0133665,0.0798871,0.0218471
0.0533731,0.0139646,0.0485376,0.0502975,0.0521286,0.0139141,0.0988614,0.0303834
0.0896776,0.0739979,0.0933416,0.102075,0.0790617,0.0739468,0.174615,0.140534
0.0950962,0.0870033,0.0908525,0.0907255,0.0894874,0.086983,0.430114,0.45813
0.253048,0.202358,0.23771,0.244241,0.240226,0.202263,0.336521,0.309607
0.264156,0.213724,0.236465,0.240238,0.258905,0.213647,0.450185,0.444782
0.203197,0.166922,0.209708,0.213344,0.179844,0.166828,0.215854,0.18752
0.224059,0.22164,0.209085,0.209963,0.213727,0.221614,0.239427,0.280756
0.375508,0.431459,0.342875,0.346553,0.363162,0.431492,0.258922,0.358156
0.40233,0.502557,0.342253,0.343172,0.406603,0.502677,0.291845,0.474931
0.030615,0.00745826,0.033603,0.0423471,0.0260643,0.00741103,0.211953,0.0412093
0.0333243,0.00875011,0.0304916,0.0303028,0.0325804,0.00872087,0.152545,0.0487727
0.112436,0.0776263,0.116366,0.130834,0.0994787,0.0775401,0.476104,0.31348
0.118396,0.0855713,0.111388,0.115225,0.112511,0.0855158,0.478525,0.394551
0.218369,0.197373,0.203485,0.209222,0.208514,0.19732,0.393878,0.412691
0.232999,0.219571,0.200996,0.203977,0.23371,0.219551,0.439017,0.524973
0.181523,0.180039,0.189795,0.191768,0.158992,0.17999,0.24802,0.258618
0.199133,0.220376,0.189172,0.188981,0.187663,0.220377,0.255286,0.330732
0.659713,0.62,0.582452,0.58755,0.651607,0.619923,0.35787,0.419488
0.681387,0.663645,0.579963,0.582305,0.688097,0.663627,0.526661,0.666816
0.00948253,0.00474335,0.0105787,0.0156448,0.00825369,0.00472949,0.0457285,0.0153579
0.00948253,0.00555354,0.00871189,0.0100887,0.00955691,0.00554824,0.0467723,0.0285764
0.0758602,0.0499279,0.0721842,0.0839357,0.0716768,0.0498735,0.215139,0.142018
0.0829044,0.0606383,0.0703174,0.0716081,0.0842745,0.0606133,0.19937,0.187485
0.149282,0.132443,0.140635,0.146131,0.141616,0.1324,0.235708,0.237258
0.164725,0.164992,0.140635,0.143372,0.166377,0.164991,0.240883,0.307967
0.227039,0.245188,0.228998,0.237542,0.204605,0.245152,0.275038,0.315346
0.246275,0.295848,0.226509,0.22759,0.237185,0.295885,0.313799,0.453233
0.476023,0.489113,0.403236,0.408548,0.482189,0.489128,0.302589,0.40247
0.511244,0.5548,0.401991,0.404545,0.539531,0.554898,0.34147,0.520355
0.015172,0.00263407,0.0168015,0.0200495,0.0130321,0.00261172,0.0237947,0.00344351
0.019236,0.00319744,0.0155569,0.0160469,0.020417,0.00318122,0.0198685,0.00437589
0.125982,0.0717333,0.128811,0.135056,0.112511,0.0716344,0.152834,0.0900595
0.138445,0.0821756,0.127567,0.131053,0.133362,0.0820945,0.444278,0.309188
0.0623137,0.0562686,0.0622278,0.0741759,0.056907,0.0562349,0.144131,0.121395
0.0720672,0.0863039,0.0584941,0.0598105,0.075152,0.0863251,0.133146,0.213495
0.292333,0.275292,0.28687,0.28826,0.268897,0.275222,0.34872,0.369893
0.308588,0.307124,0.285625,0.286176,0.29583,0.307094,0.355867,0.424253
0.586833,0.526699,0.57374,0.57885,0.540834,0.526526,0.362358,0.366178
0.612029,0.583734,0.571873,0.574226,0.582537,0.583634,0.374864,0.423284
0.019236,0.00470579,0.0199129,0.0263002,0.0173762,0.0046773,0.13052,0.0257878
0.0214034,0.00532847,0.018046,0.0187519,0.0221546,0.00531104,0.100547,0.0316378
0.0541859,0.0536266,0.0541381,0.0660977,0.0495222,0.0536009,0.216813,0.195332
0.0593335,0.0664918,0.0528936,0.0542178,0.0586447,0.0664975,0.219095,0.298536
0.118125,0.127376,0.111388,0.123267,0.112076,0.127359,0.230065,0.264078
0.129504,0.164043,0.107032,0.10828,0.133362,0.164089,0.314219,0.52901
0.27418,0.225003,0.288114,0.291458,0.238923,0.22487,0.292983,0.25113
0.292875,0.274432,0.285625,0.286981,0.270634,0.274363,0.338445,0.359469
0.579789,0.54001,0.510268,0.515247,0.573849,0.539939,0.389845,0.453859
0.6123,0.589712,0.511512,0.51373,0.625109,0.589701,0.403017,0.51395
0.00975345,0.00317093,0.011201,0.0181122,0.00825369,0.00315185,0.0425329,0.0082228
0.00975345,0.00479416,0.00933416,0.0107101,0.00955691,0.00478712,0.132905,0.0659962
0.196695,0.112869,0.176727,0.181515,0.192441,0.112755,0.470726,0.324857
0.197507,0.116946,0.175482,0.177512,0.194613,0.116842,0.638515,0.466919
0.13411,0.0993464,0.138768,0.143609,0.118593,0.0992682,0.148056,0.113699
0.0609591,0.000196988,0.138768,0.140849,0.00130321,6.43E-06,0.177137,8.98E-06
0.088052,0.128212,0,0,0.141616,0.128364,0,0.18634
0.490382,0.447444,0.474175,0.478584,0.455691,0.447314,0.486859,0.505543
0.507992,0.482455,0.472309,0.474801,0.48523,0.482372,0.507469,0.57277
0.65294,0.774634,0.566895,0.572453,0.651607,0.77476,0.487099,0.732394
0.666757,0.795617,0.565028,0.567829,0.675065,0.795774,0.523563,0.815157
0.0146302,0.00505172,0.0174238,0.0294072,0.0117289,0.00501938,0.116618,0.0221138
0.0135465,0.00747305,0.0130678,0.0131227,0.0130321,0.00746584,0.057039,0.036052
0.0799241,0.0723122,0.0746733,0.0789462,0.0764553,0.0722908,0.30729,0.312609
0.0834462,0.0815592,0.0728065,0.0743222,0.0834057,0.081555,0.341258,0.416022
0.38472,0.273512,0.342875,0.349624,0.377932,0.273355,0.50428,0.438025
0.39637,0.285654,0.342253,0.346243,0.397046,0.285517,0.702613,0.643677
0.217556,0.202167,0.221531,0.226183,0.194613,0.202096,0.206162,0.204648
0.234354,0.241579,0.218419,0.219759,0.223719,0.241563,0.207023,0.252815
0.380656,0.386123,0.373367,0.379232,0.35013,0.386058,0.267329,0.302338
0.41994,0.477211,0.370877,0.373987,0.414857,0.47726,0.319751,0.453326
0.0566242,0.0134672,0.051649,0.0565664,0.0551694,0.0134076,0.105342,0.0277391
0.06123,0.0139873,0.0504045,0.0525638,0.0634231,0.0139337,0.102732,0.0302543
0.065294,0.0633665,0.0659614,0.0759853,0.0590791,0.0633387,0.118703,0.109927
0.0669195,0.0717654,0.0622278,0.0635389,0.0642919,0.0717645,0.18901,0.237168
0.112436,0.0775564,0.106409,0.112173,0.106429,0.0774957,0.236464,0.181491
0.130859,0.108189,0.104543,0.107549,0.137272,0.10817,0.24119,0.269501
0.172311,0.157006,0.158058,0.164856,0.166377,0.156966,0.189191,0.200126
0.195611,0.226922,0.156192,0.156046,0.205039,0.226976,0.212843,0.343943
0.36738,0.369836,0.358432,0.363843,0.33927,0.369773,0.270262,0.305146
0.399892,0.437115,0.35532,0.357976,0.393571,0.437139,0.277702,0.376742
0.019236,0.00485768,0.0211574,0.0331356,0.0165074,0.00482001,0.0830719,0.0134248
0.0184232,0.00509586,0.018046,0.0180939,0.0173762,0.00507906,0.0493089,0.0153772
0.151179,0.118174,0.128189,0.134069,0.153345,0.118131,0.367933,0.36017
0.157952,0.120678,0.126945,0.130066,0.165074,0.120644,0.430565,0.44369
0.0837171,0.0596476,0.0939639,0.106087,0.0690704,0.0595743,0.2495,0.155657
0.0915741,0.083685,0.089608,0.0911002,0.0847089,0.0836603,0.307948,0.31418
0.232457,0.190961,0.237088,0.242449,0.207646,0.190855,0.311788,0.272673
0.258467,0.240075,0.233976,0.236473,0.25152,0.240034,0.34448,0.388469
0.442428,0.515751,0.39888,0.40471,0.431364,0.515803,0.294428,0.416888
0.470604,0.576301,0.397013,0.400159,0.477845,0.57643,0.350742,0.561309
0.0373882,0.00740046,0.0379589,0.0453993,0.0338836,0.00734899,0.137699,0.0247634
0.0387429,0.007764,0.0348475,0.0351278,0.0382276,0.00772701,0.192513,0.0470458
0.192631,0.0863781,0.168637,0.181972,0.191573,0.0862321,0.601648,0.316744
0.198049,0.0923749,0.164904,0.167606,0.202867,0.0922556,0.688688,0.421139
0.125711,0.140198,0.115121,0.126996,0.121633,0.140191,0.270235,0.331414
0.138987,0.179213,0.11201,0.113252,0.145091,0.17927,0.29398,0.516988
0.269846,0.173329,0.280025,0.287428,0.237619,0.17314,0.299916,0.20071
0.294771,0.218306,0.278158,0.281032,0.278888,0.218179,0.348169,0.300296
0.559469,0.532332,0.540137,0.545514,0.520417,0.532211,0.365298,0.395937
0.588729,0.590004,0.539515,0.542132,0.567767,0.589955,0.470933,0.569342
0.0465998,0.013454,0.0441817,0.0491826,0.0443093,0.0134044,0.068396,0.0207094
0.0517475,0.014017,0.0429371,0.04518,0.0534318,0.0139735,0.104271,0.0358281
0.138716,0.0822778,0.131923,0.14498,0.130756,0.0821777,0.232727,0.146553
0.146302,0.0921293,0.126945,0.128046,0.146394,0.092064,0.319218,0.254982
0.119751,0.126331,0.109521,0.118232,0.115986,0.126319,0.220985,0.2623
0.130859,0.163046,0.105165,0.106416,0.136838,0.163093,0.211321,0.359809
0.207803,0.19363,0.217175,0.228066,0.182016,0.193547,0.27329,0.257662
0.224871,0.239114,0.214686,0.215711,0.211121,0.239101,0.296133,0.364667
0.263614,0.347782,0.237088,0.24562,0.257602,0.347855,0.197712,0.311076
0.29152,0.431483,0.232732,0.23248,0.305387,0.431672,0.208722,0.430564
0.030615,0.0123956,0.0367144,0.0486708,0.0238923,0.0123455,0.183177,0.0516191
0.0298022,0.0131964,0.0329807,0.0343236,0.0251955,0.0131668,0.439205,0.187179
0.0303441,0.014865,0.0360921,0.0459842,0.0238923,0.0148214,0.0737442,0.0264065
0.0333243,0.0247268,0.0329807,0.0342597,0.0308427,0.0247108,0.108141,0.0866554
0.173124,0.126456,0.172371,0.178554,0.157689,0.126362,0.318809,0.250656
0.189109,0.148288,0.168637,0.172066,0.185925,0.148228,0.42285,0.40469
0.240585,0.231884,0.256378,0.265962,0.207211,0.231794,0.340617,0.329799
0.261989,0.289669,0.253267,0.254311,0.243701,0.289663,0.35303,0.446724
0.553779,0.505273,0.540759,0.552038,0.51086,0.505111,0.354882,0.360747
0.575725,0.560867,0.535159,0.535809,0.549957,0.560792,0.359368,0.417861
0.0346789,0.00790838,0.0385812,0.0501695,0.0291051,0.00785097,0.152219,0.0264638
0.0363045,0.00772426,0.0348475,0.0354202,0.034318,0.00768682,0.107905,0.0260159
0.175562,0.0977182,0.164281,0.177732,0.167246,0.0975914,0.327416,0.199732
0.179897,0.100201,0.160548,0.163366,0.176803,0.100097,0.324355,0.22079
0.184503,0.121108,0.181083,0.19154,0.169852,0.12099,0.397707,0.279096
0.19832,0.139154,0.17486,0.176781,0.196351,0.139077,0.425561,0.371947
0.275535,0.311495,0.243933,0.245319,0.271937,0.311526,0.344772,0.486403
0.295313,0.359486,0.245177,0.246562,0.30278,0.359572,0.404557,0.655451
0.608236,0.504018,0.583696,0.588573,0.568202,0.503805,0.345438,0.328498
0.633433,0.551925,0.581829,0.583949,0.609904,0.551774,0.347597,0.36489
0.030615,0.00563452,0.0323584,0.0362427,0.0269331,0.00559352,0.0977398,0.0167586
0.0352208,0.006227,0.0311139,0.0322401,0.0351868,0.00619216,0.0909223,0.0194007
0.0501219,0.0248291,0.0535159,0.0577087,0.0434405,0.0247812,0.0956334,0.0456238
0.0568952,0.0280977,0.0528936,0.0541081,0.054735,0.0280585,0.129809,0.074784
0.224871,0.187321,0.235221,0.240476,0.196785,0.187213,0.21248,0.183774
0.248984,0.22705,0.235221,0.237716,0.235447,0.226993,0.317103,0.3364
0.530209,0.532764,0.534536,0.544984,0.477411,0.532644,0.432581,0.469702
0.549445,0.589143,0.527069,0.52773,0.513467,0.589112,0.430538,0.533946
0.0265511,0.00642413,0.0273802,0.0324777,0.0238923,0.0063892,0.0407846,0.00891369
0.0325115,0.0075248,0.0267579,0.0289868,0.0338836,0.00749593,0.0514433,0.0147793
0.0411813,0.0218562,0.0454263,0.0686198,0.0347524,0.0217898,0.291912,0.102981
0.038201,0.0238485,0.0348475,0.036197,0.0373588,0.0238289,0.171757,0.125616
0.295313,0.210509,0.270068,0.27225,0.285404,0.210384,0.333465,0.286284
0.304525,0.222622,0.268202,0.269472,0.301477,0.222516,0.339971,0.311883
0.172582,0.186424,0.17486,0.186651,0.155083,0.186389,0.208432,0.231236
0.194527,0.251656,0.172371,0.173528,0.192007,0.251715,0.239633,0.386177
0.32349,0.35074,0.304916,0.309854,0.306255,0.350728,0.203979,0.256507
0.357898,0.430059,0.304294,0.306473,0.361859,0.430145,0.232814,0.363023
0.00758602,0.00177238,0.00995644,0.0177832,0.00564726,0.00175212,0.0611648,0.00669507
0.0065023,0.00175951,0.00684505,0.00690859,0.00608167,0.00175412,0.0938906,0.0264845
0.0983473,0.0781668,0.0958307,0.100394,0.091225,0.0781229,0.235676,0.203745
0.10783,0.0863518,0.0958307,0.0976341,0.106429,0.0863212,0.241933,0.237635
0.241398,0.165653,0.226509,0.23258,0.229366,0.165531,0.462631,0.365798
0.256841,0.190148,0.225887,0.229199,0.254561,0.190059,0.510366,0.470173
0.202655,0.209911,0.18855,0.198138,0.193745,0.209888,0.272353,0.320519
0.231645,0.284214,0.186061,0.188113,0.241964,0.284292,0.269834,0.453046
0.60363,0.638151,0.500311,0.506182,0.619027,0.638208,0.405537,0.56805
0.623408,0.668933,0.501556,0.504665,0.64987,0.669027,0.430025,0.633336
0.0238418,0.00338391,0.0261357,0.0301748,0.020417,0.00334857,0.0986569,0.0121631
0.0249255,0.00408622,0.0248911,0.0262453,0.0230235,0.00405708,0.171543,0.0294602
0.0390138,0.0258301,0.0398258,0.0518053,0.0351868,0.0257914,0.337112,0.186456
0.0425359,0.0412934,0.0354698,0.0368184,0.0438749,0.0412933,0.284406,0.354368
0.20699,0.190036,0.173615,0.182474,0.211121,0.190011,0.413455,0.478305
0.21295,0.208471,0.169259,0.170348,0.223719,0.208484,0.417103,0.567127
0.23327,0.195673,0.248289,0.267817,0.201129,0.195537,0.275716,0.223642
0.253048,0.251773,0.242066,0.243126,0.237185,0.251737,0.255683,0.294116
0.706584,0.630052,0.680149,0.685111,0.658558,0.629854,0.353592,0.361145
0.729613,0.675749,0.679527,0.68173,0.695917,0.675609,0.513856,0.565751
0.00866974,0.00286599,0.011201,0.049274,0.00651607,0.00280391,0.483934,0.0305938
0.00758602,0.00281443,0.00808961,0.0081514,0.00695048,0.00280857,0.0816709,0.0312623
0.159306,0.0826234,0.148102,0.154429,0.152476,0.0825107,0.395848,0.234969
0.162829,0.0843555,0.146857,0.150426,0.158992,0.0842504,0.542156,0.337344
0.110268,0.115122,0.109521,0.121403,0.100782,0.115093,0.328554,0.346041
0.115958,0.13318,0.105165,0.106416,0.112945,0.133193,0.331987,0.461631
0.214034,0.190151,0.230865,0.242239,0.18245,0.190044,0.306912,0.2675
0.232999,0.237422,0.227754,0.229446,0.21503,0.237388,0.324991,0.373552
0.863181,0.700423,0.836341,0.841742,0.800608,0.700093,0.567928,0.524772
0.879166,0.728672,0.835719,0.838361,0.826672,0.728379,0.588445,0.56798
0.0449743,0.0125931,0.0472931,0.0516682,0.0395308,0.0125391,0.128797,0.0347255
0.0493091,0.0130559,0.0460485,0.0476656,0.0473501,0.0130079,0.127424,0.0386327
0.0493091,0.0395309,0.0441817,0.0548301,0.0486533,0.0395041,0.133874,0.107157
0.0579789,0.0696656,0.0410703,0.0424111,0.0647263,0.0696912,0.22165,0.404638
0.172311,0.0982547,0.192284,0.196091,0.142485,0.0981034,0.447538,0.248747
0.196153,0.123859,0.191661,0.192783,0.181147,0.123742,0.470577,0.335567
0.246546,0.243806,0.250778,0.255133,0.220678,0.243745,0.266465,0.282819
0.276348,0.292556,0.248289,0.248563,0.2702,0.292561,0.26599,0.347812
0.371986,0.49695,0.320473,0.33206,0.373154,0.497079,0.259613,0.431754
0.394473,0.56575,0.316739,0.317695,0.411816,0.56598,0.252379,0.49951
0.0273639,0.00542498,0.0280025,0.0322218,0.0247611,0.00538923,0.0686768,0.0127611
0.0322406,0.00593515,0.0261357,0.0275978,0.0338836,0.00590632,0.08596,0.0204381
0.0403685,0.028477,0.0479154,0.0520063,0.0317116,0.0284412,0.148277,0.0900881
0.045787,0.0366041,0.0466708,0.0479306,0.0412685,0.0365833,0.268654,0.227806
0.140883,0.111751,0.126322,0.13215,0.138141,0.111703,0.3383,0.31769
0.153346,0.147838,0.124456,0.124355,0.159427,0.147843,0.337199,0.445374
0.183148,0.188302,0.177971,0.182648,0.169852,0.188275,0.214747,0.245926
0.206448,0.241393,0.176105,0.178024,0.208514,0.241434,0.215432,0.324586
0.552696,0.605464,0.509645,0.514845,0.530843,0.605471,0.383121,0.500556
0.578163,0.651807,0.507778,0.510221,0.57298,0.651873,0.422183,0.599248
0.0303441,0.00615861,0.0311139,0.0352192,0.0273675,0.00611962,0.119643,0.0230957
0.0368464,0.00774551,0.029247,0.0305221,0.0390964,0.0077148,0.109212,0.0306678
0.0866974,0.0625214,0.0902302,0.0938782,0.0764553,0.0624681,0.238832,0.176558
0.0983473,0.0728955,0.0883634,0.0911733,0.0964379,0.0728581,0.336299,0.298563
0.244107,0.173702,0.225887,0.233128,0.234144,0.173589,0.383895,0.31757
0.255486,0.188679,0.22402,0.228504,0.253692,0.188589,0.417767,0.383051
0.215931,0.166871,0.228376,0.233713,0.187228,0.166748,0.300787,0.238418
0.235167,0.208934,0.227754,0.230332,0.218506,0.208866,0.318564,0.320929
0.770252,0.721298,0.713752,0.720092,0.737185,0.721159,0.57817,0.643278
0.791655,0.759945,0.712508,0.71609,0.772372,0.759857,0.616596,0.726885
0.0484963,0.0126219,0.0541381,0.0582844,0.0403997,0.0125589,0.127614,0.0305491
0.0539149,0.0135667,0.0528936,0.0542818,0.0499566,0.0135103,0.137613,0.0380514
0.0298022,0.0226617,0.0329807,0.0436447,0.0251955,0.0226305,0.104976,0.060472
0.0341371,0.0379747,0.0298693,0.0312257,0.034318,0.0379784,0.16437,0.222099
0.182335,0.15617,0.158681,0.162727,0.182016,0.156133,0.359887,0.383621
0.199946,0.202638,0.156814,0.158103,0.211555,0.202661,0.416757,0.593492
0.312111,0.24025,0.306161,0.312084,0.287142,0.240106,0.260931,0.223027
0.338933,0.287098,0.307405,0.310567,0.329279,0.287011,0.264891,0.271964
0.662964,0.721412,0.594897,0.599868,0.648132,0.721438,0.327643,0.437769
0.678678,0.752768,0.594275,0.596487,0.673762,0.752835,0.513697,0.720287
0.0284476,0.00577715,0.0304916,0.0352557,0.0247611,0.00573766,0.0972969,0.0175916
0.0322406,0.00615371,0.029247,0.0312531,0.0317116,0.00612014,0.094515,0.0205622
0.0747765,0.0468334,0.0765401,0.0897111,0.0668983,0.0467675,0.198313,0.114855
0.0823625,0.059526,0.0746733,0.077283,0.0803649,0.0594919,0.310923,0.265906
0.260634,0.216005,0.258867,0.265295,0.237619,0.215897,0.448018,0.405054
0.274993,0.234131,0.258867,0.262536,0.260643,0.234047,0.457561,0.453174
0.138174,0.139352,0.144368,0.156202,0.121199,0.139303,0.210604,0.208662
0.16039,0.205606,0.140635,0.141836,0.159427,0.205654,0.199912,0.322025
0.513682,0.502869,0.446795,0.452741,0.512163,0.502841,0.359774,0.443927
0.549174,0.573767,0.445551,0.448738,0.569939,0.573826,0.379291,0.53884
0.0249255,0.00351452,0.0311139,0.042146,0.0186794,0.00346295,0.123979,0.0113172
0.0260092,0.00398765,0.0267579,0.0282558,0.0234579,0.00395565,0.128226,0.0199429
0.0904904,0.0615668,0.0846297,0.0948377,0.0864466,0.061511,0.216498,0.156001
0.0983473,0.0661058,0.0821406,0.0836341,0.100782,0.0660707,0.235005,0.206255
0.141425,0.115038,0.136901,0.142512,0.131625,0.114979,0.296468,0.265733
0.155242,0.136111,0.132545,0.134005,0.15682,0.136089,0.328139,0.370221
0.207261,0.190118,0.217797,0.229528,0.180712,0.190029,0.340637,0.313311
0.228393,0.248703,0.214063,0.215162,0.217202,0.248702,0.331658,0.425896
0.838255,0.774543,0.808339,0.814291,0.780191,0.774338,0.583797,0.616756
0.858846,0.805915,0.808339,0.811604,0.813206,0.80575,0.603758,0.665916
0.0392847,0.00763377,0.0410703,0.0445403,0.0347524,0.00758374,0.092193,0.0174393
0.0436196,0.00812642,0.0398258,0.0413784,0.0425717,0.0080813,0.121271,0.0263126
0.0441615,0.0278369,0.0504045,0.0615285,0.0360556,0.0277873,0.162172,0.0813666
0.0465998,0.0341626,0.0472931,0.0473001,0.0421373,0.0341398,0.217808,0.174652
0.167163,0.160108,0.164281,0.167296,0.153779,0.160069,0.464061,0.493285
0.179897,0.192197,0.163659,0.164828,0.174631,0.192199,0.460833,0.596983
0.24194,0.190179,0.222775,0.228157,0.232841,0.190091,0.297147,0.275043
0.270658,0.244649,0.219664,0.22229,0.28106,0.244633,0.308199,0.376814
0.735844,0.648466,0.69944,0.705471,0.692007,0.648262,0.435476,0.444565
0.757518,0.685021,0.697573,0.700847,0.728063,0.684866,0.535268,0.581104
0.015172,0.00573299,0.0186683,0.0293341,0.0117289,0.00570155,0.226515,0.0489123
0.0146302,0.00632911,0.0168015,0.018167,0.0121633,0.00631366,0.260794,0.100692
0.076673,0.044565,0.085252,0.0904605,0.0638575,0.0444954,0.254107,0.138859
0.0848009,0.0541401,0.0833852,0.0857634,0.0781929,0.0540881,0.258523,0.181134
0.184774,0.143606,0.17486,0.179422,0.174631,0.14353,0.301322,0.267792
0.199675,0.16766,0.173615,0.176635,0.199392,0.167617,0.327276,0.345029
0.146031,0.161141,0.151213,0.163037,0.129018,0.161108,0.261827,0.287439
0.161203,0.206505,0.148102,0.149293,0.155517,0.206545,0.248224,0.381521
0.521268,0.595991,0.489732,0.501448,0.494353,0.596004,0.324281,0.428198
0.54511,0.646508,0.487243,0.489166,0.534318,0.646597,0.383844,0.56368
0.0322406,0.00636587,0.0360921,0.0396787,0.0269331,0.00632101,0.122563,0.0216915
0.0368464,0.00756629,0.0354698,0.0371382,0.0347524,0.00752632,0.12737,0.0286766
0.0734218,0.0777559,0.0721842,0.0841185,0.0677672,0.0777338,0.255467,0.262273
0.0750474,0.0867026,0.0684505,0.069753,0.07298,0.0867106,0.342596,0.473143
0.216202,0.112772,0.213441,0.219311,0.198089,0.112606,0.481996,0.274944
0.232186,0.14569,0.211574,0.214687,0.225022,0.145568,0.496558,0.374052
0.225142,0.205958,0.235221,0.239068,0.19722,0.205874,0.302572,0.289474
0.242753,0.241169,0.235221,0.238228,0.225456,0.241128,0.320016,0.359855
0.524248,0.457706,0.509645,0.515138,0.48523,0.457539,0.328034,0.323686
0.560553,0.527536,0.510268,0.512999,0.543006,0.527454,0.346867,0.396215
0.0349499,0.00739216,0.0392035,0.0410494,0.0291051,0.00734663,0.0728487,0.0144845
0.038201,0.00877482,0.0379589,0.0389659,0.0351868,0.00873376,0.134801,0.0335669
0.153617,0.124057,0.145613,0.154977,0.145091,0.123992,0.443144,0.393888
0.15443,0.124855,0.143124,0.144541,0.148132,0.124805,0.655015,0.628335
0.112978,0.115055,0.109521,0.121403,0.105126,0.115026,0.205784,0.21661
0.124357,0.150893,0.106409,0.107659,0.125543,0.150924,0.278796,0.434205
0.248984,0.252957,0.240821,0.258615,0.231538,0.252901,0.323347,0.35129
0.270929,0.305233,0.23771,0.241042,0.268897,0.305263,0.312324,0.439427
0.355459,0.357097,0.330429,0.336099,0.339705,0.357057,0.273987,0.323371
0.389596,0.424879,0.326696,0.329611,0.397046,0.424927,0.275934,0.395201
0.0295313,0.00580409,0.0342253,0.0386552,0.0238923,0.00575998,0.0410568,0.00679671
0.0346789,0.00709674,0.0323584,0.0341409,0.0334492,0.00706032,0.0631485,0.0145082
0.0826334,0.0743162,0.0802738,0.0921968,0.0768897,0.0742791,0.15675,0.140301
0.0837171,0.079592,0.0765401,0.0778313,0.0812337,0.0795807,0.380382,0.43209
0.285289,0.215226,0.268824,0.274763,0.2702,0.215104,0.595508,0.517938
0.307234,0.241841,0.267579,0.27076,0.306255,0.241756,0.625517,0.620485
0.261176,0.219029,0.2458,0.251515,0.247611,0.218943,0.275621,0.266551
0.282579,0.258626,0.2458,0.248828,0.281929,0.25859,0.289069,0.333746
0.352208,0.342944,0.347231,0.352219,0.322763,0.342866,0.248926,0.269204
0.382552,0.410786,0.344119,0.346352,0.373588,0.410795,0.268529,0.353833
0.0758602,0.0135455,0.0709396,0.0757569,0.0725456,0.0134597,0.164443,0.0324586
0.0796532,0.0139271,0.0696951,0.0717543,0.0794961,0.0138472,0.231184,0.0495647
0.154701,0.073144,0.152458,0.166364,0.14205,0.0730039,0.329155,0.160468
0.159306,0.0832765,0.148724,0.151998,0.152042,0.0831679,0.375063,0.227993
0.192902,0.16062,0.205352,0.210429,0.166377,0.160522,0.453332,0.384189
0.209699,0.179912,0.202862,0.203858,0.195048,0.179846,0.513747,0.503525
0.102682,0.105758,0.104543,0.110172,0.0920938,0.105733,0.153508,0.163671
0.110539,0.127473,0.103298,0.104323,0.10556,0.127481,0.188435,0.255816
0.435112,0.406854,0.38519,0.390564,0.429192,0.406798,0.285786,0.330695
0.467082,0.47497,0.380834,0.383454,0.483493,0.475004,0.291364,0.400978
0.0287185,0.00663052,0.0280025,0.0311252,0.0269331,0.00659768,0.0577452,0.0135986
0.0330534,0.00736398,0.0267579,0.0271226,0.0347524,0.00733748,0.0545168,0.016385
0.175562,0.121282,0.171126,0.174661,0.162467,0.121187,0.365556,0.281783
0.179355,0.121662,0.170504,0.173199,0.168983,0.121569,0.460682,0.359235
0.159577,0.108109,0.158058,0.169873,0.14596,0.108005,0.303985,0.214721
0.167705,0.1264,0.153703,0.154886,0.162033,0.126338,0.347338,0.314755
0.222704,0.184674,0.242066,0.245885,0.188532,0.184556,0.331715,0.276606
0.243024,0.232582,0.238955,0.240019,0.223284,0.232527,0.376239,0.404943
0.638851,0.555447,0.568762,0.574647,0.627715,0.555313,0.408054,0.438082
0.661338,0.60238,0.567517,0.570644,0.664639,0.602306,0.450143,0.527841
0.0539149,0.0062999,0.0472931,0.0587596,0.0538662,0.00622885,0.250828,0.0295397
0.0531021,0.00632962,0.0435594,0.0437178,0.0551694,0.0062792,0.237857,0.0379544
0.14576,0.120682,0.136279,0.148178,0.13901,0.120623,0.446543,0.403839
0.149824,0.12225,0.133167,0.136353,0.147698,0.122208,0.468155,0.46615
0.272013,0.225991,0.243933,0.249577,0.26629,0.225916,0.542444,0.545503
0.289894,0.241998,0.243311,0.246196,0.295395,0.241947,0.601239,0.656427
0.309672,0.239526,0.294337,0.307606,0.291486,0.239388,0.417091,0.360611
0.336494,0.278534,0.289981,0.292619,0.337533,0.278462,0.486167,0.513983
0.538878,0.766608,0.442439,0.446929,0.555604,0.766896,0.355305,0.677328
0.553238,0.810001,0.441195,0.442926,0.579496,0.810345,0.408718,0.830736
0.0298022,0.00657276,0.0367144,0.0482322,0.0225891,0.00651644,0.0871073,0.0130746
0.0346789,0.00784871,0.033603,0.0346161,0.0325804,0.00781252,0.0671014,0.0168246
0.0506638,0.0305416,0.0522713,0.063411,0.0451781,0.0304925,0.125232,0.0669027
0.0577079,0.0413023,0.0485376,0.0509646,0.0590791,0.0412829,0.122708,0.110427
0.190734,0.1299,0.173615,0.179541,0.185056,0.129809,0.362611,0.29126
0.205364,0.145044,0.168637,0.17181,0.21199,0.144981,0.491251,0.460537
0.261989,0.23094,0.266957,0.272094,0.234144,0.23084,0.293114,0.276266
0.283934,0.271845,0.266957,0.269408,0.269331,0.271797,0.293691,0.329174
0.345977,0.416683,0.291848,0.295817,0.351434,0.416768,0.172297,0.269679
0.37605,0.471806,0.290604,0.291815,0.400521,0.471961,0.251986,0.452767
0.0495801,0.0134259,0.056005,0.0600755,0.0408341,0.0133614,0.157353,0.0388803
0.0533731,0.0138075,0.0547604,0.0560729,0.0477845,0.0137489,0.195285,0.0531968
0.0563533,0.047315,0.0572495,0.0692047,0.0508254,0.0472777,0.16711,0.126831
0.0596044,0.0580189,0.0535159,0.0548392,0.0586447,0.0580138,0.189864,0.223143
0.231103,0.208504,0.214063,0.221386,0.221546,0.208447,0.408868,0.427692
0.239231,0.222036,0.211574,0.21307,0.236316,0.222006,0.417592,0.483388
0.182064,0.152007,0.18046,0.185792,0.166377,0.151933,0.161651,0.14686
0.210783,0.209496,0.179838,0.182411,0.212858,0.209493,0.162914,0.207864
0.403956,0.333835,0.40448,0.410449,0.365769,0.333666,0.33542,0.30293
0.426985,0.377413,0.40448,0.407689,0.402693,0.377299,0.382278,0.39304
0.0195069,0.00525711,0.0199129,0.0234855,0.0178106,0.00523313,0.0493195,0.012209
0.0241127,0.00618887,0.0186683,0.019483,0.0260643,0.00617145,0.0596056,0.0209759
0.0373882,0.0356254,0.0360921,0.0401265,0.0351868,0.0356142,0.105839,0.104361
0.0414522,0.0441205,0.0367144,0.0380612,0.0412685,0.0441221,0.18277,0.235386
0.317258,0.203965,0.27878,0.292071,0.314509,0.203806,0.486475,0.37713
0.330534,0.22064,0.275669,0.278327,0.337967,0.22052,0.481145,0.423515
0.149553,0.175553,0.14748,0.151358,0.137272,0.175554,0.251387,0.323927
0.164454,0.221872,0.146857,0.14805,0.161599,0.221932,0.273734,0.455868
0.46952,0.590345,0.387679,0.399172,0.482624,0.590492,0.318654,0.52369
0.490653,0.651205,0.384568,0.385428,0.518679,0.651442,0.324068,0.608513
0.0487673,0.0134772,0.0541381,0.0579188,0.0408341,0.0134157,0.0719179,0.0185068
0.0549986,0.0141051,0.0535159,0.0546108,0.0512598,0.0140489,0.135958,0.0388569
0.091845,0.065623,0.0902302,0.093732,0.0847089,0.0655736,0.14203,0.110388
0.0999729,0.0789003,0.0889857,0.0917581,0.0986099,0.0788691,0.217438,0.207634
0.225955,0.192164,0.220909,0.233256,0.208514,0.192071,0.613297,0.561049
0.237605,0.214916,0.219664,0.22229,0.228063,0.214866,0.585474,0.628716
0.294771,0.258483,0.297449,0.304051,0.265421,0.258372,0.288387,0.272255
0.311569,0.294685,0.297449,0.298358,0.292354,0.294624,0.290439,0.318629
0.615009,0.482956,0.596764,0.601842,0.569939,0.482699,0.393474,0.350599
0.646437,0.543949,0.596142,0.598461,0.620765,0.543769,0.415041,0.418958
0.0308859,0.00752332,0.0342253,0.0458562,0.0260643,0.00747137,0.170065,0.0307835
0.0354917,0.00865405,0.0311139,0.0321304,0.0356212,0.00862221,0.12896,0.0384465
0.151179,0.0890049,0.148724,0.154319,0.13901,0.0888999,0.401408,0.256902
0.164454,0.101071,0.148102,0.150938,0.16073,0.100984,0.49561,0.368379
0.184774,0.149442,0.19664,0.2084,0.159427,0.149334,0.342138,0.272372
0.195611,0.176119,0.192284,0.193413,0.179844,0.176063,0.331052,0.334795
0.201842,0.196023,0.191661,0.197196,0.190269,0.195985,0.239772,0.264742
0.228122,0.249964,0.189795,0.192572,0.23371,0.249995,0.242107,0.349177
0.44893,0.441294,0.459863,0.471584,0.399218,0.441167,0.337705,0.35098
0.473043,0.50513,0.454263,0.455355,0.44179,0.5051,0.368079,0.453596
0.0143593,0.00400691,0.018046,0.0271043,0.0108601,0.0039765,0.259581,0.0423093
0.0149011,0.00481595,0.0174238,0.0187884,0.0121633,0.00479787,0.281206,0.079778
0.0858846,0.0541634,0.0858743,0.097826,0.0781929,0.054095,0.383632,0.235678
0.0926578,0.0611475,0.0827629,0.0849226,0.091225,0.0611049,0.362055,0.289419
0.188567,0.146829,0.177971,0.190818,0.17854,0.146742,0.466591,0.398632
0.203739,0.16476,0.172371,0.175502,0.206777,0.164715,0.43058,0.448958
0.134652,0.156518,0.126322,0.138108,0.128149,0.156514,0.194845,0.245315
0.152533,0.213637,0.122589,0.123815,0.159427,0.21372,0.18287,0.350681
0.407478,0.327918,0.367144,0.373566,0.39748,0.327792,0.237825,0.23184
0.437822,0.401816,0.364032,0.3677,0.448306,0.401785,0.294181,0.357121
0.045787,0.0133988,0.0460485,0.0522713,0.0417029,0.013345,0.0827107,0.0234594
0.0512056,0.0139236,0.0454263,0.0468614,0.0508254,0.0138777,0.0802759,0.0264112
0.0937415,0.0483818,0.105787,0.109432,0.0768897,0.0482906,0.259278,0.127112
0.105662,0.0576435,0.105787,0.107586,0.0960035,0.0575657,0.255438,0.151843
0.237334,0.217463,0.209708,0.214157,0.234579,0.217427,0.354697,0.400072
0.252506,0.230701,0.208463,0.210995,0.259774,0.230684,0.446409,0.542223
0.287456,0.387538,0.250156,0.261841,0.286707,0.387635,0.472212,0.776645
0.304795,0.437095,0.246422,0.247476,0.317116,0.43727,0.455476,0.894094
0.665673,0.84529,0.553205,0.558673,0.681581,0.845517,0.497439,0.836383
0.696017,0.921116,0.55196,0.55467,0.731103,0.921437,0.541837,1
0.041994,0.0101768,0.0454263,0.0496943,0.0360556,0.0101227,0.12772,0.0289034
0.0487673,0.0108362,0.0435594,0.0450703,0.0482189,0.0107892,0.149453,0.039747
0.06123,0.0411256,0.0647169,0.0686198,0.0534318,0.0410818,0.17294,0.115026
0.0723381,0.0549975,0.0634723,0.0652112,0.0721112,0.0549747,0.211635,0.198211
0.112436,0.0849705,0.114499,0.128458,0.100782,0.0848962,0.239168,0.175603
0.121105,0.10106,0.111388,0.114714,0.116855,0.101024,0.232256,0.227235
0.409374,0.330184,0.401991,0.40683,0.376195,0.330016,0.56072,0.505322
0.447033,0.389485,0.401369,0.40429,0.437011,0.38939,0.592259,0.63373
0.37903,0.396643,0.358432,0.365835,0.35795,0.396609,0.289608,0.348809
0.406665,0.46129,0.357187,0.36006,0.403128,0.46134,0.312505,0.44484
0.0444324,0.00903536,0.0479154,0.0522165,0.0382276,0.00897647,0.173114,0.0330622
0.0506638,0.0100431,0.0466708,0.0482139,0.0490877,0.00999082,0.168438,0.0387767
0.065023,0.0432189,0.067206,0.0916942,0.0577758,0.043146,0.267272,0.139718
0.0677323,0.0496697,0.0591164,0.0613092,0.0677672,0.0496459,0.270294,0.243162
0.115416,0.119816,0.096453,0.100476,0.118158,0.119821,0.231043,0.3061
0.136007,0.178739,0.0952085,0.0964735,0.152042,0.178818,0.286723,0.590426
0.313194,0.302211,0.303671,0.306509,0.290617,0.302148,0.391533,0.42879
0.336765,0.35463,0.303671,0.305669,0.32841,0.354629,0.426276,0.549434
0.523706,0.444964,0.484132,0.48701,0.502172,0.44482,0.319407,0.324109
0.557031,0.507269,0.481643,0.483866,0.557341,0.507203,0.356437,0.415087
0.0138174,0.00565967,0.0155569,0.0155352,0.0117289,0.00564704,0,0
0.0149011,0.00467809,0.0186683,0.0278171,0.0112945,0.0046475,0,0
0.104308,0.0718027,0.0989421,0.112374,0.0986099,0.071735,0.407515,0.289007
0.112165,0.0817918,0.0958307,0.0986302,0.11338,0.0817546,0.413783,0.381044
0.260092,0.210465,0.244555,0.249541,0.246742,0.210371,0.329947,0.309023
0.269304,0.217791,0.2458,0.248938,0.260643,0.217708,0.329572,0.320209
0.18369,0.185525,0.191039,0.202734,0.161599,0.185467,0.3013,0.306223
0.20401,0.247871,0.187306,0.188442,0.196785,0.247905,0.331478,0.484466
0.467895,0.546967,0.425016,0.428131,0.453953,0.547024,0.337972,0.479745
0.497426,0.598174,0.425016,0.425481,0.501303,0.598294,0.358179,0.559545
0.0295313,0.013211,0.029247,0.0412139,0.0273675,0.013172,0.164255,0.0583214
0.0284476,0.0131968,0.0255134,0.0268667,0.0282363,0.0131775,0.117321,0.0639283
0.0872392,0.0611464,0.0927194,0.104625,0.0755864,0.0610768,0.381114,0.247171
0.0888648,0.0663253,0.0889857,0.0902594,0.0807993,0.0662815,0.420201,0.342813
0.287185,0.169029,0.250156,0.255974,0.286273,0.168879,0.334625,0.245267
0.30615,0.200077,0.248911,0.251972,0.31755,0.199968,0.454257,0.400508
0.315904,0.326439,0.321095,0.322876,0.282798,0.326381,0.416882,0.468169
0.620699,0.610698,0.599253,0.60961,0.577324,0.610581,0.446648,0.497001
0.651314,0.679699,0.594897,0.595464,0.629453,0.679682,0.445502,0.564938
0.0433487,0.0101987,0.0497822,0.0537517,0.0351868,0.0101391,0.112918,0.0236631
0.0501219,0.0115718,0.0485376,0.0497492,0.0469157,0.0115192,0.123712,0.0318237
0.12544,0.0996099,0.123211,0.128988,0.115552,0.099552,0.259276,0.222313
0.134381,0.104367,0.122589,0.12568,0.130321,0.104319,0.497155,0.458449
0.272555,0.250988,0.249533,0.254256,0.263249,0.250936,0.311226,0.341246
0.284747,0.26596,0.248289,0.251094,0.283666,0.26593,0.315,0.370631
0.39935,0.34771,0.3715,0.383655,0.381407,0.347594,0.500889,0.504166
0.42265,0.383962,0.365277,0.36865,0.42311,0.383909,0.540111,0.624881
0.536711,0.422265,0.502178,0.510879,0.510426,0.422062,0.387025,0.35522
0.102953,0.0136044,0.101431,0.113553,0.0947003,0.0134669,0.293963,0.0387311
0.105933,0.0139728,0.0983199,0.0999004,0.101651,0.0138544,0.531321,0.0818612
0.122189,0.0717414,0.13939,0.14445,0.0990443,0.0716296,0.334099,0.184056
0.137903,0.0845717,0.137523,0.139826,0.125543,0.0844814,0.539507,0.362136
0.12544,0.110285,0.128811,0.140667,0.111642,0.110224,0.262816,0.22879
0.132484,0.131891,0.125078,0.126301,0.125543,0.131875,0.24676,0.286239
0.316445,0.222714,0.350342,0.355875,0.263249,0.22249,0.364711,0.253316
0.347602,0.260299,0.349098,0.351799,0.314075,0.260124,0.432227,0.355058
0.452452,0.359533,0.442439,0.448282,0.417029,0.359342,0.344779,0.307042
0.486589,0.43513,0.438706,0.441793,0.47437,0.435037,0.403801,0.441747
0.0509347,0.0134663,0.0578718,0.0619397,0.0417029,0.0133993,0.0599805,0.0144153
0.0555405,0.01393,0.0566273,0.0579371,0.0499566,0.013869,0.100783,0.0268026
0.0390138,0.0328843,0.0392035,0.0511839,0.0356212,0.0328548,0.094657,0.0675024
0.0430778,0.046423,0.0360921,0.0374398,0.0443093,0.0464281,0.188306,0.259425
0.312652,0.160616,0.316739,0.32188,0.280626,0.160365,0.676112,0.374227
0.34977,0.243711,0.315495,0.317877,0.341008,0.243564,0.701929,0.597512
0.109726,0.111166,0.110143,0.122024,0.0994787,0.111131,0.182294,0.184443
0.121918,0.151893,0.105787,0.107037,0.122068,0.151926,0.168563,0.265803
0.452994,0.330715,0.426882,0.432527,0.428758,0.330512,0.275199,0.233626
0.48117,0.396076,0.425016,0.427903,0.475239,0.395956,0.329802,0.339043
0.0441615,0.0134454,0.0466708,0.0509737,0.038662,0.0133934,0.0873662,0.0255028
0.0479545,0.013827,0.0454263,0.0469711,0.0456125,0.0137809,0.139568,0.0454917
0.0490382,0.030516,0.0541381,0.0660977,0.0412685,0.0304633,0.137703,0.0705075
0.0531021,0.0446284,0.0510268,0.0523536,0.0499566,0.044611,0.24775,0.234536
0.211325,0.166091,0.19664,0.202095,0.201998,0.166011,0.427234,0.389895
0.224329,0.178829,0.19664,0.199444,0.22285,0.178767,0.470229,0.468249
0.232186,0.186806,0.224642,0.229181,0.215899,0.186713,0.353135,0.319623
0.260363,0.254541,0.223398,0.225178,0.261946,0.254533,0.364481,0.457713
0.342184,0.294069,0.344742,0.350392,0.308427,0.293936,0.274938,0.256233
0.376863,0.345078,0.34163,0.344525,0.366203,0.345013,0.283272,0.315151
0.00568952,0.00510113,0.00622278,0.00621407,0.00521286,0.0051006,0.0825681,0.0752935
0.00568952,0.00544796,0.00622278,0.00621407,0.00521286,0.00544783,0.0837931,0.0816124
0.046058,0.0134691,0.0441817,0.0482687,0.0434405,0.0134208,0.0483903,0.0149476
0.0520184,0.0140961,0.0429371,0.0442661,0.0538662,0.014054,0.109887,0.0387593
0.239501,0.097835,0.26509,0.270193,0.199392,0.0975817,0.499889,0.200571
0.250339,0.108526,0.261979,0.264327,0.21894,0.108293,0.840435,0.382529
0.175833,0.169047,0.16677,0.17245,0.165943,0.169011,0.190577,0.207502
0.188567,0.192697,0.167393,0.170311,0.185925,0.192691,0.220537,0.277205
0.250881,0.218657,0.230865,0.23513,0.241529,0.218593,0.270827,0.279718
0.282308,0.305002,0.227131,0.228641,0.294526,0.305048,0.314765,0.466552
0.492008,0.368229,0.467953,0.481088,0.462641,0.368003,0.399802,0.33976
0.522352,0.424799,0.466708,0.469208,0.512163,0.424656,0.396643,0.398815
0.0864264,0.0120855,0.0902302,0.0949109,0.0760209,0.0119718,0.133457,0.0187018
0.0904904,0.0125765,0.0889857,0.0909083,0.0834057,0.0124688,0.296826,0.0452297
0.0354917,0.0225721,0.0342253,0.0462126,0.0334492,0.0225373,0.117311,0.0635592
0.0376592,0.0323325,0.0311139,0.0324685,0.0390964,0.0323279,0.181097,0.200321
0.177459,0.192096,0.159303,0.165176,0.173762,0.192097,0.321885,0.415888
0.189109,0.206508,0.156192,0.159309,0.194613,0.206534,0.340433,0.490325
0.209699,0.292577,0.186683,0.189666,0.206342,0.292662,0.293625,0.503349
0.230832,0.349298,0.185439,0.185253,0.241095,0.349455,0.300312,0.629362
0.568681,0.574621,0.568139,0.570662,0.515639,0.574515,0.463512,0.518422
0.589542,0.623069,0.569384,0.569913,0.548219,0.623021,0.532287,0.646459
0.0346789,0.0133118,0.0392035,0.0415612,0.0286707,0.0132725,0,0
0.034408,0.0133035,0.0385812,0.0408667,0.0286707,0.0132651,0,0
0.122731,0.115541,0.115121,0.126996,0.116855,0.115505,0.523176,0.52864
0.123002,0.119931,0.111388,0.11263,0.119896,0.119919,0.612747,0.724797
0.280412,0.272723,0.261357,0.266794,0.267593,0.27268,0.504361,0.572688
0.290436,0.286641,0.260112,0.262791,0.284535,0.286619,0.52747,0.639133
0.487402,0.407701,0.444306,0.458462,0.471764,0.407553,0.366586,0.362041
0.508263,0.447538,0.441817,0.445339,0.50695,0.447454,0.377411,0.421282
0.555676,0.611055,0.48911,0.494558,0.549957,0.611096,0.387037,0.531307
0.577079,0.64689,0.487866,0.490556,0.585143,0.646978,0.404304,0.592394
0.0146302,0.00475217,0.0161792,0.0280913,0.0125977,0.00472128,0.0591466,0.0110438
0.0138174,0.0046847,0.0130678,0.0144386,0.0134666,0.00467243,0.154819,0.0556598
0.106746,0.0894959,0.104543,0.110053,0.0986099,0.0894521,0.334986,0.302493
0.108101,0.0953275,0.10392,0.107513,0.101216,0.095294,0.468908,0.461736
0.147927,0.162971,0.13379,0.145638,0.144222,0.162965,0.277309,0.344734
0.158223,0.196201,0.130678,0.131894,0.162902,0.196252,0.26414,0.43664
0.38201,0.315463,0.382078,0.387895,0.346221,0.315304,0.355919,0.321415
0.405581,0.352339,0.383323,0.386378,0.383145,0.352225,0.415345,0.420646
0.225142,0.19948,0.224642,0.229583,0.204605,0.199402,0.16738,0.161508
0.255215,0.266165,0.22402,0.226201,0.253258,0.266169,0.196807,0.257278
0.0479545,0.011439,0.0504045,0.0544828,0.0421373,0.0113798,0.103209,0.0239493
0.0544568,0.0119254,0.0491599,0.0504802,0.0534318,0.0118722,0.167502,0.0437654
0.0826334,0.0840029,0.0790292,0.0888613,0.0777585,0.0839816,0.188375,0.197786
0.0858846,0.0908345,0.0765401,0.0778313,0.0847089,0.0908364,0.21863,0.283476
0.305337,0.267512,0.286248,0.300222,0.290182,0.267416,0.381987,0.378002
0.31184,0.27588,0.282514,0.285857,0.303215,0.275814,0.397414,0.426002
0.317529,0.276372,0.320473,0.323909,0.285838,0.276255,0.38165,0.36162
0.339203,0.321531,0.319228,0.321752,0.32146,0.321469,0.485273,0.538648
0.516391,0.464891,0.497822,0.509198,0.480886,0.464741,0.353639,0.358579
0.543755,0.521697,0.493466,0.493727,0.527802,0.521634,0.389243,0.456879
0.0428068,0.0134228,0.0410703,0.0451617,0.0403997,0.0133787,0.115356,0.0379651
0.0474126,0.0138864,0.0398258,0.0411591,0.0486533,0.0138483,0.114953,0.0429688
0.208616,0.114938,0.194151,0.20034,0.199392,0.1148,0.384394,0.24471
0.214576,0.118825,0.192906,0.196337,0.209818,0.118697,0.549515,0.369077
0.182606,0.174909,0.178594,0.190489,0.168549,0.174855,0.343683,0.350483
0.190463,0.195921,0.175482,0.176745,0.183319,0.19591,0.437602,0.538877
0.479274,0.389584,0.44804,0.456908,0.456125,0.389416,0.362041,0.342802
0.493362,0.419123,0.443062,0.445485,0.482189,0.419006,0.417939,0.436718
0.33243,0.333628,0.309894,0.314679,0.317116,0.33359,0.251581,0.296294
0.356272,0.393207,0.307405,0.309434,0.357081,0.393246,0.271656,0.383546
0.034408,0.0127657,0.0348475,0.0468066,0.0312772,0.0127186,0.164203,0.0495692
0.0333243,0.0127515,0.0311139,0.0324594,0.032146,0.012724,0.132518,0.0577112
0.101057,0.0933552,0.0989421,0.110839,0.093397,0.0933148,0.301648,0.282137
0.102411,0.100104,0.0952085,0.0964735,0.0981755,0.100091,0.331449,0.382035
0.306963,0.184672,0.260112,0.265807,0.311034,0.184526,0.27064,0.20873
0.314007,0.190222,0.25949,0.262426,0.322763,0.190087,0.336203,0.270551
0.300461,0.253293,0.323584,0.329373,0.256299,0.25314,0.4885,0.417097
0.335681,0.314361,0.318606,0.321642,0.316247,0.31429,0.525059,0.569989
0.759144,0.785826,0.728687,0.731753,0.708949,0.785746,0.520743,0.621215
0.776754,0.819385,0.727442,0.727824,0.738054,0.81935,0.655909,0.820328
0.0257383,0.0123695,0.0273802,0.0314907,0.0225891,0.0123429,0.387163,0.168589
0.0260092,0.0131845,0.0261357,0.0274881,0.0238923,0.0131643,0,0
0.0503928,0.0252377,0.0535159,0.0577087,0.0438749,0.0251902,0.102788,0.0498463
0.0552696,0.0314229,0.0522713,0.0537061,0.052563,0.0313882,0.131199,0.0851873
0.180168,0.103337,0.16677,0.17234,0.172893,0.103224,0.317363,0.21118
0.193985,0.125525,0.166148,0.168959,0.195482,0.125443,0.352184,0.290492
0.192902,0.188605,0.197884,0.209643,0.17159,0.188541,0.308617,0.308351
0.212138,0.243695,0.194151,0.195204,0.205039,0.243715,0.323843,0.449189
0.332159,0.385925,0.296204,0.300679,0.326238,0.385967,0.238828,0.340592
0.357898,0.451309,0.291226,0.291733,0.370982,0.45144,0.269753,0.463747
0.0292604,0.0132021,0.0304916,0.0348171,0.0260643,0.0131719,0.0926476,0.0389394
0.0298022,0.0132073,0.029247,0.0308145,0.0278019,0.0131826,0.4323,0.205462
0.0709835,0.0503435,0.0715619,0.084813,0.0642919,0.0502883,0.192091,0.126535
0.0791114,0.0605626,0.0678283,0.0704475,0.0799305,0.0605391,0.306827,0.292931
0.203197,0.140886,0.212197,0.225434,0.178106,0.140744,0.5228,0.362617
0.222162,0.164224,0.208463,0.211141,0.211121,0.164129,0.541533,0.467669
0.192902,0.233406,0.193528,0.196018,0.174631,0.233413,0.323509,0.427975
0.20997,0.285048,0.191039,0.190772,0.203736,0.285123,0.335172,0.556525
0.359252,0.323313,0.373989,0.379159,0.315378,0.323174,0.259528,0.245754
0.394202,0.404137,0.373367,0.375778,0.371851,0.404098,0.266711,0.318637
0.0709835,0.0135114,0.0728065,0.0770728,0.0634231,0.0134237,0.159657,0.030893
0.0747765,0.013893,0.0715619,0.0730702,0.0703736,0.0138113,0.231964,0.0487095
0.25061,0.114936,0.218419,0.232745,0.249783,0.114754,0.325197,0.17813
0.254674,0.118646,0.214063,0.217758,0.25934,0.118489,0.463833,0.280394
0.080466,0.0775624,0.085252,0.100092,0.0699392,0.0775182,0.22418,0.192886
0.0872392,0.101744,0.0808961,0.0821811,0.0838401,0.101753,0.197115,0.271142
0.355459,0.317214,0.352209,0.357191,0.3245,0.317098,0.308336,0.304102
0.383094,0.369391,0.352831,0.355052,0.368375,0.369339,0.314227,0.363142
0.267136,0.246891,0.282514,0.286789,0.231538,0.24679,0.261982,0.250459
0.302628,0.322451,0.27878,0.280374,0.291051,0.322447,0.262063,0.334833
0.0222162,0.0107223,0.0248911,0.0368641,0.0186794,0.0106864,0.081337,0.0261948
0.0214034,0.0107137,0.0211574,0.0225169,0.0199826,0.0106974,0.111618,0.0589119
0.140341,0.104918,0.130056,0.134251,0.134666,0.104859,0.236802,0.205482
0.148469,0.11188,0.128811,0.130249,0.148566,0.111835,0.298097,0.284356
0.0644812,0.0505025,0.0721842,0.0841185,0.0534318,0.0504485,0.188914,0.12587
0.0693579,0.0682669,0.0684505,0.069753,0.0638575,0.0682533,0.188721,0.205155
0.176917,0.124512,0.185439,0.191275,0.154648,0.124398,0.194283,0.140375
0.197237,0.161889,0.184816,0.187894,0.187663,0.161824,0.242568,0.232094
0.374966,0.277818,0.377722,0.382778,0.337967,0.277621,0.228639,0.184229
0.405852,0.34311,0.375856,0.378154,0.388792,0.342996,0.280136,0.282287
0.0403685,0.0130863,0.0435594,0.0469894,0.0347524,0.0130393,0.0590833,0.0182146
0.0447033,0.0137818,0.0423149,0.0429868,0.0425717,0.0137411,0.103133,0.0366257
0.129504,0.100808,0.124456,0.129975,0.121199,0.10075,0.198028,0.170535
0.135736,0.104243,0.123211,0.125972,0.132059,0.104195,0.264966,0.24348
0.151991,0.120346,0.16677,0.183589,0.127715,0.120237,0.392327,0.285457
0.160661,0.14397,0.163659,0.164828,0.143788,0.143915,0.368177,0.357135
0.437822,0.462592,0.418793,0.423462,0.410078,0.462556,0.343624,0.416998
0.461122,0.50248,0.416926,0.418838,0.44874,0.502497,0.49808,0.663876
0.413167,0.555447,0.360921,0.372452,0.410947,0.55559,0.32129,0.532455
0.44324,0.64201,0.355943,0.356843,0.462641,0.642275,0.326244,0.652359
0.0503928,0.0134289,0.0547604,0.0591616,0.0430061,0.0133656,0.148896,0.0373708
0.0541859,0.013808,0.0535159,0.0551591,0.0499566,0.0137507,0.178752,0.0495061
0.0788404,0.0623298,0.0796515,0.0896563,0.0712424,0.0622821,0.195819,0.151125
0.0829044,0.0723882,0.0777847,0.0790741,0.0790617,0.0723667,0.236334,0.240287
0.20699,0.193966,0.187928,0.194016,0.201129,0.19393,0.377205,0.418875
0.218911,0.214473,0.186683,0.190014,0.221112,0.214466,0.453764,0.56899
0.18369,0.168259,0.18295,0.194729,0.167246,0.168191,0.281419,0.270039
0.203739,0.22835,0.178594,0.179742,0.202433,0.228374,0.288814,0.407676
0.329179,0.309228,0.339141,0.344872,0.291486,0.30912,0.223662,0.222722
0.364129,0.388902,0.339141,0.342112,0.347524,0.388891,0.290797,0.36724
0.0509347,0.0135215,0.0566273,0.0613183,0.0425717,0.0134554,0.168931,0.0411826
0.0547277,0.0139031,0.0553827,0.0573157,0.0495222,0.0138429,0.180427,0.0484123
0.0235708,0.0151025,0.0261357,0.0381343,0.0199826,0.0150699,0.12643,0.0555068
0.0254674,0.0240526,0.022402,0.0237688,0.0256299,0.0240503,0.120801,0.135795
0.0826334,0.0662453,0.0864966,0.0989591,0.0725456,0.0661895,0.149173,0.110847
0.0896776,0.0835079,0.0821406,0.0839723,0.086881,0.0834927,0.13004,0.143645
0.440531,0.423616,0.441817,0.4466,0.398349,0.423503,0.464246,0.489087
0.464915,0.46212,0.441817,0.444681,0.437446,0.462055,0.552321,0.637584
0.480087,0.490043,0.433727,0.439582,0.46742,0.490018,0.358034,0.443401
0.51314,0.554445,0.432483,0.435579,0.521286,0.5545,0.363602,0.514234
0.0487673,0.00972979,0.0528936,0.0552687,0.0417029,0.00966753,0.16221,0.0315221
0.0533731,0.0106231,0.0522713,0.0538066,0.0495222,0.0105639,0.222688,0.048572
0.158765,0.116332,0.158058,0.174277,0.144657,0.116232,0.614721,0.455472
0.161474,0.118565,0.15308,0.156056,0.152476,0.118493,0.676623,0.570769
0.144405,0.106396,0.154947,0.168173,0.123805,0.106293,0.484634,0.340299
0.151449,0.135118,0.149347,0.150938,0.13901,0.135072,0.452191,0.449561
0.313465,0.351953,0.296826,0.301191,0.29583,0.351955,0.393319,0.510612
0.329721,0.399323,0.29496,0.29462,0.323197,0.39939,0.408194,0.614754
0.43159,0.394756,0.42626,0.431796,0.394874,0.39463,0.333886,0.339008
0.462205,0.455882,0.425016,0.427793,0.444831,0.455833,0.364929,0.431996
0.0214034,0.00324405,0.0236465,0.0259529,0.018245,0.00321433,0.0847802,0.0116654
0.0246546,0.00373526,0.022402,0.0238694,0.0243267,0.00370896,0.125134,0.0216017
0.0560824,0.0361537,0.0578718,0.0710324,0.0499566,0.0361008,0.244726,0.138179
0.0596044,0.0526901,0.0535159,0.0560455,0.0586447,0.0526771,0.21066,0.21997
0.184503,0.237001,0.154947,0.158888,0.188097,0.237063,0.468232,0.776128
0.192631,0.261065,0.154325,0.155507,0.201564,0.261159,0.482373,0.899992
0.186941,0.224968,0.163659,0.163942,0.185925,0.225009,0.266141,0.405809
0.174208,0.193148,0.165526,0.170997,0.164205,0.193142,0.288105,0.361527
0.258737,0.310382,0.250778,0.262462,0.240226,0.310388,0.228143,0.29974
0.295313,0.41818,0.247044,0.248097,0.301477,0.418332,0.222605,0.416999
0.0176104,0.00383187,0.0205352,0.0238876,0.0143354,0.00380566,0.0434315,0.0076871
0.0232999,0.00532767,0.0199129,0.0205064,0.0238923,0.00530784,0.0481009,0.0138319
0.038472,0.0259114,0.0398258,0.0549032,0.034318,0.0258686,0.144137,0.0754487
0.041994,0.039168,0.0354698,0.0367453,0.0430061,0.0391655,0.197299,0.23363
0.260905,0.21195,0.235221,0.248901,0.254561,0.21186,0.474823,0.449008
0.269304,0.223445,0.230865,0.233914,0.271069,0.223388,0.502498,0.533136
0.23625,0.177662,0.270691,0.276225,0.190269,0.177494,0.355446,0.253744
0.270387,0.23886,0.268824,0.271601,0.246308,0.23877,0.418517,0.408754
0.385532,0.357379,0.362166,0.375888,0.365769,0.357285,0.284265,0.300179
0.412896,0.421384,0.359054,0.362143,0.411816,0.421384,0.329996,0.426586
0.0319697,0.00679354,0.0348475,0.0394228,0.0273675,0.00674954,0.0621043,0.0118127
0.0365755,0.00789496,0.0342253,0.0361513,0.0351868,0.00785672,0.110885,0.0267726
0.130859,0.0588219,0.115121,0.127032,0.129887,0.0587189,0.22841,0.117295
0.137361,0.065087,0.11201,0.114129,0.142485,0.065009,0.326564,0.206655
0.0677323,0.0529796,0.0734287,0.0853613,0.0577758,0.0529268,0.212939,0.14668
0.0750474,0.0783371,0.0690728,0.0703744,0.0725456,0.0783345,0.207122,0.256133
0.171769,0.174628,0.162414,0.167661,0.162467,0.174605,0.210738,0.243819
0.194256,0.213217,0.162414,0.164901,0.198523,0.213243,0.227881,0.327385
0.616906,0.541446,0.565028,0.570772,0.595135,0.541301,0.48697,0.513073
0.646437,0.605638,0.563783,0.566769,0.643354,0.605574,0.531587,0.631009
0.0501219,0.01341,0.056005,0.060441,0.0417029,0.013345,0.131836,0.0323386
0.0563533,0.0140109,0.0553827,0.0569502,0.0521286,0.0139514,0.141279,0.0384503
0.0772148,0.0632251,0.0759179,0.0938599,0.0712424,0.0631727,0.147387,0.110207
0.0791114,0.0692997,0.0709396,0.0711694,0.0777585,0.0692854,0.186125,0.201304
0.0969927,0.0865661,0.103298,0.114348,0.0838401,0.0865129,0.171917,0.144501
0.104037,0.108467,0.100809,0.102066,0.0968723,0.108456,0.169465,0.200057
0.284205,0.316998,0.260734,0.264564,0.274109,0.317009,0.215298,0.286604
0.302628,0.345816,0.260112,0.262024,0.304083,0.345864,0.316007,0.463406
0.318342,0.273364,0.332296,0.345512,0.278888,0.273213,0.23011,0.20215
0.353292,0.342252,0.329185,0.331768,0.337098,0.342201,0.283383,0.324729
0.0753183,0.013489,0.0827629,0.087125,0.0634231,0.0133875,0.17385,0.0296778
0.0785695,0.0138459,0.0808961,0.0826106,0.0699392,0.013751,0.251158,0.0464457
0.0495801,0.0360152,0.0497822,0.0617478,0.0451781,0.0359749,0.179366,0.116096
0.0563533,0.0568704,0.0466708,0.0480037,0.0582103,0.0568733,0.281944,0.371104
0.206177,0.147898,0.181705,0.187802,0.20417,0.147816,0.440316,0.385022
0.220807,0.166407,0.182327,0.185664,0.227194,0.16635,0.463593,0.461458
0.490111,0.273934,0.540137,0.546245,0.409209,0.273509,0.722321,0.401805
0.541588,0.333404,0.533914,0.537271,0.49609,0.333061,0.815569,0.561683
0.449201,0.425343,0.449907,0.454971,0.406603,0.42522,0.393416,0.408492
0.483338,0.488753,0.451151,0.453563,0.460469,0.488706,0.40231,0.481583
0.0298022,0.00630987,0.0317362,0.0333001,0.0260643,0.00627368,0.0998771,0.0209047
0.0338662,0.00727079,0.0304916,0.0319842,0.0334492,0.00723752,0.108935,0.0273856
0.116771,0.0781722,0.116988,0.130907,0.105995,0.0780865,0.283844,0.188103
0.123002,0.0863318,0.113255,0.116541,0.118593,0.0862754,0.33305,0.273915
0.268491,0.141077,0.27318,0.278491,0.240226,0.140863,0.625139,0.351287
0.302899,0.207715,0.271935,0.274379,0.296264,0.207584,0.714264,0.600348
0.400433,0.362871,0.342875,0.34977,0.403128,0.36282,0.514221,0.592595
0.424275,0.406323,0.34163,0.345768,0.442224,0.406328,0.530446,0.692522
0.378759,0.410554,0.369011,0.38053,0.35013,0.410515,0.250216,0.299887
0.397453,0.458291,0.366521,0.367407,0.381842,0.458327,0.279013,0.38668
0.0260092,0.00660285,0.0286248,0.0321853,0.0221546,0.00656853,0.0594906,0.0134884
0.0322406,0.0074377,0.0280025,0.0286944,0.0325804,0.00740914,0.065429,0.018769
0.106746,0.0479285,0.0952085,0.0969761,0.105126,0.0478539,0.198898,0.10904
0.115145,0.0576651,0.0939639,0.0948195,0.119461,0.0576049,0.360841,0.243544
0.144947,0.116705,0.153703,0.160743,0.125543,0.116624,0.313305,0.252535
0.155784,0.145826,0.150591,0.150454,0.145091,0.145793,0.303664,0.326909
0.388242,0.417886,0.34972,0.355034,0.378801,0.417892,0.403581,0.527747
0.416418,0.464905,0.346609,0.349167,0.426151,0.464973,0.572646,0.847191
0.450284,0.4024,0.465464,0.472224,0.39748,0.402227,0.336755,0.318668
0.480629,0.470442,0.464219,0.468221,0.447003,0.470354,0.389768,0.434991
0.0241127,0.00512035,0.0242688,0.0278354,0.0221546,0.00509024,0.0450006,0.00914238
0.0289894,0.00565706,0.0230243,0.0238328,0.0308427,0.00563307,0.0530214,0.0139226
0.0373882,0.0217581,0.0392035,0.0445129,0.0330148,0.0217247,0.10089,0.0547036
0.0447033,0.0327858,0.0392035,0.0416434,0.0447437,0.0327692,0.157331,0.137542
0.18667,0.208388,0.167393,0.176297,0.182884,0.208393,0.227044,0.29816
0.196424,0.221102,0.168015,0.169982,0.198089,0.22113,0.219686,0.317503
0.505283,0.443899,0.446795,0.453399,0.498697,0.4438,0.556077,0.604703
0.534543,0.503981,0.446173,0.450018,0.546047,0.503958,0.689126,0.85736
0.218369,0.204895,0.233354,0.238173,0.187663,0.204811,0.172678,0.164967
0.250881,0.278273,0.23211,0.23417,0.24066,0.27828,0.185169,0.244467
0.0140883,0.00594569,0.0149347,0.0158276,0.0125977,0.00593299,0.123166,0.0512919
0.0140883,0.00829596,0.0143124,0.0142924,0.0130321,0.00828811,0,0
0.0333243,0.0299542,0.033603,0.037714,0.0304083,0.0299397,0.10492,0.0925347
0.0376592,0.0412373,0.0329807,0.0343328,0.0377932,0.0412406,0.141803,0.189235
0.234625,0.222491,0.223398,0.227015,0.220678,0.222443,0.334151,0.363754
0.247358,0.247321,0.220909,0.221769,0.242832,0.247309,0.531614,0.658619
0.374695,0.36627,0.339141,0.344324,0.364466,0.36623,0.466467,0.551199
0.406665,0.415512,0.335408,0.337835,0.418332,0.415538,0.535896,0.732296
0.544568,0.54011,0.542626,0.554999,0.494787,0.539985,0.43414,0.469266
0.564075,0.577915,0.53827,0.540012,0.529105,0.577854,0.429364,0.510436
0.0493091,0.0134793,0.0485376,0.0526186,0.0456125,0.0134251,0.0972694,0.0275711
0.0552696,0.0141063,0.0472931,0.048616,0.0560382,0.0140582,0.126025,0.0404862
0.0755893,0.0524348,0.0715619,0.0769357,0.0716768,0.0523929,0.131145,0.0992195
0.0839881,0.064309,0.0703174,0.0729331,0.0860122,0.0642865,0.194461,0.190426
0.0615009,0.0579677,0.0640946,0.0747151,0.0543006,0.0579353,0.208902,0.17996
0.0701707,0.0855546,0.0603609,0.0616747,0.070808,0.0855724,0.179469,0.276642
0.541046,0.513746,0.480398,0.48637,0.53258,0.513684,0.399101,0.468288
0.553509,0.532183,0.477909,0.481125,0.554301,0.53215,0.577449,0.709562
0.343809,0.310014,0.34972,0.366283,0.307559,0.309878,0.302115,0.283953
0.363045,0.360334,0.345364,0.346279,0.341442,0.360284,0.29766,0.344063
0.0512056,0.013558,0.0566273,0.0609893,0.0430061,0.0134924,0.17014,0.0418161
0.0568952,0.0141444,0.0553827,0.0569867,0.0529974,0.0140849,0.241239,0.0662413
0.0392847,0.0238027,0.0454263,0.0573979,0.0317116,0.023754,0.141581,0.0650947
0.0409103,0.0306025,0.0416926,0.0430325,0.0369244,0.0305814,0.234912,0.185467
0.151449,0.110602,0.154325,0.158697,0.135534,0.110516,0.318458,0.246383
0.167705,0.13906,0.15308,0.154694,0.162467,0.139013,0.333399,0.33285
0.138445,0.165026,0.120722,0.126137,0.138141,0.165049,0.167906,0.244084
0.148469,0.174873,0.119477,0.122134,0.155083,0.174912,0.189465,0.301449
0.388784,0.468251,0.361543,0.366512,0.371416,0.468299,0.240474,0.341353
0.412083,0.517481,0.359054,0.361157,0.410513,0.517595,0.27559,0.438792
0.046058,0.0134331,0.0429371,0.0471356,0.0443093,0.0133863,0.053575,0.0169034
0.049851,0.0138736,0.0416926,0.043133,0.0512598,0.0138328,0.0812776,0.0289582
0.0739637,0.0435968,0.0777847,0.0832595,0.0647263,0.0435359,0.122675,0.071264
0.0831753,0.0561777,0.0759179,0.0786355,0.0807993,0.0561378,0.269431,0.21369
0.133297,0.119383,0.130056,0.132223,0.123371,0.119344,0.355276,0.356254
0.144405,0.140743,0.130056,0.131382,0.141182,0.14073,0.381448,0.453928
0.432403,0.420257,0.382078,0.395042,0.42702,0.420211,0.378203,0.44694
0.461664,0.485907,0.379589,0.38276,0.475673,0.485954,0.613259,0.864995
0.322406,0.411416,0.308027,0.317786,0.302346,0.411464,0.243269,0.349933
0.346789,0.483531,0.304916,0.304563,0.343614,0.483683,0.23882,0.421361
0.0449743,0.0125975,0.0435594,0.047757,0.0421373,0.0125489,0.104829,0.030602
0.0487673,0.0135555,0.0423149,0.0437544,0.0490877,0.0135135,0.130491,0.0447741
0.068816,0.0539794,0.0728065,0.0834148,0.0599479,0.0539304,0.181049,0.130043
0.0750474,0.0689257,0.0709396,0.0722386,0.0712424,0.0689095,0.257112,0.272478
0.2479,0.233782,0.235843,0.245556,0.233275,0.233722,0.38777,0.410037
0.255757,0.250579,0.233976,0.235047,0.247176,0.250552,0.481951,0.57075
0.369548,0.394125,0.355943,0.361138,0.344483,0.394094,0.346028,0.419505
0.388242,0.427451,0.356565,0.35911,0.374023,0.427462,0.479638,0.634286
0.474126,0.452901,0.493466,0.49814,0.41616,0.452751,0.39391,0.397745
0.499052,0.504166,0.492222,0.494138,0.456994,0.504082,0.397323,0.450295
0.0447033,0.00979908,0.0485376,0.0516317,0.0382276,0.00974188,0.14979,0.0313986
0.0522894,0.0112003,0.0479154,0.0490912,0.0508254,0.0111483,0.173482,0.0437682
0.1165,0.0567539,0.116988,0.125671,0.10556,0.0566503,0.246625,0.123511
0.118396,0.062944,0.112632,0.114376,0.111642,0.0628631,0.304889,0.186168
0.147386,0.129442,0.148724,0.15686,0.132928,0.129381,0.276479,0.253351
0.164725,0.159455,0.146235,0.148443,0.162467,0.15944,0.274452,0.327496
0.25657,0.241173,0.235221,0.246927,0.247611,0.24112,0.34272,0.371796
0.302628,0.379416,0.233354,0.234426,0.322763,0.379542,0.34007,0.611678
0.442157,0.52446,0.393279,0.399373,0.434839,0.524529,0.314181,0.458428
0.470604,0.580097,0.393902,0.397235,0.480017,0.580234,0.369714,0.59996
0.053644,0.0135045,0.0603609,0.0729057,0.0443093,0.0134225,0.248897,0.0509088
0.0593335,0.0141211,0.0578718,0.0607152,0.0551694,0.0140565,0.208524,0.0536337
0.100515,0.062231,0.096453,0.101792,0.0942659,0.0621666,0.185769,0.126042
0.111623,0.0696245,0.0945862,0.097168,0.11338,0.0695751,0.199541,0.158732
0.319426,0.243434,0.354698,0.360809,0.264987,0.243227,0.238235,0.178419
0.329179,0.279287,0.352209,0.355564,0.282363,0.279129,0.272078,0.237292
0.376863,0.361941,0.323584,0.327893,0.378801,0.361918,0.322433,0.395383
0.397453,0.396118,0.324829,0.328222,0.410947,0.396134,0.400368,0.536827
0.342184,0.368272,0.324207,0.334244,0.322763,0.368248,0.274592,0.336097
0.370631,0.429095,0.319851,0.322118,0.371416,0.429158,0.271646,0.402075
0.0289894,0.00647401,0.029247,0.0307962,0.0264987,0.00644144,0.110761,0.025738
0.034408,0.00760093,0.029247,0.0288772,0.0351868,0.00757231,0.113391,0.0330335
0.0999729,0.072302,0.0902302,0.0961263,0.0977411,0.0722571,0.225712,0.188492
0.108372,0.0783014,0.0889857,0.0921237,0.112076,0.078269,0.296949,0.280285
0.206719,0.173786,0.198507,0.212238,0.19331,0.173701,0.32938,0.299485
0.220807,0.197368,0.195395,0.198494,0.218071,0.19733,0.342101,0.377834
0.222433,0.256774,0.197262,0.208985,0.219374,0.256791,0.304356,0.415477
0.248713,0.315276,0.194773,0.196776,0.263249,0.315378,0.287014,0.511049
0.496884,0.418887,0.478531,0.491835,0.463076,0.418707,0.318313,0.301055
0.532105,0.485311,0.473553,0.476227,0.523023,0.48523,0.3156,0.357249
0.0319697,0.00682927,0.0367144,0.0452714,0.0260643,0.0067773,0.325712,0.0541711
0.0295313,0.00704104,0.033603,0.0359685,0.0243267,0.00700205,0.50289,0.108762
0.0587917,0.0481995,0.0616055,0.0679345,0.0516942,0.048165,0.315727,0.248687
0.0644812,0.0613879,0.0603609,0.0616016,0.0616855,0.0613775,0.288707,0.319577
0.173937,0.140508,0.183572,0.189008,0.151173,0.140416,0.327882,0.270617
0.196153,0.163045,0.179838,0.18252,0.189401,0.162988,0.45373,0.450134
0.246275,0.233595,0.233976,0.246425,0.231972,0.233533,0.368665,0.388148
0.274451,0.319522,0.225264,0.227399,0.283232,0.319587,0.349662,0.545947
0.258196,0.322344,0.23211,0.234243,0.252389,0.322403,0.194106,0.296804
0.287185,0.403614,0.230243,0.231538,0.300174,0.403772,0.196302,0.380311
0.0438905,0.0115309,0.0485376,0.0528379,0.0369244,0.0114741,0.119162,0.0287482
0.0482254,0.0121541,0.0472931,0.0488353,0.0447437,0.0121035,0.145977,0.040194
0.0587917,0.054851,0.0609832,0.0774109,0.0521286,0.0548112,0.225758,0.177587
0.0601463,0.0617999,0.0528936,0.0542178,0.0599479,0.0618,0.243637,0.308525
0.193444,0.132087,0.212819,0.218215,0.162033,0.131944,0.551892,0.370734
0.214034,0.156222,0.211574,0.214212,0.195917,0.156113,0.563901,0.456562
0.353021,0.418334,0.324829,0.334564,0.339705,0.418368,0.475006,0.659901
0.365213,0.44841,0.321717,0.322666,0.361425,0.448495,0.495403,0.765006
0.393389,0.422892,0.389546,0.395279,0.359253,0.422848,0.370978,0.440888
0.435383,0.520278,0.388301,0.391167,0.427454,0.520354,0.37272,0.550833
0.0189651,0.00661713,0.0217797,0.02959,0.0156386,0.00658638,0.370873,0.0917123
0.019236,0.00824111,0.0199129,0.0212741,0.0173762,0.00822364,0.307557,0.132081
0.126524,0.0737455,0.112632,0.118716,0.124674,0.0736714,0.390261,0.269057
0.137632,0.0815897,0.110765,0.114092,0.143788,0.0815311,0.420467,0.33381
0.157139,0.112552,0.169882,0.175337,0.133797,0.112446,0.29157,0.207737
0.175833,0.141287,0.169259,0.171956,0.164205,0.141219,0.366999,0.334842
0.270387,0.26483,0.257001,0.262188,0.254561,0.264783,0.325572,0.365279
0.30615,0.327205,0.255756,0.258186,0.312772,0.327237,0.385105,0.542263
0.525061,0.531937,0.457996,0.463597,0.522589,0.531927,0.382809,0.487971
0.56272,0.613631,0.456752,0.459595,0.58384,0.613723,0.414454,0.614857
0.0270929,0.0131913,0.0267579,0.0299555,0.0251955,0.0131678,0,0
0.0281766,0.0131995,0.0267579,0.0281096,0.0269331,0.0131785,0,0
0.0834462,0.0383682,0.0752956,0.0805545,0.0816681,0.0383048,0.189849,0.100293
0.0885939,0.0406626,0.0746733,0.0771733,0.0903562,0.0406066,0.190918,0.111604
0.0983473,0.0727458,0.102676,0.115956,0.0864466,0.0726743,0.280116,0.19504
0.11081,0.0978671,0.100809,0.104369,0.107732,0.0978408,0.252592,0.263068
0.210783,0.160447,0.223398,0.231383,0.18245,0.16032,0.291692,0.224534
0.228664,0.20615,0.220286,0.222171,0.213293,0.206089,0.36365,0.374758
0.652669,0.637801,0.61481,0.620265,0.617724,0.637701,0.463558,0.529473
0.6822,0.697894,0.611699,0.614398,0.667246,0.697873,0.534844,0.674922
0.045787,0.00980772,0.051649,0.0551408,0.0377932,0.00974573,0.114824,0.0225462
0.0520184,0.0111224,0.0510268,0.0526003,0.0482189,0.0110654,0.202454,0.0473158
0.0674614,0.0376249,0.0715619,0.075501,0.0586447,0.0375676,0.118148,0.0653113
0.0742346,0.0483243,0.0690728,0.0702556,0.0712424,0.0482867,0.132719,0.10134
0.194527,0.177847,0.171126,0.175813,0.192876,0.177816,0.207804,0.233494
0.214305,0.202251,0.172993,0.174917,0.223284,0.202251,0.230866,0.296564
0.301815,0.354212,0.27318,0.274196,0.293658,0.354253,0.408887,0.586889
0.283392,0.306295,0.274424,0.283243,0.263249,0.306268,0.43847,0.526723
0.640748,0.663566,0.602365,0.613558,0.607298,0.663505,0.531178,0.63816
0.660526,0.709834,0.599253,0.599814,0.641182,0.709846,0.526003,0.691572
0.0284476,0.00487808,0.0298693,0.0308876,0.0251955,0.00484352,0.0972284,0.0169383
0.0335952,0.00560396,0.029247,0.0301931,0.0338836,0.0055712,0.106528,0.0218377
0.0991601,0.0835695,0.096453,0.10956,0.0920938,0.0835194,0.361008,0.305741
0.0999729,0.0876296,0.0914748,0.0931837,0.0968723,0.0876067,0.536211,0.560059
0.315091,0.248595,0.269446,0.278802,0.31755,0.248506,0.574808,0.5692
0.32945,0.264584,0.266335,0.270321,0.342745,0.264526,0.631658,0.686706
0.283392,0.234947,0.254512,0.259191,0.27715,0.23487,0.266866,0.268658
0.307505,0.277782,0.252645,0.254567,0.317116,0.277761,0.322893,0.391406
0.432945,0.542501,0.407592,0.415118,0.410078,0.54257,0.340811,0.494878
0.453807,0.60736,0.403858,0.404619,0.446134,0.607519,0.375816,0.626888
0.0111081,0.00344299,0.0136901,0.0256788,0.0086881,0.00341388,0.315774,0.0466391
0.0100244,0.00424159,0.00995644,0.0112584,0.00955691,0.00423315,0,0
0.0877811,0.0579519,0.0871189,0.0882124,0.0803649,0.057901,0.308727,0.225129
0.0796532,0.0504563,0.089608,0.0906981,0.0655951,0.0503932,0.338397,0.208882
0.241398,0.22406,0.21593,0.22198,0.236751,0.224021,0.499215,0.559711
0.257654,0.253879,0.214686,0.217977,0.263684,0.25388,0.503277,0.651217
0.222433,0.210202,0.219664,0.225598,0.203736,0.210141,0.290511,0.300634
0.25061,0.266238,0.219664,0.222839,0.248914,0.266247,0.330006,0.438043
0.408832,0.368243,0.39888,0.405002,0.377498,0.368122,0.222044,0.22422
0.435383,0.418408,0.400747,0.404107,0.418766,0.418347,0.28709,0.330186
0.0235708,0.00444733,0.0261357,0.0293706,0.0199826,0.00441434,0.0916823,0.0153087
0.0279057,0.00488399,0.0255134,0.0272323,0.0273675,0.00485444,0.0922681,0.0182729
0.0560824,0.0456112,0.0603609,0.0723117,0.0482189,0.0455676,0.190304,0.133228
0.0585207,0.0560199,0.0547604,0.0560089,0.0560382,0.0560109,0.21759,0.241743
0.160932,0.124759,0.140012,0.146351,0.16073,0.124707,0.264375,0.250274
0.177188,0.14298,0.138146,0.141727,0.188097,0.142956,0.364791,0.408786
0.239231,0.221475,0.250156,0.260927,0.209383,0.221379,0.327343,0.308546
0.255486,0.264929,0.247044,0.248097,0.237619,0.264901,0.311816,0.369881
0.596044,0.578796,0.575607,0.580276,0.554301,0.578681,0.353992,0.392192
0.619615,0.619948,0.572495,0.574409,0.594266,0.61989,0.444562,0.532999
0.0249255,0.00618274,0.0230243,0.0232845,0.0243267,0.00616011,0.0904054,0.0265715
0.0222162,0.00469092,0.0230243,0.0233211,0.0199826,0.0046665,0.0969109,0.0215435
0.19832,0.131874,0.177349,0.183964,0.194613,0.131778,0.438221,0.348742
0.205093,0.132583,0.176105,0.179961,0.206342,0.132494,0.510672,0.417695
0.144405,0.123833,0.143746,0.149056,0.131625,0.123776,0.257451,0.237511
0.158765,0.147542,0.143124,0.145674,0.155083,0.147518,0.298101,0.335371
0.247629,0.210844,0.256378,0.263449,0.218506,0.210732,0.330307,0.293529
0.267407,0.259934,0.254512,0.256906,0.25152,0.259889,0.333115,0.374375
0.285018,0.399311,0.228998,0.233604,0.297567,0.399461,0.197026,0.3743
0.305066,0.442309,0.227754,0.229601,0.330582,0.442515,0.208346,0.446108
0.00677323,0.000970386,0.00871189,0.0121906,0.00521286,0.000956838,0.0235928,0.00205729
0.011379,0.00140464,0.00622278,0.00573888,0.0143354,0.00140043,0.0149651,0.0040571
0.184503,0.126273,0.163659,0.17722,0.182016,0.126181,0.494014,0.390769
0.188838,0.128613,0.159925,0.162854,0.191573,0.128543,0.677128,0.593772
0.228664,0.111603,0.231487,0.236966,0.205474,0.111411,0.492009,0.256989
0.2479,0.128145,0.230243,0.232964,0.237185,0.127979,0.608538,0.371396
0.167163,0.179714,0.15308,0.170896,0.161599,0.179692,0.22391,0.26156
0.188025,0.248449,0.144991,0.146186,0.200695,0.248542,0.198705,0.375321
0.59469,0.578512,0.570629,0.574647,0.555604,0.578405,0.421355,0.471172
0.614739,0.615009,0.568762,0.570023,0.589053,0.614951,0.481999,0.577691
0.00596044,0.00178726,0.00871189,0.0207075,0.00390964,0.00176301,0.0869468,0.00822398
0.00514766,0.00181015,0.00435594,0.00573888,0.00564726,0.00180642,0.0277202,0.00969367
0.0490382,0.0271715,0.0497822,0.0525363,0.0443093,0.0271334,0.170851,0.0980308
0.0563533,0.0318376,0.0497822,0.0517687,0.0560382,0.031806,0.18196,0.124199
0.256028,0.213384,0.254512,0.273209,0.233275,0.213262,0.611417,0.53022
0.275264,0.233579,0.248289,0.251204,0.268462,0.23351,0.604792,0.624578
0.266594,0.242378,0.270068,0.281726,0.239357,0.242278,0.345565,0.330155
0.289894,0.304165,0.26509,0.266118,0.280191,0.304159,0.378666,0.480821
0.579247,0.524138,0.565028,0.57037,0.534752,0.523973,0.262566,0.267973
0.610675,0.588871,0.564406,0.566989,0.585578,0.588786,0.288108,0.332383
0.0330534,0.00835822,0.0373367,0.0420912,0.0273675,0.00831239,0.201479,0.0442043
0.0346789,0.00896538,0.0360921,0.0360051,0.0308427,0.0089286,0.187025,0.0515253
0.103495,0.0792605,0.0995644,0.112886,0.0968723,0.0792008,0.27393,0.213516
0.111352,0.0887643,0.096453,0.0991419,0.111642,0.0887346,0.272684,0.271141
0.0937415,0.102279,0.0908525,0.102761,0.0873154,0.10226,0.200271,0.22141
0.102682,0.130275,0.0883634,0.089638,0.103388,0.130307,0.183651,0.296598
0.429152,0.295492,0.48911,0.494448,0.347089,0.295163,0.636006,0.421796
0.490111,0.394978,0.489732,0.49231,0.444396,0.394768,0.81349,0.724696
0.461664,0.49905,0.420037,0.433825,0.447437,0.499042,0.377154,0.481994
0.484151,0.549671,0.415059,0.418216,0.486968,0.549744,0.377616,0.551456
0.0100244,0.00280776,0.0124456,0.0222793,0.00781929,0.00278255,0.112338,0.0155872
0.00839881,0.00304634,0.00746733,0.00753,0.0086881,0.0030416,0,0
0.136548,0.0505075,0.137523,0.143097,0.123371,0.0503728,0.376941,0.147414
0.146573,0.0567492,0.134412,0.137231,0.141616,0.0566298,0.50779,0.232798
0.157952,0.117947,0.15308,0.158779,0.146829,0.11787,0.239608,0.197611
0.173395,0.14305,0.152458,0.155398,0.172024,0.143007,0.239065,0.244416
0.384991,0.3545,0.3771,0.380274,0.354474,0.354396,0.443553,0.459239
0.409374,0.390268,0.377722,0.380128,0.393136,0.390207,0.458677,0.523085
0.4343,0.427124,0.429371,0.440806,0.397046,0.427023,0.380782,0.409808
0.458412,0.493865,0.425016,0.425819,0.438749,0.493863,0.376982,0.485737
0.0433487,0.00985113,0.0504045,0.0613366,0.0347524,0.00978071,0.211636,0.0374921
0.0474126,0.0110334,0.0479154,0.0502243,0.0430061,0.0109796,0.207964,0.050508
0.0761311,0.0387647,0.0864966,0.0989591,0.0621199,0.0386766,0.394579,0.171328
0.0848009,0.0459503,0.0821406,0.0847399,0.0790617,0.0458902,0.416922,0.250834
0.105933,0.0759792,0.109521,0.122865,0.0938315,0.075902,0.321905,0.220929
0.111081,0.0918896,0.10392,0.1051,0.105995,0.0918553,0.300007,0.291295
0.404497,0.342738,0.413192,0.424156,0.360556,0.34256,0.49991,0.448542
0.426443,0.379748,0.409459,0.411637,0.398349,0.379631,0.626465,0.641867
0.596586,0.528287,0.567517,0.580513,0.560817,0.528113,0.506553,0.511965
0.622325,0.579759,0.566895,0.569255,0.60252,0.579661,0.519096,0.58724
0.0208616,0.00326536,0.022402,0.0245639,0.018245,0.00323756,0.0669706,0.00980631
0.0251964,0.00376187,0.0211574,0.0224072,0.0260643,0.0037376,0.0805063,0.0149189
0.0931997,0.0518452,0.105165,0.120526,0.0764553,0.051743,0.363766,0.173498
0.102682,0.066041,0.100809,0.104077,0.0947003,0.0659779,0.453109,0.319116
0.117312,0.0907139,0.113255,0.119228,0.10947,0.0906589,0.261665,0.221044
0.136007,0.127437,0.11201,0.115225,0.140313,0.12743,0.28742,0.353135
0.325657,0.21026,0.328563,0.333906,0.293223,0.210051,0.47163,0.329612
0.366567,0.29575,0.32794,0.330525,0.359253,0.295646,0.518266,0.515017
0.406394,0.440281,0.375233,0.379927,0.390096,0.440278,0.295643,0.380624
0.432674,0.500538,0.375233,0.378081,0.432233,0.500608,0.294555,0.433292
0.0219453,0.00530324,0.0261357,0.0381069,0.0173762,0.00525929,0.150664,0.0231011
0.0208616,0.00619249,0.0217797,0.0231383,0.0186794,0.00617007,0.107972,0.0319869
0.13113,0.0639961,0.137523,0.142878,0.114683,0.0638775,0.39176,0.194582
0.143051,0.0715135,0.135657,0.138254,0.1351,0.07141,0.458412,0.26305
0.115145,0.100948,0.10392,0.11581,0.112511,0.10091,0.314833,0.304767
0.126795,0.138995,0.0989421,0.100202,0.134666,0.139023,0.284184,0.438035
0.200488,0.220986,0.18295,0.184092,0.194179,0.220994,0.295976,0.394733
0.227581,0.297018,0.183572,0.184713,0.237185,0.297115,0.338279,0.604507
0.410187,0.450637,0.346609,0.352146,0.41616,0.450685,0.299099,0.425271
0.438905,0.504413,0.345364,0.348144,0.463076,0.504529,0.316587,0.509707
0.0479545,0.0133494,0.0485376,0.0533131,0.0434405,0.013294,0.0803954,0.0222718
0.0547277,0.013933,0.0472931,0.0493105,0.0551694,0.0138838,0.0901715,0.0282059
0.0685451,0.042039,0.0709396,0.0849226,0.0608167,0.041974,0.151419,0.0831451
0.072609,0.049354,0.0653391,0.0686929,0.0712424,0.0493198,0.334715,0.266984
0.142238,0.10708,0.151836,0.157207,0.122502,0.106992,0.384335,0.290596
0.157139,0.137854,0.151213,0.153826,0.146829,0.137806,0.406163,0.404242
0.357898,0.395206,0.324207,0.334948,0.347958,0.395212,0.350438,0.459373
0.370902,0.420119,0.320473,0.321423,0.371416,0.420173,0.437061,0.634736
0.447304,0.444699,0.430616,0.435378,0.417029,0.444626,0.312614,0.35468
0.471959,0.498995,0.428127,0.430133,0.458297,0.498992,0.315126,0.40614
0.0241127,0.0036076,0.0267579,0.0311983,0.020417,0.00357112,0.0419824,0.00533876
0.0279057,0.00435649,0.0255134,0.0271957,0.0273675,0.00432637,0.0518099,0.00915665
0.0931997,0.0630822,0.0877411,0.0978168,0.0886186,0.0630242,0.161341,0.115489
0.0991601,0.0761295,0.0877411,0.0901132,0.0981755,0.0760973,0.254071,0.238361
0.0818206,0.0842885,0.0796515,0.0827843,0.0760209,0.0842759,0.288823,0.326654
0.0940125,0.119786,0.0790292,0.0802438,0.0960035,0.119819,0.282765,0.469072
0.150366,0.128582,0.146857,0.151614,0.13901,0.128527,0.215522,0.202977
0.178001,0.1906,0.14748,0.149549,0.182884,0.190621,0.23529,0.33319
0.539962,0.649505,0.466708,0.471968,0.5404,0.649622,0.264325,0.404191
0.564346,0.703974,0.463597,0.466101,0.581668,0.704162,0.274487,0.460696
0,0,0.000622278,0.00146214,0,0,0,0
0.0902195,0.0644592,0.0927194,0.0972868,0.0803649,0.0644035,0.296667,0.218185
0.0983473,0.0749829,0.0914748,0.0932842,0.0942659,0.074945,0.324594,0.289718
0.14874,0.11278,0.163659,0.176014,0.124674,0.112673,0.450154,0.320138
0.167434,0.151282,0.159925,0.160323,0.157255,0.151242,0.448431,0.469972
0.118667,0.123751,0.1201,0.131967,0.106864,0.123718,0.215527,0.224476
0.13113,0.164215,0.116366,0.117601,0.129453,0.164248,0.203155,0.315221
0.327283,0.366371,0.288737,0.301355,0.323632,0.366389,0.266334,0.359743
0.346248,0.409542,0.284381,0.286368,0.357081,0.409631,0.260509,0.413992
0.0349499,0.00849923,0.0373367,0.0417622,0.0304083,0.00845402,0.0649746,0.0146125
0.0398266,0.00928426,0.0367144,0.0382714,0.038662,0.00924475,0.115055,0.0308764
0.0753183,0.0418163,0.0827629,0.088048,0.0634231,0.0417467,0.172198,0.0907049
0.0826334,0.0517633,0.0796515,0.0809292,0.0773241,0.0517151,0.358771,0.254701
0.0782986,0.0741017,0.0653391,0.0694057,0.0803649,0.0740954,0.171712,0.203656
0.0896776,0.108324,0.0647169,0.0660245,0.0990443,0.108363,0.191948,0.349993
0.202384,0.214471,0.204107,0.215857,0.18245,0.214429,0.34127,0.376631
0.225142,0.282223,0.200373,0.201491,0.221546,0.282279,0.325508,0.506623
0.266865,0.288839,0.2514,0.252949,0.252824,0.288833,0.216962,0.275231
0.294229,0.362429,0.252022,0.25284,0.296264,0.362509,0.24512,0.390439
0.0371173,0.00868656,0.0416926,0.056146,0.0308427,0.00862188,0.160004,0.027297
0.0395557,0.00941682,0.0373367,0.0385638,0.0377932,0.00937706,0.185347,0.0500695
0.0509347,0.0323108,0.0603609,0.0672948,0.0399652,0.0322585,0.147769,0.0786947
0.0555405,0.0424485,0.0584941,0.0598105,0.0486533,0.0424183,0.154917,0.122061
0.237876,0.217913,0.219042,0.225635,0.228931,0.217861,0.277502,0.297673
0.249797,0.231084,0.218419,0.222327,0.24848,0.231052,0.368814,0.425819
0.24492,0.198367,0.218419,0.222272,0.24066,0.198297,0.333023,0.33007
0.280141,0.290386,0.221531,0.222619,0.294961,0.290423,0.354424,0.513679
0.400704,0.407206,0.395769,0.400799,0.366638,0.407136,0.28727,0.324194
0.425088,0.463205,0.392035,0.394201,0.408341,0.463209,0.298813,0.390085
0.0476836,0.0134749,0.0441817,0.0487439,0.0460469,0.0134259,0.0625093,0.019128
0.0520184,0.0139378,0.0435594,0.0454359,0.0534318,0.0138939,0.125203,0.0425345
0.0279057,0.0194041,0.0298693,0.0418628,0.0243267,0.0193715,0.104194,0.0535645
0.0289894,0.0261627,0.0255134,0.0268759,0.0291051,0.0261586,0.122972,0.132971
0.16906,0.144081,0.149347,0.154392,0.167246,0.144041,0.334187,0.346377
0.177459,0.167013,0.148724,0.151011,0.181147,0.167004,0.364,0.447218
0.306421,0.294401,0.296204,0.312742,0.28497,0.294319,0.470279,0.491688
0.331347,0.354347,0.291226,0.293752,0.32841,0.354362,0.45817,0.614035
0.554863,0.464187,0.554449,0.566029,0.503041,0.463958,0.381834,0.347709
0.589271,0.539999,0.553827,0.556096,0.558645,0.539873,0.428189,0.461825
0.0311569,0.0132161,0.0373367,0.0492922,0.0243267,0.0131661,0.245807,0.072941
0.0300732,0.0132019,0.033603,0.034945,0.0251955,0.0131715,0.459949,0.192602
0.0769439,0.0635085,0.0808961,0.0950753,0.0673328,0.0634547,0.407136,0.301881
0.0785695,0.069834,0.0771624,0.0791107,0.0725456,0.0698095,0.376238,0.368844
0.191818,0.187033,0.164281,0.165952,0.19331,0.187026,0.216413,0.270959
0.202926,0.207595,0.162414,0.164572,0.212424,0.207615,0.245807,0.344506
0.28583,0.292614,0.289359,0.299144,0.256733,0.292549,0.392945,0.426925
0.303441,0.341561,0.284381,0.285381,0.288445,0.341573,0.396116,0.52672
0.413438,0.365691,0.401369,0.412185,0.383145,0.365557,0.347906,0.342788
0.438364,0.416398,0.400124,0.40195,0.423979,0.416337,0.345713,0.397822
0.0642102,0.0107921,0.06285,0.0668013,0.0595135,0.0107153,0.194387,0.0346407
0.0704416,0.011438,0.0616055,0.0627987,0.0703736,0.0113674,0.226391,0.0455271
0.115958,0.0614087,0.115121,0.12864,0.105995,0.0613066,0.377462,0.199849
0.121647,0.0688441,0.109521,0.112338,0.119027,0.0687729,0.487523,0.33158
0.354105,0.277875,0.343497,0.349149,0.32841,0.277724,0.642006,0.567339
0.3644,0.28768,0.342875,0.345768,0.345352,0.287546,0.661726,0.611365
0.237334,0.235417,0.243311,0.255006,0.211121,0.235346,0.381194,0.390843
0.252235,0.277217,0.23771,0.238776,0.238923,0.277217,0.381698,0.492323
0.449201,0.538491,0.413815,0.416836,0.431798,0.538553,0.360931,0.518069
0.484692,0.605556,0.410703,0.410897,0.490877,0.605704,0.377322,0.617933
0.0265511,0.00459646,0.0304916,0.0335377,0.0217202,0.00455794,0.0922856,0.0139338
0.0311569,0.00475121,0.029247,0.0303759,0.0299739,0.00471719,0.117957,0.0203506
0.0563533,0.0440558,0.0566273,0.0676694,0.0512598,0.0440167,0.359493,0.259787
0.0609591,0.0591485,0.0541381,0.0554606,0.0603823,0.0591438,0.299213,0.354491
0.185316,0.208541,0.171749,0.175666,0.177672,0.208547,0.300568,0.396422
0.192089,0.226856,0.170504,0.171664,0.189401,0.226888,0.479866,0.704618
0.23896,0.249199,0.236465,0.24817,0.218506,0.249153,0.326003,0.363612
0.26226,0.321063,0.230865,0.23194,0.259774,0.321123,0.357912,0.550519
0.356272,0.351028,0.360299,0.364757,0.320156,0.350942,0.287656,0.307472
0.392847,0.421245,0.359676,0.362217,0.379235,0.421244,0.336222,0.434402
0.0354917,0.00527016,0.0385812,0.0426395,0.0304083,0.00521997,0.094281,0.0128227
0.042265,0.00606098,0.0373367,0.0386369,0.0421373,0.0060172,0.148042,0.0256139
0.0723381,0.0438793,0.0734287,0.0774292,0.0651607,0.0438267,0.233586,0.146887
0.0780276,0.0525735,0.0715619,0.0746511,0.0755864,0.0525349,0.372432,0.291178
0.185587,0.195477,0.165526,0.17733,0.18245,0.195465,0.291261,0.356673
0.193444,0.21663,0.163659,0.164828,0.196351,0.21666,0.278643,0.406908
0.345435,0.328799,0.311761,0.317347,0.336664,0.328752,0.445706,0.512958
0.36738,0.363948,0.312383,0.315319,0.371416,0.363944,0.501769,0.643412
0.47521,0.434472,0.457374,0.466714,0.443093,0.434344,0.418109,0.432288
0.500135,0.500974,0.454263,0.455062,0.48523,0.50094,0.414089,0.506417
0.0677323,0.00809454,0.0721842,0.07689,0.0586447,0.00800077,0.209826,0.0242561
0.0715253,0.00862634,0.0703174,0.072266,0.0660295,0.00853953,0.212674,0.0279199
0.0736928,0.0741258,0.0709396,0.0828757,0.0690704,0.0741011,0.177141,0.175962
0.0753183,0.0834698,0.0665837,0.0678888,0.0747176,0.0834766,0.193149,0.263852
0.212409,0.197428,0.205974,0.217721,0.19722,0.197363,0.392239,0.395018
0.218911,0.211674,0.202862,0.203977,0.209818,0.211645,0.402898,0.464433
0.253319,0.291721,0.238332,0.243034,0.240226,0.291732,0.254123,0.338891
0.27689,0.338603,0.238955,0.240896,0.277585,0.338672,0.271749,0.424441
0.425901,0.385113,0.428127,0.433551,0.384448,0.384972,0.328979,0.324533
0.45489,0.444357,0.428127,0.430791,0.43093,0.44429,0.331493,0.379818
0.0157139,0.00448011,0.0205352,0.0389476,0.0112945,0.00443404,0.131757,0.0166645
0.0130046,0.00448885,0.0130678,0.0148772,0.0121633,0.00447575,0.138439,0.0462704
0.12842,0.0755614,0.119477,0.126986,0.122937,0.0754781,0.430059,0.283982
0.136007,0.0816619,0.118855,0.12239,0.135534,0.081592,0.434918,0.322114
0.117583,0.0962907,0.122589,0.130395,0.103388,0.0962269,0.320883,0.263077
0.126795,0.115954,0.119477,0.12059,0.12033,0.115927,0.323077,0.345049
0.277703,0.280912,0.271935,0.27681,0.255864,0.280865,0.285082,0.321356
0.299919,0.31968,0.271935,0.27405,0.291486,0.319682,0.334037,0.432896
0.291791,0.388065,0.260734,0.270486,0.286273,0.388152,0.226573,0.361215
0.322135,0.480089,0.257623,0.258588,0.337098,0.480299,0.249563,0.514974
0.0482254,0.0134755,0.0485376,0.0522896,0.0438749,0.0134217,0.105434,0.0300657
0.0547277,0.0141041,0.0472931,0.048287,0.0551694,0.0140565,0.139966,0.0452659
0.0601463,0.0429027,0.0659614,0.0779044,0.0508254,0.0428483,0.238833,0.145937
0.0620428,0.0508729,0.0622278,0.0635389,0.0564726,0.0508475,0.323815,0.28789
0.166892,0.113305,0.170504,0.175959,0.149001,0.113199,0.268739,0.192071
0.185316,0.145324,0.170504,0.173199,0.17854,0.145259,0.276706,0.25782
0.330263,0.352139,0.295582,0.300752,0.323632,0.352142,0.258068,0.335694
0.355188,0.397477,0.296826,0.299235,0.362728,0.397535,0.288305,0.425515
0.26524,0.314176,0.247666,0.258442,0.252824,0.314193,0.237064,0.320184
0.298293,0.41139,0.244555,0.245611,0.307993,0.411537,0.225417,0.419611
0.0246546,0.00599914,0.0230243,0.0260443,0.0238923,0.00597252,0.0651383,0.0165952
0.0251964,0.0064207,0.0217797,0.0220417,0.0256299,0.00640005,0.104749,0.0337899
0.173666,0.0713814,0.159925,0.168602,0.167246,0.0712362,0.534996,0.251124
0.181794,0.0840802,0.157436,0.160186,0.182016,0.0839614,0.623372,0.362997
0.264969,0.237987,0.240199,0.244295,0.257602,0.237934,0.566567,0.613045
0.277703,0.251499,0.239577,0.242833,0.278454,0.251463,0.607609,0.699021
0.338391,0.309708,0.332296,0.3432,0.311034,0.309603,0.397217,0.398095
0.363316,0.365174,0.329185,0.331548,0.353171,0.36515,0.388872,0.475808
0.726632,0.741394,0.691973,0.695931,0.68245,0.741311,0.446002,0.527803
0.756705,0.794522,0.690106,0.691416,0.731972,0.794508,0.497582,0.635219
0.0430778,0.0105121,0.0398258,0.0496578,0.0417029,0.0104585,0.268884,0.0629139
0.0471417,0.0116972,0.0385812,0.040026,0.0490877,0.0116581,0.220498,0.0713495
0.038472,0.0234022,0.0416926,0.0536695,0.0330148,0.0233582,0.234697,0.11348
0.0392847,0.0286905,0.0385812,0.0399254,0.03649,0.0286715,0.203068,0.16201
0.194527,0.211315,0.18295,0.192472,0.184622,0.211301,0.351401,0.428585
0.203739,0.230534,0.179216,0.180025,0.201998,0.230559,0.366929,0.522074
0.360336,0.368118,0.325451,0.330689,0.350999,0.368098,0.367202,0.454097
0.388513,0.430129,0.324829,0.327308,0.396612,0.430187,0.431042,0.629391
0.498239,0.497694,0.500311,0.512853,0.450043,0.497576,0.375134,0.404346
0.512869,0.530095,0.494711,0.496623,0.477411,0.530038,0.437851,0.519167
0.0208616,0.00491489,0.0230243,0.0313811,0.0178106,0.00487969,0.133893,0.0231303
0.0246546,0.0063832,0.0205352,0.0211279,0.0256299,0.00636375,0.103714,0.0347051
0.0506638,0.0310108,0.0547604,0.0669384,0.0434405,0.0309575,0.251876,0.129413
0.0552696,0.0474363,0.051649,0.0531943,0.0529974,0.0474211,0.25827,0.255789
0.218098,0.190178,0.207841,0.224063,0.205039,0.190096,0.504893,0.475886
0.225684,0.208168,0.202862,0.205914,0.220678,0.208131,0.503798,0.565729
0.25955,0.279423,0.248911,0.254256,0.242832,0.279404,0.333565,0.407232
0.286372,0.33434,0.246422,0.249011,0.287576,0.334393,0.383309,0.571859
0.459767,0.453517,0.460485,0.466832,0.41616,0.453411,0.424411,0.45795
0.480629,0.508309,0.457374,0.458352,0.451781,0.508279,0.457136,0.563183
0.0100244,0.000271976,0.0124456,0.0153707,0.00781929,0.000253256,0.0320243,0.000586201
0.0165267,0.000899035,0.011201,0.0113681,0.0191138,0.000886528,0.0266061,0.00230509
0.158494,0.124169,0.146857,0.160881,0.152042,0.124096,0.365228,0.312982
0.162558,0.126599,0.143124,0.146515,0.161164,0.126549,0.692154,0.664169
0.112707,0.0906211,0.118855,0.130724,0.0981755,0.0905503,0.191938,0.147705
0.119751,0.10949,0.116366,0.117601,0.111208,0.109459,0.189377,0.195825
0.304795,0.359381,0.268824,0.27352,0.301477,0.359429,0.401265,0.58581
0.322948,0.395098,0.26509,0.267032,0.333189,0.395197,0.403422,0.663301
0.455703,0.487534,0.420037,0.424778,0.43788,0.487525,0.375688,0.479031
0.483338,0.532334,0.42066,0.423553,0.481755,0.53238,0.374713,0.523254
0.0260092,0.0097542,0.0242688,0.0283837,0.0251955,0.00972877,0.130678,0.0497613
0.0257383,0.0102382,0.0230243,0.0243811,0.0256299,0.0102188,0,0
0.0888648,0.0481849,0.100187,0.110748,0.07298,0.0480918,0.362729,0.174992
0.0986183,0.0573507,0.0976976,0.100385,0.0903562,0.0572824,0.502918,0.318824
0.266323,0.205946,0.226509,0.232105,0.269331,0.205871,0.513373,0.505878
0.281225,0.229256,0.22402,0.226859,0.294961,0.229216,0.565228,0.63447
0.264698,0.185503,0.266335,0.278802,0.238923,0.18534,0.406048,0.299883
0.284747,0.232105,0.260734,0.26334,0.274978,0.232018,0.397443,0.389028
0.400975,0.418733,0.385812,0.390966,0.374023,0.41869,0.29552,0.351593
0.429423,0.481737,0.384568,0.386963,0.420504,0.481774,0.315202,0.435976
0.0522894,0.0135381,0.0578718,0.062817,0.0438749,0.01347,0.157981,0.0376355
0.0577079,0.0139993,0.0566273,0.0588144,0.0534318,0.0139372,0.222449,0.0585628
0.0566242,0.0293285,0.0597386,0.067971,0.0495222,0.0292718,0.153698,0.0735352
0.0609591,0.0353659,0.056005,0.0577909,0.0590791,0.0353302,0.156267,0.106134
0.0988892,0.0820215,0.0958307,0.103117,0.0920938,0.0819784,0.278954,0.246378
0.107288,0.108524,0.0908525,0.0913469,0.109036,0.108528,0.264777,0.349485
0.2246,0.182727,0.227131,0.231959,0.201998,0.182625,0.242456,0.212072
0.260092,0.261803,0.22402,0.226201,0.261077,0.261802,0.26602,0.342052
0.46654,0.437806,0.465464,0.468971,0.423545,0.437678,0.327563,0.339629
0.496072,0.508288,0.465464,0.466211,0.470895,0.508247,0.344268,0.416955
0.0211325,0.0052106,0.0199129,0.0229372,0.020417,0.00518731,0.048624,0.0122166
0.0249255,0.00590024,0.018046,0.0182401,0.0278019,0.00588418,0.061497,0.02204
0.0417231,0.0306546,0.044804,0.048351,0.0360556,0.0306264,0.0898924,0.0632577
0.0503928,0.037049,0.0429371,0.043727,0.0512598,0.0370345,0.10668,0.100378
0.173666,0.112183,0.194151,0.20723,0.143354,0.112033,0.375259,0.225384
0.199404,0.156718,0.18855,0.191001,0.188532,0.156642,0.43593,0.397183
0.491466,0.465999,0.446795,0.449926,0.476542,0.465931,0.456769,0.525505
0.513411,0.50365,0.446173,0.447386,0.512163,0.50363,0.566624,0.708638
0.575725,0.603569,0.497822,0.503038,0.576021,0.603589,0.33054,0.44062
0.601192,0.670806,0.493466,0.495929,0.619896,0.670915,0.34754,0.522341
0.0279057,0.00722966,0.0273802,0.0311618,0.0260643,0.00719747,0.0888766,0.0228058
0.0325115,0.00795814,0.0261357,0.0271592,0.034318,0.00793229,0.0851063,0.027615
0.0978055,0.0824269,0.100809,0.120544,0.086881,0.0823604,0.293995,0.223158
0.0999729,0.0914662,0.0933416,0.0946093,0.0955691,0.0914458,0.380486,0.408572
0.118396,0.0878889,0.122589,0.137852,0.104692,0.0878052,0.273754,0.193717
0.125982,0.104509,0.11761,0.120224,0.12033,0.104469,0.249599,0.240957
0.257112,0.260184,0.248289,0.261402,0.239357,0.260132,0.379055,0.419071
0.284476,0.312485,0.244555,0.246964,0.285838,0.312515,0.380336,0.534694
0.699539,0.658144,0.667082,0.672354,0.656386,0.657997,0.44911,0.488292
0.716608,0.691151,0.666459,0.668973,0.684188,0.691047,0.516345,0.59257
0.0197778,0.00460426,0.0236465,0.0297545,0.0156386,0.00457092,0.384616,0.0656416
0.0205906,0.00620118,0.0211574,0.0226631,0.0186794,0.00617942,0,0
0.214576,0.131906,0.18046,0.186815,0.218506,0.131807,0.599754,0.470111
0.220807,0.132534,0.179838,0.183507,0.228931,0.13244,0.649391,0.520683
0.134923,0.100787,0.116988,0.12186,0.1351,0.10074,0.193795,0.177986
0.150366,0.121284,0.115744,0.117784,0.16073,0.121267,0.283676,0.324473
0.164454,0.158915,0.158681,0.170421,0.153345,0.158869,0.260068,0.269342
0.193173,0.248131,0.155569,0.155425,0.201564,0.24821,0.253966,0.450584
0.755893,0.691919,0.704418,0.708395,0.720678,0.691761,0.472226,0.512308
0.777567,0.73537,0.703174,0.704393,0.756299,0.735269,0.595427,0.690495
0.0509347,0.0134479,0.0553827,0.0592348,0.0434405,0.0133846,0.128481,0.0322528
0.0566242,0.0140317,0.0541381,0.0552322,0.0534318,0.0139746,0.153127,0.0430426
0.0915741,0.0678559,0.0939639,0.106306,0.0816681,0.0677919,0.233606,0.165502
0.100786,0.0775946,0.0914748,0.0931837,0.0981755,0.0775599,0.389076,0.359776
0.133839,0.130014,0.113877,0.127983,0.135534,0.129994,0.337213,0.380518
0.0484963,0.000159757,0.110143,0.113617,0.00130321,6.43E-06,0.32975,2.07E-05
0.0913032,0.152745,0,0,0.146829,0.152926,0,0.557364
0.254403,0.23937,0.248911,0.254476,0.234579,0.239304,0.325731,0.340301
0.278515,0.281546,0.246422,0.24923,0.274978,0.281537,0.337757,0.423877
0.507721,0.505893,0.449284,0.455227,0.500869,0.505864,0.31387,0.387486
0.531563,0.548691,0.446173,0.44936,0.541268,0.548721,0.380992,0.51686
0.0428068,0.00858204,0.0454263,0.0578092,0.0373588,0.00851496,0.252916,0.0413868
0.0452452,0.00894751,0.0416926,0.043462,0.0438749,0.00890049,0.223016,0.0507389
0.0685451,0.0417216,0.0703174,0.0804083,0.0612511,0.0416624,0.227151,0.130755
0.0731509,0.0495338,0.0678283,0.0691316,0.0703736,0.0494992,0.209793,0.166883
0.226226,0.172048,0.199751,0.205202,0.223719,0.171971,0.315782,0.29401
0.241398,0.202507,0.199751,0.203282,0.248045,0.202468,0.444003,0.491295
0.213763,0.243032,0.197262,0.20957,0.205474,0.243032,0.230527,0.297001
0.238147,0.298297,0.192906,0.194583,0.247611,0.298382,0.234859,0.400107
0.462476,0.511159,0.386434,0.391368,0.472198,0.511224,0.251159,0.36448
0.486047,0.552427,0.383945,0.386123,0.511729,0.552547,0.338248,0.537749
0.00758602,0.00284715,0.0105787,0.0185691,0.00521286,0.00282707,0.169951,0.0287455
0.00704416,0.00383076,0.00746733,0.00753,0.00651607,0.00382694,0.0923833,0.0521616
0.0379301,0.0302417,0.0385812,0.042475,0.034318,0.030221,0.143589,0.1135
0.0436196,0.0472244,0.0379589,0.0380886,0.0438749,0.0472296,0.178859,0.246394
0.111894,0.0690736,0.123211,0.128622,0.0938315,0.0689805,0.314786,0.187554
0.126795,0.0890867,0.1201,0.122755,0.119896,0.089025,0.315136,0.253904
0.292333,0.265836,0.299938,0.309187,0.259774,0.265726,0.459975,0.439185
0.317258,0.315321,0.299315,0.30194,0.300174,0.315279,0.46199,0.53593
0.484692,0.535859,0.443062,0.448574,0.468288,0.535875,0.37262,0.494533
0.526145,0.614314,0.443062,0.445814,0.534752,0.614426,0.389968,0.597097
0.0303441,0.00683142,0.0304916,0.0351461,0.0278019,0.00679332,0.0502481,0.0107901
0.034408,0.00741348,0.029247,0.0311435,0.0351868,0.00738153,0.1077,0.0283594
0.0663777,0.0421385,0.0709396,0.081249,0.0573414,0.0420786,0.197157,0.113437
0.072609,0.0516326,0.067206,0.0682452,0.0699392,0.0516016,0.307047,0.257927
0.191276,0.13028,0.212819,0.217703,0.158558,0.130137,0.563129,0.373977
0.21566,0.159782,0.212819,0.215784,0.197654,0.159676,0.581949,0.478416
0.406394,0.301124,0.403236,0.415511,0.370547,0.30091,0.482603,0.388279
0.431861,0.353025,0.400124,0.402608,0.413553,0.352889,0.500061,0.486944
0.565971,0.496632,0.525202,0.537929,0.541268,0.496479,0.48858,0.500971
0.583853,0.533641,0.520846,0.523051,0.57298,0.533552,0.544193,0.616716
0.0065023,0.000186631,0.00871189,0.0119712,0.00477845,0.000172465,0.0287998,0.000460949
0.011379,0.000570163,0.00746733,0.00796864,0.0134666,0.000561925,0.0381176,0.00298621
0.0698998,0.0559354,0.0721842,0.0832777,0.0621199,0.0558889,0.154375,0.1151
0.0755893,0.07416,0.0696951,0.0709958,0.07298,0.0741517,0.222899,0.25864
0.253861,0.200343,0.224642,0.229912,0.250652,0.200265,0.295953,0.286396
0.268491,0.226623,0.22402,0.22653,0.274544,0.22658,0.334817,0.372051
0.240856,0.191889,0.253267,0.259264,0.209818,0.191761,0.373678,0.307055
0.272826,0.240935,0.250156,0.253397,0.263249,0.240873,0.403099,0.425694
0.54809,0.475657,0.505289,0.510605,0.526499,0.475517,0.388126,0.401563
0.577079,0.532671,0.503423,0.505981,0.574283,0.532605,0.38873,0.454589
0.0184232,0.00337702,0.0205352,0.0242166,0.0156386,0.00334983,0.0467334,0.00718187
0.0200488,0.00353255,0.0186683,0.0182767,0.0195482,0.00351367,0.0358734,0.0076619
0.0387429,0.035976,0.0354698,0.0474554,0.0377932,0.0359552,0.177004,0.148991
0.0417231,0.0477565,0.0323584,0.0337114,0.0447437,0.0477683,0.176696,0.278157
0.197237,0.181537,0.184194,0.190068,0.188097,0.181492,0.213678,0.226677
0.214305,0.208375,0.183572,0.186687,0.215899,0.208366,0.28035,0.347626
0.31482,0.310057,0.298693,0.303859,0.296699,0.310006,0.365288,0.414032
0.128962,0.00041098,0.29496,0.297371,0.00130321,6.43E-06,0.368397,8.85E-06
0.205635,0.351339,0,0,0.330148,0.351752,0,0.499189
0.563804,0.447687,0.532047,0.54608,0.533015,0.447466,0.406425,0.369986
0.592251,0.504916,0.528314,0.531715,0.581234,0.504782,0.453379,0.478175
0.0200488,0.00443538,0.0192906,0.0230469,0.0191138,0.00441103,0.0846949,0.0180088
0.0189651,0.00487474,0.0186683,0.0205064,0.0178106,0.00485439,0,0
0.107559,0.0730087,0.11201,0.117766,0.0947003,0.072935,0.233565,0.160703
0.118396,0.0848659,0.110143,0.113069,0.11338,0.0848125,0.289764,0.24147
0.122731,0.0993818,0.116988,0.129956,0.115552,0.0993223,0.309376,0.262686
0.133026,0.115643,0.113255,0.115591,0.134666,0.115623,0.296192,0.329149
0.418586,0.332227,0.411948,0.416736,0.384014,0.332048,0.365197,0.323272
0.444324,0.385117,0.409459,0.411491,0.42702,0.385007,0.401541,0.417387
0.400975,0.39724,0.3771,0.383253,0.380104,0.397183,0.32219,0.370952
0.435383,0.463855,0.376478,0.379872,0.435708,0.46388,0.342268,0.464339
0.0525603,0.0100837,0.0522713,0.056347,0.0482189,0.0100204,0.173466,0.0342711
0.0604172,0.0110651,0.0522713,0.0536604,0.0608167,0.0110066,0.175811,0.0400631
0.099702,0.0637425,0.100187,0.113727,0.0903562,0.0636634,0.362549,0.225473
0.107559,0.0731017,0.096453,0.0993612,0.10556,0.0730533,0.42182,0.344548
0.120022,0.100619,0.1257,0.131035,0.105126,0.100559,0.196317,0.167376
0.132484,0.119847,0.124456,0.127215,0.125977,0.119815,0.221949,0.232234
0.452452,0.354385,0.423149,0.42836,0.430495,0.354216,0.486537,0.446967
0.483338,0.409973,0.423771,0.426222,0.479583,0.409872,0.503251,0.537647
0.584936,0.539111,0.574362,0.579618,0.537359,0.538951,0.455573,0.470615
0.60932,0.578611,0.57374,0.576237,0.57689,0.578501,0.476273,0.531203
0.0246546,0.00575077,0.0304916,0.0404463,0.0186794,0.00570414,0.118759,0.0186071
0.0270929,0.007191,0.0280025,0.0288041,0.0243267,0.007162,0.105181,0.0290549
0.126524,0.0728229,0.144368,0.153287,0.10252,0.0727004,0.47447,0.250001
0.1398,0.0926032,0.138768,0.139744,0.127715,0.0925224,0.668442,0.491676
0.0942834,0.0708789,0.096453,0.10934,0.0842745,0.0708142,0.297677,0.214183
0.105933,0.0963731,0.0939639,0.0962176,0.104692,0.0963562,0.274502,0.305402
0.231915,0.27889,0.228376,0.233055,0.212858,0.278899,0.291938,0.388132
0.254132,0.332494,0.227131,0.229053,0.249348,0.332572,0.351853,0.56756
0.410187,0.455775,0.378967,0.384569,0.393571,0.455784,0.260932,0.343568
0.437009,0.516154,0.377722,0.380566,0.437446,0.516239,0.278119,0.419133
0.0311569,0.00554093,0.033603,0.0351278,0.0269331,0.00550134,0.0615222,0.0107041
0.0338662,0.00664217,0.0323584,0.0329712,0.032146,0.00660682,0.0673293,0.0149887
0.0647521,0.041837,0.0634723,0.0675415,0.0599479,0.0417956,0.175926,0.120946
0.0723381,0.0622166,0.0622278,0.0635389,0.07298,0.0622045,0.356032,0.387232
0.148469,0.124981,0.157436,0.166391,0.128584,0.124901,0.288037,0.240207
0.157139,0.144534,0.15308,0.152939,0.145526,0.144496,0.30018,0.315078
0.418857,0.395095,0.378345,0.383728,0.407906,0.395034,0.347,0.396863
0.453807,0.479941,0.378345,0.380968,0.463944,0.479983,0.462948,0.647992
0.420211,0.390792,0.430616,0.434172,0.373588,0.390657,0.360802,0.360664
0.186941,0.00059084,0.428127,0.428927,0.00130321,6.43E-06,0.362787,6.04E-06
0.264156,0.468878,0,0,0.423979,0.469429,0,0.448592
0.0484963,0.0130383,0.0541381,0.0585402,0.0403997,0.0129755,0.100495,0.0247464
0.0525603,0.0134515,0.0528936,0.0545376,0.0477845,0.0133946,0.134927,0.0368158
0.124898,0.0532692,0.131301,0.138108,0.109036,0.0531446,0.228443,0.0976603
0.13411,0.0637316,0.128811,0.129691,0.125543,0.0636307,0.627053,0.341791
0.111894,0.116207,0.0989421,0.101006,0.110773,0.116207,0.199675,0.255216
0.0991601,0.0956107,0.0983199,0.100385,0.0907906,0.0955873,0.206225,0.218159
0.375779,0.36915,0.374611,0.382979,0.341442,0.36906,0.532566,0.570159
0.413709,0.430624,0.369633,0.372634,0.405734,0.43062,0.583483,0.7491
0.514495,0.513219,0.520846,0.532153,0.461772,0.513093,0.410357,0.439563
0.225684,0.000712329,0.517113,0.517788,0.00130321,6.43E-06,0.422107,5.82E-06
0.310214,0.568914,0,0,0.497828,0.569582,0,0.54155
0.0471417,0.0134372,0.0435594,0.0482687,0.0456125,0.0133889,0.0712728,0.0219635
0.0520184,0.0139787,0.0423149,0.0442661,0.0543006,0.0139365,0.081419,0.0284779
0.108372,0.0524276,0.102676,0.108107,0.10252,0.052343,0.161833,0.0870512
0.114603,0.0609541,0.100809,0.103483,0.113814,0.0608859,0.366413,0.239508
0.209699,0.162281,0.206596,0.213207,0.192441,0.162181,0.337294,0.285042
0.220807,0.18335,0.203485,0.207267,0.212424,0.183283,0.401618,0.394554
0.447575,0.457325,0.42066,0.426094,0.424414,0.45728,0.60915,0.726276
0.473313,0.506233,0.420037,0.422712,0.466116,0.506249,0.665956,0.886064
0.606069,0.510092,0.610454,0.615184,0.546047,0.509849,0.444394,0.409171
0.636955,0.574631,0.607343,0.609317,0.597741,0.574472,0.450707,0.472085
0.00298022,1.92E-05,0.0056005,0.0135979,0.00130321,2.65E-06,0.144481,3.13E-05
0.00216743,1.54E-05,0.00186683,0.00186422,0.00260643,1.48E-05,0.027951,0.000247315
0.12544,0.0741054,0.124456,0.130011,0.114683,0.0740162,0.304796,0.192777
0.133839,0.0805221,0.123211,0.126849,0.129018,0.0804448,0.335498,0.236374
0.095909,0.0801506,0.0945862,0.105274,0.0881842,0.0801023,0.210261,0.17774
0.106204,0.103832,0.0914748,0.09439,0.106864,0.103827,0.223714,0.273387
0.378217,0.455058,0.330429,0.34394,0.376195,0.455122,0.248632,0.365513
0.389596,0.480051,0.326696,0.329574,0.397046,0.480164,0.247962,0.401348
0.286101,0.374024,0.261357,0.267242,0.276716,0.374098,0.192106,0.298761
0.3178,0.466139,0.257623,0.258661,0.330148,0.466333,0.217411,0.435458
0.0167976,0.00672408,0.0205352,0.0325142,0.0130321,0.00668945,0.165055,0.0377264
0.015443,0.00752307,0.0155569,0.0168511,0.0143354,0.00751082,0,0
0.0885939,0.0499911,0.0827629,0.0879017,0.0847089,0.0499313,0.268856,0.169666
0.0975345,0.0560288,0.0821406,0.0845206,0.0994787,0.0559807,0.288846,0.212541
0.341913,0.239519,0.313006,0.330799,0.330148,0.239349,0.627977,0.50479
0.350853,0.256478,0.306783,0.309315,0.348827,0.256357,0.622995,0.573628
0.303712,0.260718,0.317984,0.323306,0.265421,0.260583,0.392122,0.351119
0.337307,0.313836,0.317984,0.320655,0.319288,0.313767,0.484425,0.526617
0.388513,0.435956,0.362166,0.375778,0.370547,0.435954,0.288552,0.371906
0.416689,0.500903,0.35781,0.360097,0.418766,0.500998,0.327853,0.506753
0.0181523,0.00519729,0.0236465,0.0386918,0.0130321,0.00515242,0.215763,0.0319206
0.015443,0.00513693,0.0161792,0.0174725,0.013901,0.00512103,0.242257,0.078882
0.0848009,0.0473233,0.0827629,0.0851054,0.0786273,0.0472643,0.31679,0.195455
0.0888648,0.0521389,0.0821406,0.0836433,0.0855778,0.0520874,0.566705,0.392066
0.175833,0.128156,0.178594,0.185874,0.157689,0.128054,0.424363,0.324797
0.194256,0.151836,0.176105,0.177841,0.188966,0.151772,0.427934,0.40573
0.454348,0.40306,0.417548,0.422987,0.437446,0.402955,0.472896,0.50049
0.476836,0.441854,0.414437,0.41712,0.475673,0.441803,0.604839,0.711718
0.279599,0.294269,0.27318,0.285747,0.258036,0.294224,0.20642,0.236129
0.311027,0.368795,0.271313,0.274086,0.309731,0.368854,0.214043,0.320014
0.0379301,0.00679379,0.0429371,0.0472452,0.0312772,0.00673908,0.083911,0.0132973
0.0425359,0.0078748,0.0416926,0.0432427,0.0395308,0.00782683,0.1376,0.0276689
0.0950962,0.0610548,0.0976976,0.103565,0.0847089,0.0609865,0.344325,0.225263
0.0978055,0.066315,0.0970753,0.0983377,0.0894874,0.06626,0.411366,0.307936
0.149282,0.107056,0.166148,0.169845,0.123805,0.106951,0.287794,0.201332
0.166892,0.127894,0.165526,0.166464,0.152476,0.127818,0.415549,0.354481
0.504199,0.487226,0.484132,0.484369,0.470895,0.487136,0.448475,0.501086
0.512327,0.50903,0.482265,0.481591,0.48523,0.508969,0.496592,0.583059
0.386887,0.410817,0.342253,0.347796,0.381842,0.410824,0.280361,0.367916
0.421024,0.480334,0.339764,0.342551,0.438315,0.480429,0.299451,0.466585
0.0533731,0.00777482,0.0535159,0.057206,0.0486533,0.00770762,0.124256,0.0185993
0.0552696,0.00807687,0.0535159,0.0564384,0.0516942,0.00801108,0.262768,0.0414371
0.0490382,0.0304208,0.0547604,0.0667191,0.0408341,0.0303671,0.358649,0.181353
0.0531021,0.0448692,0.0510268,0.0523536,0.0499566,0.0448521,0.329093,0.313225
0.137632,0.118974,0.141879,0.144916,0.122068,0.118917,0.199133,0.18154
0.15443,0.143863,0.143124,0.145638,0.148132,0.143834,0.200648,0.220152
0.277703,0.305317,0.257623,0.263066,0.265856,0.305316,0.324086,0.417876
0.292875,0.333536,0.255756,0.258442,0.291486,0.333574,0.330341,0.47369
0.57735,0.519262,0.576851,0.58808,0.523458,0.519067,0.426796,0.418512
0.838797,0.994541,0.570006,0.569209,0.947437,0.994929,0.00393403,0.00763938
0.041994,0.00870138,0.0479154,0.0517048,0.034318,0.0086428,0.133756,0.0248391
0.0680033,0.0210556,0.0454263,0.0451434,0.0777585,0.0210204,0.000314024,0.000162447
0.12544,0.0777694,0.141257,0.154849,0.102954,0.0776505,0.466834,0.260075
0.13709,0.0899256,0.135034,0.137998,0.125977,0.089844,0.66446,0.480601
0.273368,0.182915,0.234599,0.248718,0.274978,0.182791,0.592186,0.48351
0.299919,0.243251,0.231487,0.234974,0.319722,0.243216,0.592592,0.681442
0.462205,0.39589,0.443062,0.455793,0.432233,0.395732,0.424049,0.409025
0.481441,0.440921,0.438083,0.440185,0.466551,0.440837,0.486398,0.541171
0.683826,0.613951,0.663348,0.668443,0.633797,0.613757,0.422375,0.430855
0.707125,0.660598,0.663348,0.66561,0.671156,0.660463,0.521399,0.574777
0.0398266,0.00940852,0.0392035,0.0507544,0.0369244,0.00935207,0.214817,0.0439748
0.0417231,0.00987901,0.0354698,0.0372479,0.0425717,0.0098416,0.184139,0.0540519
0.108101,0.101444,0.101431,0.113325,0.102954,0.10141,0.516092,0.513079
0.108914,0.106013,0.0976976,0.0989591,0.106864,0.106004,0.519618,0.618373
0.375508,0.282151,0.342253,0.348235,0.363597,0.282007,0.808673,0.727546
0.385532,0.290024,0.341008,0.344232,0.380539,0.289895,0.831511,0.77796
0.15741,0.150437,0.164281,0.170997,0.138141,0.150381,0.257556,0.251639
0.176104,0.19776,0.163037,0.164207,0.168983,0.197769,0.25293,0.338429
0.949336,0.88682,0.871811,0.886008,0.913988,0.886647,0.00608511,0.00676522
1,0.999528,0.864966,0.870281,1,0.999509,0.00599338,0.00764715
0.0273639,0.00752442,0.0280025,0.0312714,0.0247611,0.00749243,0.102883,0.0273855
0.0354917,0.00836819,0.0280025,0.0294255,0.0377932,0.00833971,0.0962959,0.0303204
0.0487673,0.0418682,0.0479154,0.0599201,0.0451781,0.0418372,0.19129,0.148383
0.0541859,0.0591513,0.0454263,0.0468706,0.0556038,0.0591584,0.228646,0.320612
0.249255,0.167461,0.26509,0.271034,0.21503,0.167288,0.448384,0.307462
0.276077,0.197049,0.264468,0.267653,0.258471,0.196916,0.706955,0.577831
0.217285,0.206923,0.220909,0.232635,0.194613,0.206849,0.234452,0.231597
0.238418,0.26518,0.217175,0.218269,0.231103,0.265194,0.286067,0.386135
0.54511,0.510492,0.534536,0.539263,0.501303,0.510353,0.333774,0.350933
0.576267,0.574905,0.535159,0.537234,0.550825,0.574845,0.3773,0.448513
0.0276348,0.00498616,0.0304916,0.0347074,0.0234579,0.0049465,0.0840204,0.0133033
0.0322406,0.00563355,0.029247,0.0307048,0.0317116,0.00560012,0.0934939,0.0189441
0.0512056,0.0320244,0.0541381,0.0611264,0.0447437,0.0319803,0.205237,0.119291
0.0633975,0.0455921,0.0535159,0.0560455,0.0647263,0.0455708,0.188934,0.17067
0.225413,0.252805,0.200373,0.212128,0.221981,0.252813,0.552464,0.731484
0.232728,0.277588,0.196017,0.197142,0.236751,0.277646,0.539438,0.844025
0.266053,0.251843,0.277536,0.296393,0.233275,0.251735,0.260695,0.245985
0.278515,0.291795,0.270691,0.270312,0.258036,0.291769,0.300863,0.360779
0.354646,0.46928,0.30865,0.31223,0.353606,0.469404,0.285888,0.477494
0.383094,0.549874,0.306783,0.307752,0.400521,0.550099,0.28237,0.560736
0.0363045,0.00810088,0.0385812,0.0430782,0.0317116,0.00805341,0.105843,0.0219829
0.0411813,0.00921107,0.0367144,0.0385638,0.0408341,0.00917108,0.0983245,0.0259778
0.0400975,0.0333333,0.0373367,0.0414424,0.038662,0.0333177,0.125544,0.112131
0.0468708,0.0512647,0.0373367,0.0386826,0.0495222,0.0512737,0.242091,0.356499
0.16608,0.134477,0.152458,0.15739,0.160295,0.134421,0.20007,0.189833
0.175833,0.149531,0.150591,0.152766,0.177237,0.149499,0.20115,0.218692
0.435112,0.416462,0.414437,0.41966,0.408775,0.416377,0.338889,0.373549
0.450555,0.450409,0.410081,0.412477,0.436577,0.450374,0.411849,0.499588
0.647792,0.523493,0.597386,0.602208,0.622068,0.523284,0.429326,0.414456
0.665673,0.553634,0.594275,0.596231,0.652911,0.553468,0.433398,0.446956
0.0430778,0.0110527,0.044804,0.0486708,0.0382276,0.011001,0.142119,0.0356875
0.0495801,0.0124093,0.0435594,0.0446682,0.0495222,0.0123647,0.16766,0.0515601
0.0227581,0.0197364,0.0236465,0.0258524,0.020417,0.0197261,0.0932519,0.0790494
0.0260092,0.0270655,0.0242688,0.0256331,0.0251955,0.0270641,0.150329,0.176334
0.127879,0.0912585,0.121344,0.126795,0.120765,0.0911938,0.286487,0.228913
0.139529,0.106815,0.1201,0.122792,0.140313,0.106774,0.288157,0.278372
0.338662,0.361984,0.307405,0.31901,0.328844,0.361974,0.380633,0.47982
0.360607,0.423647,0.303049,0.303951,0.367072,0.423729,0.466051,0.721804
0.577621,0.577948,0.542626,0.550951,0.547785,0.577873,0.389641,0.45403
0.602547,0.628905,0.540759,0.541621,0.589053,0.628902,0.452703,0.583986
0.0276348,0.00491439,0.0298693,0.0328432,0.0238923,0.00487719,0.128799,0.0212489
0.0346789,0.0059268,0.0298693,0.0309973,0.0351868,0.00589332,0.12186,0.0257394
0.198591,0.0887372,0.163659,0.177001,0.204605,0.0886008,0.560382,0.311636
0.204823,0.0936323,0.159925,0.162635,0.217202,0.0935213,0.737202,0.470959
0.06123,0.062656,0.0634723,0.072659,0.0543006,0.0626319,0.2,0.19153
0.0685451,0.0836952,0.0616055,0.0629175,0.0673328,0.0837091,0.173897,0.257035
0.280954,0.275881,0.286248,0.297883,0.251086,0.275798,0.401143,0.412615
0.301002,0.324155,0.283136,0.284139,0.285404,0.324147,0.395236,0.500921
0.480358,0.470252,0.466086,0.469802,0.445265,0.470161,0.380558,0.423109
0.50718,0.522763,0.464841,0.467125,0.48914,0.522737,0.414969,0.515902
0.0105662,0.00273426,0.0124456,0.0191174,0.0086881,0.0027133,0.110498,0.017423
0.0105662,0.00354413,0.00995644,0.0100156,0.0104257,0.00353657,0.130014,0.0510028
0.0327824,0.0288566,0.0348475,0.036197,0.0286707,0.0288428,0.141778,0.125509
0.0379301,0.0426388,0.0348475,0.036197,0.0369244,0.0426412,0.182939,0.239422
0.251964,0.18879,0.224642,0.230131,0.247611,0.188698,0.343713,0.313105
0.263072,0.2099,0.222153,0.224812,0.267159,0.20984,0.350892,0.363867
0.264698,0.269741,0.254512,0.25952,0.247176,0.269703,0.271209,0.313127
0.292875,0.319849,0.249533,0.251789,0.29583,0.319881,0.341899,0.48256
0.392577,0.351845,0.390168,0.395316,0.357515,0.351718,0.283659,0.28038
0.42265,0.412637,0.388301,0.390692,0.407037,0.412587,0.309366,0.362957
0.0455161,0.0134676,0.0429371,0.0471356,0.0434405,0.0134208,0.155673,0.049243
0.0514766,0.0140945,0.0416926,0.043133,0.0538662,0.014054,0.160919,0.0582502
0.114332,0.0772252,0.115121,0.120654,0.103388,0.0771525,0.217842,0.154757
0.118396,0.0823507,0.114499,0.117272,0.110339,0.0822886,0.244273,0.190423
0.141696,0.108826,0.154325,0.160095,0.119896,0.108736,0.364394,0.27496
0.157681,0.131239,0.154325,0.157335,0.145526,0.13118,0.387151,0.35861
0.298835,0.24833,0.291848,0.300259,0.275847,0.248212,0.346596,0.318311
0.324031,0.291745,0.291226,0.294264,0.316681,0.291686,0.43448,0.478463
0.218098,0.216329,0.224642,0.231346,0.19331,0.216268,0.165537,0.17192
0.25061,0.31398,0.220909,0.221998,0.248045,0.314046,0.160779,0.252682
0.0214034,0.00555433,0.022402,0.0268485,0.0191138,0.00552608,0.0397079,0.00907977
0.0251964,0.00592079,0.0205352,0.0222245,0.0264987,0.00589931,0.0759613,0.0224008
0.0447033,0.0381968,0.0472931,0.0583483,0.0390964,0.0381636,0.278281,0.202211
0.0750474,0.0510235,0.0659614,0.0675963,0.0747176,0.0509927,0.000449117,0.000376396
0.273639,0.217973,0.250778,0.263778,0.264118,0.217869,0.435426,0.39955
0.286914,0.236257,0.246422,0.248901,0.288445,0.236195,0.437603,0.461344
0.268762,0.270064,0.263223,0.269316,0.247611,0.270014,0.29171,0.324919
0.295042,0.30815,0.263846,0.267178,0.289314,0.308148,0.352293,0.451401
0.318884,0.355243,0.326073,0.32845,0.284101,0.355212,0.238167,0.286153
0.344893,0.424801,0.32234,0.321962,0.32841,0.42486,0.273131,0.400417
0.0319697,0.0132186,0.0379589,0.0499136,0.0251955,0.0131678,0.389936,0.114284
0.0308859,0.0132045,0.0342253,0.0355664,0.0260643,0.0131732,0.458089,0.188496
0.121376,0.0574286,0.110765,0.123413,0.117724,0.057329,0.255915,0.132071
0.129504,0.0656559,0.107654,0.109596,0.132928,0.0655848,0.473912,0.315069
0.191547,0.157223,0.179838,0.185444,0.182016,0.157155,0.389133,0.366363
0.199404,0.172931,0.179216,0.180364,0.195048,0.172889,0.379499,0.404138
0.33514,0.270556,0.362788,0.366877,0.284535,0.270372,0.371298,0.303994
0.373882,0.29949,0.357187,0.358634,0.350565,0.299352,0.522474,0.484502
0.339474,0.232372,0.336652,0.341984,0.309731,0.232178,0.207459,0.156476
0.371173,0.299514,0.33603,0.338603,0.36099,0.299403,0.229344,0.225296
0.111623,0.0136208,0.118233,0.122436,0.0968723,0.0134711,0.315811,0.0386032
0.115416,0.0140024,0.116988,0.118433,0.103823,0.0138586,0.401049,0.052137
0.095638,0.0550232,0.114499,0.128019,0.0738488,0.0549144,0.224669,0.107067
0.106746,0.0668171,0.111388,0.114275,0.0938315,0.0667409,0.318927,0.206934
0.121105,0.0913274,0.135657,0.145583,0.0999131,0.0912371,0.271877,0.189292
0.129775,0.113902,0.132545,0.133758,0.115986,0.113855,0.344329,0.325616
0.337578,0.262294,0.315495,0.321185,0.32146,0.262164,0.36268,0.328883
0.36142,0.312987,0.313006,0.31594,0.361425,0.312923,0.363252,0.399707
0.274993,0.317497,0.266957,0.2767,0.254996,0.317492,0.240558,0.306651
0.305337,0.402525,0.263846,0.264802,0.305821,0.402636,0.245163,0.41414
0.045787,0.0134521,0.044804,0.0503157,0.0425717,0.013401,0.0974369,0.0288309
0.0501219,0.013915,0.0435594,0.0463131,0.050391,0.0138699,0.128813,0.0428578
0.0658358,0.0520155,0.0703174,0.0763326,0.056907,0.0519739,0.159061,0.120321
0.0709835,0.0651726,0.0678283,0.0678431,0.0668983,0.0651581,0.265328,0.283105
0.136548,0.106281,0.13379,0.142878,0.125977,0.106212,0.262797,0.217035
0.151179,0.149326,0.130678,0.131894,0.151607,0.149323,0.348733,0.438626
0.229748,0.209487,0.238332,0.246818,0.202433,0.209397,0.27956,0.263493
0.251693,0.253049,0.233976,0.237094,0.24066,0.253022,0.358623,0.425183
0.474939,0.427645,0.479776,0.485749,0.42702,0.427483,0.282313,0.276019
0.515037,0.514622,0.479154,0.482368,0.491746,0.514566,0.321584,0.381117
0.0503928,0.0134579,0.0541381,0.0665089,0.0434405,0.0133846,0.181416,0.0405605
0.0531021,0.0138253,0.0504045,0.0521617,0.050391,0.0137721,0.160566,0.0470982
0.125982,0.0792114,0.116988,0.12886,0.120765,0.0791297,0.240413,0.164014
0.128691,0.0853764,0.113877,0.115116,0.127281,0.0853208,0.22579,0.185919
0.27391,0.200119,0.235221,0.241389,0.275413,0.200025,0.340689,0.313636
0.290978,0.219649,0.233354,0.236765,0.304083,0.219584,0.48909,0.503931
0.39637,0.40695,0.35781,0.363624,0.386186,0.406931,0.488819,0.607739
0.423733,0.458502,0.35532,0.358378,0.431798,0.458551,0.566838,0.805759
0.432403,0.375598,0.441195,0.44671,0.385752,0.375428,0.225127,0.210199
0.471146,0.451705,0.441817,0.444571,0.447437,0.451628,0.247212,0.279003
0.0241127,0.00422216,0.0273802,0.0354568,0.0199826,0.00418057,0.0760317,0.00995936
0.0249255,0.00504361,0.0242688,0.0256605,0.0234579,0.00501639,0.117993,0.0256262
0.0582498,0.0457508,0.0547604,0.065394,0.0556038,0.0457169,0.247305,0.192075
0.0647521,0.0685509,0.0522713,0.0535964,0.0677672,0.0685598,0.266906,0.379308
0.181252,0.120564,0.190417,0.195844,0.158123,0.120439,0.329867,0.225371
0.201571,0.14121,0.189172,0.191841,0.191573,0.141115,0.517675,0.423048
0.42265,0.416028,0.375856,0.381023,0.415725,0.415996,0.495544,0.601064
0.440802,0.452621,0.373989,0.376399,0.446134,0.452638,0.502545,0.671393
0.596044,0.557761,0.581207,0.586015,0.550391,0.557614,0.396971,0.419648
0.619344,0.597923,0.581829,0.584717,0.587315,0.597825,0.515314,0.585329
0.0335952,0.00737585,0.0354698,0.0387283,0.0295395,0.00733348,0.0935476,0.0196795
0.0352208,0.00846006,0.0360921,0.037321,0.0317116,0.00842089,0.146541,0.0367336
0.069087,0.0435516,0.0746733,0.0840728,0.0590791,0.0434895,0.265598,0.152635
0.0777567,0.0525804,0.0715619,0.0754188,0.075152,0.0525407,0.314858,0.243687
0.221891,0.196459,0.203485,0.205796,0.214162,0.196409,0.392027,0.415664
0.243024,0.227445,0.203485,0.206353,0.248045,0.227431,0.421232,0.515776
0.450826,0.41188,0.395769,0.401128,0.447003,0.411815,0.436745,0.498136
0.978055,1,0.851898,0.856939,0.973936,1,0.00540516,0.00700743
0.418044,0.418866,0.408836,0.411207,0.385317,0.418796,0.354061,0.400608
0.444324,0.473414,0.407592,0.407095,0.428323,0.473413,0.35895,0.463746
0.0441615,0.0096634,0.0491599,0.05324,0.0369244,0.00960384,0.11341,0.0227278
0.0482254,0.0101678,0.0485376,0.0498588,0.0438749,0.0101135,0.161747,0.0364497
0.0398266,0.0287862,0.0398258,0.0518053,0.03649,0.028751,0.137064,0.0845087
0.0433487,0.0409978,0.0373367,0.0386826,0.0438749,0.0409948,0.190443,0.224222
0.127879,0.10007,0.133167,0.137349,0.112511,0.100001,0.265762,0.214966
0.169602,0.127758,0.132545,0.13522,0.179844,0.127725,0.000840305,0.000881801
0.362774,0.377251,0.348475,0.354083,0.338836,0.37721,0.462862,0.547809
0.400163,0.435947,0.345986,0.348838,0.400521,0.435982,0.610521,0.847708
0.30913,0.388479,0.297449,0.297947,0.288445,0.388528,0.235675,0.341427
0.337849,0.471354,0.296204,0.297115,0.335361,0.471501,0.249165,0.439285
0.0303441,0.00533642,0.033603,0.0381435,0.0256299,0.00529246,0.0475058,0.00732294
0.0341371,0.00690446,0.0323584,0.0341409,0.0325804,0.00686781,0.074268,0.0165976
0.0791114,0.0479426,0.0827629,0.0958887,0.0695048,0.0478695,0.223266,0.123827
0.0839881,0.0549893,0.0771624,0.0795859,0.0812337,0.0549467,0.387914,0.297538
0.166622,0.127183,0.164904,0.178828,0.152476,0.127089,0.250169,0.197518
0.176375,0.15021,0.162414,0.165815,0.169852,0.150161,0.243431,0.244912
0.426714,0.427859,0.381456,0.387055,0.418332,0.427832,0.373442,0.45859
0.456245,0.477133,0.380212,0.383052,0.466551,0.47717,0.493238,0.682609
0.616906,0.53029,0.607343,0.612735,0.565595,0.530074,0.364275,0.350101
0.645354,0.592133,0.607343,0.609975,0.611208,0.591993,0.389599,0.420071
0.0352208,0.0063742,0.0398258,0.0443575,0.0291051,0.00632295,0.134902,0.0213634
0.0379301,0.00730263,0.0385812,0.0403549,0.034318,0.00725795,0.145664,0.0291052
0.0820916,0.0600407,0.0821406,0.0908077,0.0747176,0.0599887,0.415133,0.304673
0.0877811,0.0670192,0.0796515,0.0809657,0.0855778,0.0669889,0.403018,0.370448
0.212679,0.145913,0.241444,0.247238,0.172893,0.145748,0.57014,0.373395
0.242482,0.189535,0.240821,0.243857,0.221112,0.189425,0.584067,0.504041
0.405039,0.297389,0.364032,0.369436,0.395743,0.297233,0.417043,0.37277
0.428881,0.347686,0.362166,0.364812,0.435274,0.347595,0.527891,0.558791
0.373611,0.379247,0.352209,0.357191,0.353606,0.379204,0.259685,0.306282
0.409374,0.461277,0.34972,0.35062,0.412685,0.46134,0.258927,0.378497
0.0376592,0.00787285,0.0410703,0.044321,0.032146,0.0078234,0.155459,0.0304862
0.0433487,0.0082709,0.040448,0.0417805,0.0417029,0.00822539,0.157622,0.0344746
0.117312,0.0454608,0.110765,0.116852,0.111208,0.0453561,0.304613,0.131356
0.144947,0.08777,0.108276,0.110208,0.157255,0.0877239,0.000677282,0.000598926
0.130046,0.114342,0.131923,0.137687,0.116855,0.114289,0.22427,0.206816
0.14576,0.13927,0.131301,0.134197,0.142485,0.139251,0.263046,0.303243
0.378488,0.35062,0.341008,0.346992,0.369244,0.350557,0.400458,0.449466
0.405581,0.39871,0.339764,0.34299,0.413553,0.398709,0.442611,0.571608
0.335952,0.304493,0.338519,0.34436,0.30278,0.304381,0.299393,0.294
0.373882,0.38177,0.338519,0.3416,0.363597,0.381752,0.320764,0.398243
0.0227581,0.00826894,0.0261357,0.0304672,0.0186794,0.00823892,0.281604,0.084601
0.0238418,0.00990409,0.0248911,0.0264646,0.0212858,0.00988146,0,0
0.16608,0.0792006,0.167393,0.180839,0.14987,0.0790478,0.453911,0.22043
0.173666,0.0876542,0.164281,0.167095,0.164205,0.0875301,0.490745,0.285595
0.0631265,0.0769815,0.0510268,0.0523536,0.0660295,0.077002,0.162699,0.265853
0.160932,0.223437,0.0491599,0.0504163,0.224153,0.223632,0.000307917,0.00151739
0.680033,0.627033,0.68575,0.695739,0.612076,0.626817,0.00422866,0.00423251
0.72311,0.706503,0.681394,0.686125,0.684188,0.706393,0.00417095,0.00477066
0.572474,0.501408,0.578096,0.584443,0.51477,0.501197,0.37203,0.354442
0.604985,0.569369,0.577474,0.581062,0.567333,0.569243,0.405879,0.441746
0.00568952,0.00232948,0.00622278,0.00621407,0.00521286,0.0023257,0,0
0.00596044,0.00233487,0.00746733,0.011624,0.00477845,0.0023237,0,0
0.134381,0.0811566,0.108899,0.111168,0.139878,0.0811015,0.386965,0.313633
0.125711,0.0702324,0.108276,0.110547,0.126412,0.0701653,0.409075,0.288457
0.165538,0.162815,0.156814,0.170055,0.156386,0.162775,0.373521,0.397203
0.175291,0.183012,0.15308,0.15569,0.174631,0.183015,0.372191,0.486064
0.188025,0.190231,0.179216,0.191001,0.176803,0.190195,0.231318,0.255902
0.211325,0.265127,0.175482,0.176635,0.216768,0.265197,0.268647,0.4481
0.497155,0.457273,0.506534,0.512287,0.443962,0.457109,0.300705,0.29809
0.523435,0.514863,0.504045,0.507041,0.487837,0.514774,0.399199,0.45026
0.0455161,0.010205,0.051649,0.0552139,0.0373588,0.0101433,0.179746,0.0366853
0.0525603,0.0119845,0.0510268,0.0519058,0.0490877,0.0119295,0.178758,0.0456429
0.0292604,0.0227424,0.0304916,0.0424842,0.0260643,0.0227128,0.130629,0.0775861
0.0308859,0.0289922,0.0273802,0.0287401,0.0308427,0.0289888,0.145438,0.162975
0.140883,0.134699,0.130056,0.130715,0.135534,0.13468,0.277027,0.317104
0.157139,0.17893,0.128811,0.129956,0.162467,0.178964,0.295245,0.451702
0.249255,0.265129,0.233354,0.23916,0.237185,0.265114,0.171236,0.210882
0.266323,0.303234,0.230865,0.233914,0.26629,0.303271,0.218931,0.315341
0.6123,0.511512,0.586185,0.591717,0.57298,0.511303,0.279208,0.268035
0.643186,0.572227,0.583696,0.586472,0.62424,0.572096,0.30367,0.329098
0.046058,0.0112297,0.0479154,0.051851,0.0408341,0.0111738,0.0729686,0.0174696
0.0520184,0.012228,0.0466708,0.0478484,0.0512598,0.0121788,0.134556,0.0380486
0.126524,0.0809187,0.109521,0.115646,0.126846,0.0808572,0.190463,0.147945
0.136819,0.0889879,0.107654,0.111022,0.144657,0.0889421,0.287557,0.255931
0.186399,0.167928,0.16677,0.170659,0.182884,0.167893,0.418248,0.457128
0.196424,0.183541,0.168015,0.170055,0.198089,0.183526,0.417538,0.500614
0.359252,0.319404,0.343497,0.348052,0.336664,0.319303,0.477841,0.487016
0.403956,0.418344,0.343497,0.345292,0.408341,0.418363,0.49645,0.668256
0.533189,0.444253,0.499067,0.504939,0.50695,0.444084,0.373492,0.364928
0.560282,0.499994,0.494088,0.497208,0.553866,0.499901,0.382435,0.427173
0.0449743,0.0134296,0.0466708,0.0508275,0.0399652,0.0133778,0.0536506,0.0156878
0.0501219,0.0138986,0.0454263,0.0468249,0.0490877,0.0138528,0.0907241,0.0298183
0.0940125,0.0694265,0.0927194,0.0985022,0.0864466,0.069375,0.148666,0.116324
0.104579,0.0830085,0.0914748,0.0944996,0.104257,0.0829784,0.324621,0.316674
0.127608,0.0949591,0.135657,0.147502,0.110339,0.0948704,0.345121,0.246607
0.135194,0.10908,0.135034,0.136244,0.122937,0.109024,0.333812,0.296761
0.344622,0.260414,0.352831,0.358397,0.30669,0.260231,0.405073,0.32676
0.367922,0.303884,0.349098,0.352018,0.346655,0.30376,0.497446,0.476883
0.31184,0.284207,0.317984,0.331073,0.278454,0.284089,0.301911,0.287812
0.344351,0.362656,0.314872,0.318243,0.332754,0.362647,0.296688,0.375601
0.023029,0.00909663,0.0267579,0.0387283,0.0186794,0.00905627,0.177343,0.0460719
0.0227581,0.0115273,0.0230243,0.0243811,0.0208514,0.0115094,0.129836,0.0680922
0.120022,0.0835465,0.121344,0.126429,0.108167,0.0834733,0.290592,0.21315
0.129233,0.0936942,0.1201,0.122426,0.123805,0.0936383,0.324605,0.275825
0.120293,0.0867754,0.118855,0.13215,0.110339,0.0866981,0.266191,0.194016
0.133297,0.107602,0.115121,0.117784,0.133797,0.107569,0.291144,0.295399
0.299377,0.34085,0.293715,0.298998,0.275413,0.340842,0.353791,0.448057
0.316716,0.376906,0.290604,0.293131,0.305387,0.376949,0.385213,0.550329
0.393931,0.407838,0.378967,0.384167,0.367507,0.407792,0.306733,0.361726
0.417231,0.463205,0.3771,0.379543,0.406169,0.46323,0.310822,0.421452
0.0471417,0.0134727,0.044804,0.0489998,0.0447437,0.0134234,0.0877891,0.0267183
0.0525603,0.0140567,0.0435594,0.0449972,0.0543006,0.0140136,0.163075,0.0564223
0.149824,0.0995845,0.122589,0.12833,0.155083,0.0995275,0.278975,0.24037
0.157681,0.103188,0.122589,0.12557,0.16768,0.103139,0.330756,0.301818
0.182335,0.129683,0.184194,0.195159,0.164205,0.129569,0.530634,0.39139
0.199404,0.153529,0.18046,0.183032,0.194179,0.15346,0.52747,0.491322
0.313194,0.409799,0.261979,0.263532,0.319722,0.40992,0.466323,0.805849
0.328095,0.450401,0.261357,0.261064,0.344049,0.450573,0.464212,0.890091
0.516391,0.453837,0.499689,0.506749,0.479583,0.453676,0.394136,0.392012
0.217014,0.000686492,0.4972,0.49889,0.00130321,6.43E-06,0.400911,5.74E-06
0.320509,0.499385,0,0,0.514335,0.499972,0,0.461327
0.0449743,0.0134119,0.0441817,0.0485612,0.0417029,0.0133631,0.0751542,0.0229758
0.0490382,0.0138738,0.0429371,0.0445586,0.0490877,0.0138311,0.119916,0.0413526
0.068816,0.0477796,0.0659614,0.0779044,0.0647263,0.047731,0.203472,0.138498
0.0777567,0.0771042,0.06285,0.0641603,0.0812337,0.0771086,0.31881,0.425666
0.163641,0.130553,0.160548,0.164207,0.150738,0.130484,0.296372,0.261639
0.179084,0.154537,0.158681,0.161429,0.176803,0.154499,0.317769,0.337877
0.343809,0.40484,0.289359,0.292253,0.349696,0.404916,0.430186,0.662159
0.318884,0.362141,0.293715,0.296494,0.30669,0.362161,0.436993,0.593009
0.395015,0.319625,0.405725,0.410961,0.350565,0.319439,0.277993,0.240062
0.423462,0.378908,0.403236,0.405715,0.397915,0.378798,0.282311,0.292829
0.0178813,0.00580534,0.0205352,0.0325142,0.0147698,0.00576963,0.121011,0.0238562
0.0173395,0.00742107,0.0168015,0.018167,0.0165074,0.0074069,0.21593,0.097806
0.0430778,0.0345362,0.0485376,0.0604319,0.0356212,0.0344959,0.12954,0.0821496
0.0452452,0.0426262,0.0441817,0.0455181,0.0421373,0.0426158,0.160906,0.167363
0.35275,0.262287,0.326696,0.331822,0.337967,0.262142,0.4133,0.362742
0.360878,0.270597,0.325451,0.32782,0.351868,0.270467,0.505921,0.463727
0.219995,0.238824,0.19664,0.207075,0.215899,0.238822,0.248577,0.318499
0.247358,0.320944,0.193528,0.193258,0.261946,0.321057,0.317192,0.585421
0.447575,0.477161,0.42626,0.43059,0.420504,0.477132,0.294931,0.363075
0.473855,0.527216,0.424393,0.425966,0.463944,0.527252,0.328991,0.452406
0.0447033,0.0112701,0.0454263,0.0569319,0.0403997,0.0112074,0.0756332,0.016541
0.0482254,0.0116944,0.0416926,0.0425847,0.0486533,0.0116518,0.0841313,0.025574
0.0991601,0.0660935,0.0995644,0.111972,0.0899218,0.0660197,0.292587,0.191654
0.101869,0.073627,0.0970753,0.0988495,0.0960035,0.0735799,0.469457,0.388223
0.206177,0.142751,0.199129,0.204726,0.192007,0.14264,0.333791,0.258371
0.220807,0.160544,0.199129,0.201967,0.215465,0.160457,0.362692,0.320124
0.46952,0.417481,0.480398,0.48542,0.417897,0.417307,0.401127,0.383107
0.489569,0.456421,0.479154,0.481417,0.450912,0.456299,0.444803,0.468378
0.525603,0.534671,0.512757,0.516929,0.48523,0.534592,0.425571,0.48895
0.559198,0.598736,0.512134,0.514461,0.539531,0.598735,0.4249,0.549374
0.07288,0.0106587,0.0734287,0.0775114,0.0660295,0.0105671,0.183491,0.0277911
0.0777567,0.0112555,0.0728065,0.0742034,0.0742832,0.0111691,0.249803,0.0417727
0.053644,0.0263329,0.0547604,0.0596094,0.0482189,0.0262842,0.178435,0.0874096
0.0593335,0.0306476,0.0541381,0.0562282,0.0577758,0.0306085,0.257987,0.156022
0.289352,0.240977,0.258245,0.264016,0.284101,0.2409,0.54064,0.548044
0.305337,0.254481,0.255756,0.25888,0.311468,0.254426,0.584792,0.638507
0.353563,0.351655,0.346609,0.349907,0.325369,0.35159,0.407024,0.454364
0.369277,0.383622,0.344119,0.345576,0.352302,0.3836,0.402232,0.496035
0.397995,0.381398,0.408836,0.4203,0.353171,0.381271,0.368559,0.371434
0.176104,0.000552984,0.405103,0.405934,0,0,0.362359,0
0.0327824,0.0108112,0.0304916,0.0343785,0.0317116,0.0107788,0.116122,0.0404484
0.0132755,4.60E-05,0.029247,0.0303759,0.00130321,6.43E-06,0.40848,9.61E-05
0.0774858,0.0487907,0.0746733,0.0986484,0.0725456,0.0487148,0.317112,0.173974
0.0769439,0.0562689,0.0640946,0.0641877,0.0790617,0.0562489,0.263207,0.256248
0.267949,0.265487,0.242688,0.252392,0.260643,0.265455,0.475312,0.555385
0.271471,0.279141,0.238955,0.239946,0.268897,0.279141,0.469349,0.606608
0.192631,0.255418,0.163659,0.174625,0.195048,0.25548,0.194794,0.316612
0.206719,0.298943,0.16117,0.162343,0.219374,0.299073,0.26286,0.537983
0.530209,0.446313,0.546982,0.552532,0.468723,0.446081,0.419808,0.376537
0.560282,0.508914,0.548227,0.551015,0.516073,0.508757,0.455132,0.466859
0.0436196,0.00977919,0.0472931,0.0613549,0.0373588,0.00970866,0.0217216,0.00381858
0.0471417,0.0105953,0.0441817,0.0477022,0.0451781,0.0105444,0.0169513,0.00416282
0.0528312,0.0359805,0.0591164,0.136399,0.0438749,0.0358379,0.244265,0.0713006
0.0549986,0.0440226,0.0547604,0.056082,0.050391,0.0439994,0.111845,0.0974852
0.240314,0.160249,0.270691,0.275786,0.196785,0.160061,0.426444,0.274964
0.264156,0.189537,0.267579,0.26981,0.237185,0.189392,0.611808,0.477111
0.378488,0.369527,0.377722,0.392209,0.343614,0.369425,0.414546,0.433792
0.397995,0.412395,0.374611,0.375924,0.377063,0.412366,0.406809,0.495763
0.0208616,0.00711206,0.0236465,0.0303759,0.0173762,0.00708081,0.303798,0.0786755
0.0205906,0.00776341,0.0211574,0.0225169,0.0186794,0.00774369,0.294565,0.112544
0.170685,0.12018,0.143746,0.15304,0.173762,0.120113,0.305714,0.266564
0.174749,0.121231,0.140635,0.142156,0.18245,0.12118,0.397655,0.376593
0.16337,0.136109,0.168637,0.177485,0.144657,0.136028,0.272338,0.231886
0.175291,0.161534,0.165526,0.166354,0.165943,0.161497,0.265845,0.286721
0.264427,0.247087,0.244555,0.249029,0.253692,0.247038,0.296412,0.32667
0.289082,0.286359,0.244555,0.246269,0.293223,0.28636,0.308945,0.399101
0.612571,0.556527,0.607965,0.615349,0.55821,0.556339,0.401884,0.403663
0.64129,0.611094,0.607343,0.610195,0.604692,0.610976,0.431404,0.479889
0.0414522,0.00956005,0.044804,0.0491095,0.0356212,0.00950602,0.078326,0.0168438
0.0452452,0.00994166,0.0435594,0.0451069,0.0425717,0.00989356,0.138764,0.0338133
0.0625847,0.0502952,0.0634723,0.0734997,0.0564726,0.0502555,0.159984,0.121528
0.0644812,0.0584378,0.0597386,0.0609802,0.0621199,0.0584248,0.185727,0.197689
0.31482,0.169328,0.299315,0.305102,0.296264,0.169111,0.810813,0.499285
0.343267,0.197147,0.296204,0.299235,0.344049,0.19697,0.948829,0.693868
0.209699,0.210977,0.212197,0.225872,0.188532,0.210917,0.297738,0.308875
0.230561,0.256419,0.209708,0.21275,0.223719,0.25643,0.308339,0.412884
0.406665,0.428239,0.377722,0.382888,0.388792,0.428219,0.237271,0.294808
0.432674,0.478921,0.375233,0.377642,0.432233,0.478967,0.296652,0.417997
0.0178813,0.00433147,0.0186683,0.0226814,0.016073,0.0043075,0.0279006,0.00588668
0.0216743,0.0051889,0.0168015,0.0179477,0.0234579,0.00517241,0.036536,0.0116978
0.0531021,0.0623815,0.0479154,0.0598105,0.0521286,0.0623747,0.146595,0.169844
0.0563533,0.0724034,0.0460485,0.0473823,0.0586447,0.0724253,0.16599,0.281875
0.417502,0.245213,0.332918,0.338804,0.437446,0.245038,0.483227,0.388273
0.427797,0.252772,0.332296,0.335423,0.454387,0.252611,0.625788,0.523585
0.214034,0.169233,0.220909,0.23406,0.189401,0.169113,0.360261,0.289179
0.235979,0.220085,0.215308,0.216506,0.228497,0.220048,0.340324,0.384275
0.352479,0.334029,0.331674,0.337452,0.334057,0.33396,0.258451,0.28416
0.384449,0.39215,0.331052,0.33407,0.385752,0.392154,0.273708,0.356949
0.0929287,0.0135983,0.074051,0.0783156,0.0977411,0.013509,0.127831,0.0244969
0.0983473,0.0142006,0.0721842,0.0738013,0.107732,0.0141182,0.178251,0.0378833
0.163912,0.0725368,0.135034,0.147977,0.168983,0.0724212,0.298353,0.162219
0.167163,0.0744321,0.131301,0.133612,0.176803,0.0743384,0.534669,0.330486
0.106204,0.111627,0.10392,0.11581,0.0981755,0.111601,0.276469,0.295985
0.11379,0.134295,0.102054,0.103309,0.111642,0.134313,0.288421,0.416587
0.151179,0.118817,0.149347,0.155891,0.138575,0.118744,0.243493,0.206053
0.172311,0.158633,0.14748,0.150499,0.173762,0.158615,0.243271,0.28484
0.364942,0.347418,0.35532,0.361175,0.337533,0.347332,0.256781,0.274342
0.40531,0.423993,0.35781,0.360901,0.400521,0.423997,0.316783,0.413464
0.0441615,0.0134096,0.0460485,0.0506447,0.0390964,0.013358,0.0692836,0.020302
0.0476836,0.0138494,0.0441817,0.0461304,0.0460469,0.0138045,0.0850273,0.0282678
0.150366,0.0829962,0.149969,0.154794,0.136838,0.0828835,0.249548,0.148445
0.158494,0.089818,0.148724,0.150792,0.150738,0.0897188,0.65011,0.429727
0.199946,0.175442,0.197884,0.211288,0.182884,0.17536,0.28915,0.266612
0.210512,0.196498,0.194773,0.197544,0.201998,0.19646,0.287078,0.317184
0.266865,0.278816,0.234599,0.239525,0.264553,0.278816,0.222837,0.288174
0.296938,0.338623,0.233976,0.236144,0.313206,0.338698,0.23827,0.37967
0.555405,0.491796,0.566895,0.578137,0.495222,0.491583,0.313011,0.295682
0.58006,0.557896,0.56005,0.560665,0.539531,0.557784,0.351827,0.388859
0.026822,0.00563542,0.0261357,0.0320025,0.0251955,0.00560022,0.0103972,0.00202133
0.0316987,0.00665361,0.0248911,0.0279999,0.0338836,0.00662508,0.00916111,0.00240815
0.124357,0.071843,0.114499,0.120142,0.119896,0.0717646,0.324493,0.215338
0.133026,0.0771729,0.113255,0.116139,0.134666,0.0771063,0.312397,0.230419
0.205906,0.140748,0.189795,0.19504,0.198089,0.140648,0.278544,0.223154
0.22162,0.16766,0.189795,0.192353,0.223284,0.167595,0.412312,0.399106
0.249255,0.2123,0.258867,0.271637,0.219374,0.212179,0.19626,0.170312
0.269575,0.255544,0.255756,0.257893,0.254127,0.255492,0.191036,0.210258
0.265782,0.28909,0.238955,0.247476,0.259774,0.289091,0.144107,0.18702
0.297209,0.366043,0.237088,0.240238,0.311468,0.366144,0.215636,0.365118
0.049851,0.0134821,0.0479154,0.0527648,0.0469157,0.0134276,0.104338,0.0294985
0.0555405,0.0140684,0.0466708,0.0487622,0.056907,0.0140201,0.13324,0.0425603
0.0257383,0.0226787,0.0280025,0.0399985,0.0221546,0.0226525,0.107596,0.0676971
0.0265511,0.0286224,0.0236465,0.0250117,0.0264987,0.0286237,0.124088,0.157767
0.186941,0.160546,0.192284,0.200806,0.165943,0.160461,0.330698,0.293579
0.19832,0.188114,0.189795,0.189602,0.185925,0.188077,0.321251,0.354027
0.404497,0.341035,0.411325,0.422786,0.361859,0.340857,0.292381,0.26188
0.419669,0.379381,0.40697,0.407799,0.389227,0.379269,0.287213,0.29676
0.383094,0.396101,0.372744,0.384258,0.354474,0.396041,0.242272,0.27741
0.410458,0.477603,0.365899,0.366786,0.403128,0.477662,0.283626,0.410349
0.023029,0.00381965,0.022402,0.0246187,0.0217202,0.00379243,0.0872468,0.0149315
0.214305,0.0918089,0.18855,0.202296,0.212424,0.0916415,0.533091,0.268292
0.219182,0.0973395,0.185439,0.188551,0.222415,0.0971974,0.620665,0.355453
0.173937,0.114126,0.159303,0.165176,0.168115,0.114036,0.252665,0.193794
0.185316,0.130962,0.158058,0.161283,0.187228,0.130896,0.253289,0.228379
0.467082,0.432641,0.436217,0.440413,0.444831,0.432547,0.430301,0.469511
0.478461,0.457356,0.43435,0.435789,0.464379,0.457297,0.462029,0.538631
0.552696,0.5393,0.531425,0.539647,0.515639,0.539194,0.405887,0.450548
0.593064,0.624868,0.529558,0.532409,0.581668,0.624873,0.411472,0.536521
0.023029,0.00455057,0.0273802,0.0394594,0.018245,0.00450389,0.0957386,0.0121402
0.0249255,0.00546085,0.0248911,0.026355,0.0230235,0.00543317,0.0729395,0.0167053
0.099702,0.0664363,0.101431,0.115079,0.0894874,0.0663585,0.361155,0.231363
0.104579,0.0706306,0.0970753,0.100092,0.100348,0.0705783,0.466436,0.365396
0.095909,0.101552,0.0983199,0.110218,0.0855778,0.101522,0.231449,0.236846
0.105933,0.131007,0.0945862,0.0958521,0.104257,0.131031,0.293749,0.446116
0.176104,0.14285,0.189172,0.19239,0.150738,0.142756,0.261086,0.215227
0.197237,0.185612,0.187928,0.190379,0.185491,0.185571,0.303318,0.328465
0.471959,0.443461,0.426882,0.432564,0.459166,0.44339,0.321684,0.366325
0.500406,0.503132,0.425638,0.428561,0.505647,0.503137,0.37549,0.489748
0.0254674,0.0073521,0.0280025,0.0323315,0.0217202,0.00731845,0.100227,0.0252046
0.026822,0.0082835,0.0267579,0.0283289,0.0247611,0.00825643,0.177957,0.0576206
0.0745056,0.0666215,0.0715619,0.0834971,0.0699392,0.0665872,0.219576,0.194539
0.0769439,0.0766407,0.0678283,0.0691316,0.0764553,0.0766379,0.299584,0.368965
0.263614,0.213552,0.255756,0.26175,0.24457,0.213445,0.552921,0.500915
0.27987,0.241093,0.254512,0.257747,0.271503,0.241024,0.621132,0.645285
0.277161,0.218885,0.278158,0.284559,0.250652,0.218754,0.302888,0.258682
0.303983,0.26084,0.275669,0.279314,0.295395,0.260765,0.358872,0.372218
0.30913,0.332224,0.298071,0.303457,0.28801,0.3322,0.198748,0.241716
0.340016,0.408692,0.295582,0.298212,0.33927,0.408765,0.227589,0.346577
0.0132755,0.0041746,0.0174238,0.0274881,0.00955691,0.00414386,0.305692,0.0511971
0.0132755,0.00686192,0.0143124,0.0156814,0.0117289,0.00685049,0.23148,0.112344
0.193714,0.106772,0.179838,0.184065,0.185491,0.106647,0.439673,0.283016
0.200488,0.111384,0.178594,0.180062,0.19722,0.11127,0.459802,0.315666
0.202926,0.14506,0.204107,0.208299,0.183319,0.144947,0.427248,0.330295
0.21566,0.162706,0.20224,0.205001,0.205039,0.162618,0.437449,0.385515
0.172582,0.166722,0.172993,0.184366,0.156386,0.166667,0.25876,0.259875
0.189109,0.196918,0.169882,0.172395,0.185056,0.196915,0.257978,0.327369
0.290707,0.25692,0.275669,0.280977,0.274109,0.256838,0.193715,0.196722
0.325386,0.337503,0.272558,0.27511,0.331885,0.337523,0.215452,0.293663
0.0165267,0.00390552,0.018046,0.02365,0.0143354,0.00387972,0.0494936,0.00902025
0.0216743,0.0044457,0.0174238,0.0183498,0.0230235,0.00442779,0.0404761,0.0108506
0.0902195,0.0581055,0.0908525,0.0964187,0.0816681,0.0580436,0.147542,0.0986756
0.0991601,0.0710515,0.089608,0.0924161,0.0968723,0.0710102,0.268485,0.229189
0.16039,0.120344,0.158681,0.165358,0.146829,0.120261,0.0453036,0.0366042
0.175833,0.147224,0.156192,0.160113,0.173328,0.147179,0.0442122,0.0451506
0.227852,0.245612,0.204107,0.207313,0.223284,0.245618,0.254469,0.334941
0.260905,0.317113,0.203485,0.203931,0.276716,0.317207,0.260075,0.449425
0.329721,0.440712,0.298071,0.309689,0.321025,0.440806,0.277147,0.438261
0.342184,0.477029,0.295582,0.296567,0.342745,0.477184,0.273634,0.489141
0.0520184,0.013488,0.0572495,0.0614645,0.0438749,0.0134217,0.155985,0.0378414
0.0582498,0.0141158,0.056005,0.0574619,0.054735,0.0140557,0.196913,0.0535114
0.0609591,0.0511685,0.0609832,0.0729331,0.0556038,0.0511306,0.222372,0.173195
0.0642102,0.0646334,0.0572495,0.0585677,0.0634231,0.064631,0.279006,0.342056
0.108643,0.110583,0.106409,0.119502,0.100348,0.110551,0.200352,0.205912
0.115687,0.136912,0.101431,0.103894,0.115117,0.136932,0.262772,0.384764
0.244378,0.184512,0.254512,0.259922,0.214596,0.184374,0.346945,0.273412
0.268762,0.233406,0.252645,0.255298,0.254996,0.233332,0.372569,0.378298
0.426714,0.35559,0.430616,0.435671,0.384014,0.355412,0.355361,0.322066
0.458412,0.415031,0.430616,0.432911,0.434839,0.414926,0.368536,0.392422
0.0438905,0.0110906,0.0472931,0.0505716,0.0377932,0.0110364,0.155953,0.0378107
0.0482254,0.0117487,0.0472931,0.0487257,0.0447437,0.0116978,0.151537,0.040417
0.117041,0.0671506,0.106409,0.12005,0.113814,0.0670669,0.297648,0.184734
0.124086,0.0739142,0.10392,0.106928,0.126846,0.0738564,0.356292,0.273404
0.20103,0.166793,0.209708,0.222656,0.176368,0.166685,0.379226,0.3154
0.219453,0.191461,0.206596,0.208912,0.20808,0.191401,0.370826,0.377443
0.181252,0.215924,0.161792,0.165724,0.178106,0.215952,0.315445,0.456663
0.201571,0.273315,0.160548,0.161721,0.211555,0.273416,0.332684,0.624869
0.28854,0.334021,0.267579,0.270522,0.276281,0.334044,0.245727,0.337097
0.318342,0.418464,0.26509,0.26472,0.325804,0.418594,0.252282,0.443194
0.0281766,0.00612548,0.0311139,0.0424202,0.0238923,0.00607659,0.156365,0.0248843
0.0308859,0.00769779,0.0280025,0.029462,0.0304083,0.00766847,0.129359,0.0374062
0.109997,0.0727267,0.105165,0.113142,0.103388,0.072659,0.255675,0.182413
0.120834,0.0796231,0.10392,0.107366,0.121633,0.0795713,0.289441,0.238314
0.322948,0.256763,0.297449,0.302836,0.310599,0.256651,0.445136,0.419111
0.331347,0.264242,0.296826,0.299454,0.3245,0.264144,0.520944,0.510507
0.342184,0.280876,0.309894,0.314606,0.332754,0.280777,0.314928,0.312252
0.359523,0.316133,0.307405,0.309251,0.362294,0.316082,0.377461,0.428609
0.473313,0.476943,0.460485,0.468605,0.43788,0.476863,0.382923,0.43291
0.0438905,0.0102853,0.0460485,0.0552139,0.038662,0.0102238,0.12394,0.0254961
0.046058,0.0105347,0.0423149,0.0432427,0.0447437,0.0104899,0.17563,0.0473322
0.0736928,0.0502513,0.0696951,0.0816328,0.0699392,0.0502004,0.410105,0.28018
0.0812788,0.0771246,0.0665837,0.0678888,0.0842745,0.077124,0.384989,0.485892
0.180981,0.132066,0.182327,0.186888,0.163336,0.131966,0.379289,0.297545
0.198862,0.155522,0.179216,0.181021,0.194179,0.155458,0.393161,0.375105
0.353834,0.433615,0.299315,0.303713,0.358818,0.433709,0.228124,0.361915
0.363587,0.459567,0.298071,0.29971,0.375326,0.459697,0.234375,0.399375
0.506367,0.457889,0.477909,0.49125,0.478714,0.457754,0.382365,0.39583
0.541588,0.537755,0.473553,0.476263,0.538228,0.537735,0.385914,0.484074
0.0474126,0.00744371,0.0522713,0.056347,0.0399652,0.0073773,0.0811477,0.0118033
0.0227581,7.60E-05,0.0510268,0.0523444,0.00130321,6.43E-06,0.184376,2.52E-05
0.103495,0.0596698,0.111388,0.124985,0.0886186,0.0595706,0.274831,0.145526
0.114332,0.0662067,0.107654,0.11062,0.108601,0.0661348,0.326884,0.217116
0.168247,0.123826,0.172993,0.186541,0.149435,0.123717,0.25914,0.190937
0.182606,0.153513,0.167393,0.170311,0.176368,0.153461,0.317843,0.318176
0.413167,0.296469,0.393279,0.398861,0.388358,0.296272,0.320666,0.26462
0.429965,0.327541,0.39079,0.392291,0.417029,0.32739,0.32019,0.29687
0.346248,0.352379,0.337274,0.342057,0.320156,0.352326,0.241789,0.276683
0.376592,0.414764,0.338519,0.34054,0.367941,0.414785,0.245378,0.332041
0.0479545,0.0126197,0.0528936,0.0566395,0.0403997,0.0125589,0.0752121,0.0185277
0.0528312,0.0135907,0.051649,0.0526369,0.0490877,0.0135366,0.0965618,0.0275883
0.0490382,0.025391,0.0522713,0.0642334,0.0425717,0.0253348,0.107025,0.0468966
0.0506638,0.0332367,0.0485376,0.049868,0.0477845,0.0332094,0.25008,0.18502
0.167163,0.135442,0.172371,0.177933,0.148132,0.135359,0.387105,0.327159
0.185316,0.159438,0.172371,0.175173,0.177237,0.159387,0.402767,0.407136
0.20997,0.196215,0.220909,0.231794,0.182884,0.196129,0.294721,0.277046
0.222975,0.227959,0.216553,0.217648,0.206777,0.22793,0.340373,0.396007
0.395557,0.379475,0.385812,0.392538,0.365334,0.379384,0.230524,0.247522
0.421566,0.430889,0.38519,0.389156,0.407472,0.430863,0.27462,0.33779
0.0471417,0.0137133,0.044804,0.0495481,0.0447437,0.0136635,0.0707064,0.0216618
0.0517475,0.014177,0.0435594,0.0455455,0.0529974,0.0141332,0.0855354,0.0294878
0.0812788,0.0502149,0.0933416,0.106453,0.0655951,0.05013,0.17679,0.092491
0.0894067,0.05702,0.0889857,0.0915754,0.0816681,0.0569635,0.379743,0.262427
0.168518,0.141935,0.170504,0.177037,0.151607,0.141861,0.466316,0.415125
0.182335,0.177228,0.169882,0.171042,0.174196,0.177203,0.484031,0.557111
0.199675,0.144397,0.205974,0.21116,0.176803,0.144279,0.251947,0.19125
0.221349,0.189509,0.20224,0.204672,0.214162,0.189452,0.269348,0.276986
0.339474,0.282262,0.353454,0.359201,0.298002,0.282103,0.274184,0.239228
0.374424,0.356481,0.354698,0.357794,0.353171,0.35641,0.27741,0.307001
