Packets,Bytes,Packets A to B,Bytes A to B,Packets B to A,Bytes B to A,Bits/s A to B,Bits/s B to A
2180,50145064,866,58888,1314,50086176,7381188.589,6277943057
2226,51794280,866,58888,1360,51735392,7381563.421,6484989763
185,1077761,89,6530,96,1071231,855315.4367,140312467.2
202,1114873,87,6092,115,1108781,1283995.409,233694962.9
333,3948483,153,10971,180,3937512,1447683.506,519576262.6
378,4401633,152,10601,226,4391032,2549807.121,1056153633
704,13429373,283,20729,421,13408644,4275734.108,2765777244
748,15177209,273,18873,475,15158336,5646815.521,4535385312
899,21840446,368,25394,531,21815052,2534191.445,2177030722
977,24860033,366,25093,611,24834940,3056543.791,3025109858
1103,23593373,502,35489,601,23557884,3275807.175,2174507184
1239,29179307,498,34053,741,29145254,3272933.409,2801235589
180,1002940,71,5210,109,997730,761246.9627,145780985
194,1033484,68,4704,126,1028780,1181083.012,258306671.2
253,5888113,102,8253,151,5879860,1860089.093,1325222762
253,6065147,96,6681,157,6058466,2514481.509,2280182717
614,9005019,270,18971,344,8986048,3124001.609,1479754805
676,10630985,267,18465,409,10612520,5512206.242,3168069265
1231,24994793,537,37329,694,24957464,3366130.388,2250531168
1289,28448690,532,36184,757,28412506,3438824.008,2700243416
1148,29188141,461,32737,687,29155404,2839746.823,2529063930
1245,34510801,450,30825,795,34479976,2933054.634,3280832226
101,797309,46,3666,55,793643,958714.82,207549728.8
103,797731,45,3296,58,794435,2525271.873,608666371.4
290,3259345,138,10833,152,3248512,2749135.835,824388512
308,3694827,131,9193,177,3685634,4153621.18,1665259159
829,14759203,352,24631,477,14734572,4665798.74,2791139112
886,16198325,353,24397,533,16173928,5525163.576,3662892891
1011,18911355,419,29115,592,18882240,4108621.858,2664605323
1091,22408865,413,28405,678,22380460,4293955.128,3383231508
2659,53905051,1087,74539,1572,53830512,4133617.885,2985212670
2782,58607333,1082,73897,1700,58533436,4506565.922,3569627833
70,758749,31,2562,39,756187,3478659.942,1026743726
71,823977,29,2124,42,821853,0,0
798,10559703,294,20647,504,10539056,4694817.8,2396423098
825,10616673,293,20369,532,10596304,6996312.973,3639602295
698,11289083,313,21919,385,11267164,2765658.5,1421649157
769,13456813,310,21413,459,13435400,3465852.67,2174619014
899,14595347,365,25491,534,14569856,2681611.285,1532724894
985,17711191,363,25053,622,17686138,3829977.685,2703768566
2933,64480235,1190,81559,1743,64398676,5805169.062,4583739398
3008,67205177,1190,81265,1818,67123912,6404194.261,5289787387
119,461605,57,4286,62,457319,1219352.296,130105686.6
139,548699,54,3776,85,544923,1138274.374,164266919.2
355,8116897,137,10633,218,8106264,3900865.983,2973897252
354,8262663,131,9061,223,8253602,4816309.434,4387142830
246,4913444,106,7876,140,4905568,1253862.775,780968652.4
281,7115667,104,7217,177,7108450,1615196.906,1590902930
1226,23698983,483,33491,743,23665492,4895263.276,3459102861
1335,27568821,479,32917,856,27535904,5471838.998,4577331876
1671,47656117,643,45189,1028,47610928,3931154.428,4141846698
1760,52377243,634,43405,1126,52333838,4065670.769,4902019477
160,1073161,66,4962,94,1068199,1033605.699,222510393.8
175,1110137,64,4524,111,1105613,2112539.297,516280042
299,3138217,131,10369,168,3127848,3514161.05,1060059949
331,3890829,124,8729,207,3882100,3663749.13,1629400905
588,10284219,226,16003,362,10268216,3283677.366,2106949226
649,11057506,222,15429,427,11042077,4107840.737,2939859597
1061,19686813,436,31353,625,19655460,5308364.117,3327858213
1138,23935145,424,29373,714,23905772,5059616.242,4117864443
1099,21353679,501,36279,598,21317400,3480587.61,2045179810
1194,27369827,488,33373,706,27336454,3246022.497,2658878275
182,1076097,86,6314,96,1069783,1120492.048,189845319
198,1107063,84,5876,114,1101187,1742210.513,326497543.9
234,4134461,104,8389,130,4126072,3087199.351,1518417785
241,4612291,99,6885,142,4605406,3727757.561,2493513005
657,12364507,301,20923,356,12343584,5104684.551,3011523326
708,14539509,297,20349,411,14519160,5318530.104,3794810042
824,16050117,379,27089,445,16023028,4623957.181,2735050958
878,19429463,375,25653,503,19403810,4581575.491,3465482413
1047,26859767,413,29191,634,26830576,2937337.008,2699819938
1168,34347550,406,27608,762,34319942,2880856.827,3581238743
191,763741,74,5466,117,758275,811459.1663,112570288.9
215,848615,71,4968,144,843647,1355133.766,230123698.9
454,7596359,180,12695,274,7583664,3525432.738,2106002153
461,7926419,178,12257,283,7914162,6775169.614,4374625920
871,15178535,343,24031,528,15154504,5523832.734,3483456588
925,16775051,343,23717,582,16751334,5746531.489,4058779285
1071,20816131,465,32307,606,20783824,4530881.858,2914818804
1157,24645041,460,31673,697,24613368,4979194.535,3869376044
1462,34330471,572,39511,890,34290960,3667620.191,3183068444
1569,38433012,569,38868,1000,38394144,3684518.375,3639598875
172,1076909,71,5338,101,1071571,1023423.318,205446000.1
194,1123907,69,4900,125,1119007,1982476.526,452735736.7
558,8676727,219,15515,339,8661212,4013753.606,2240668443
574,8719369,217,15077,357,8704292,4808388.992,2775991366
1168,17550923,453,31415,715,17519508,4279769.988,2386740873
1209,18722391,453,31113,756,18691278,4619096.307,2774943373
735,19736374,298,21226,437,19715148,3541043.273,3288994262
818,24893469,296,20281,522,24873188,3683320.604,4517327836
1386,28826671,612,42263,774,28784408,3030990.811,2064341768
1526,35347695,611,41893,915,35305802,3937628.77,3318481410
326,1087449,122,8874,204,1078575,986345.1523,119883617.6
344,1127811,120,8436,224,1119375,1750369.342,232256956.1
512,6675741,252,18621,260,6657120,3566808.767,1275155683
556,7717983,246,17049,310,7700934,8532348.16,3854011968
576,10608425,232,17233,344,10591192,2426039.358,1491014254
661,16399861,227,15729,434,16384132,3057856.431,3185219875
849,16488139,388,26983,461,16461156,3133941.853,1911881768
932,20237187,386,26545,546,20210642,3191324.215,2429787576
1201,22135707,546,38327,655,22097380,3529964.67,2035196355
1313,27954550,536,36532,777,27918018,3427063.461,2618986625
162,759373,74,5534,88,753839,896016.8699,122055016.5
179,843001,72,5096,107,837905,1703836.675,280151740.4
443,7411147,179,12795,264,7398352,2434510.629,1407687893
467,8083261,176,12289,291,8070972,2919722.163,1917568218
560,9628379,223,15703,337,9612676,3992094.113,2443781906
613,11636862,225,15416,388,11621446,4177139.038,3148961842
985,19545447,393,27239,592,19518208,2851724.897,2043414211
1081,23175373,390,26733,691,23148640,3315374.127,2870848843
698,11671863,336,23375,362,11648488,1633830.874,814188634.7
819,18074859,330,22665,489,18052194,1909333.168,1520743559
179,1075881,84,6166,95,1069715,743518.35,128990063.5
198,1113415,82,5728,116,1107687,1303084.247,251991878.5
413,6280523,162,11583,251,6268940,1468196.817,794616054
455,6621401,160,11145,295,6610256,2296725.024,1362219863
552,10735321,245,17877,307,10717444,4495950.042,2695367948
595,12835961,246,16881,349,12819080,4251319.038,3228363181
1421,27164395,517,35803,904,27128592,3725477.286,2822862701
1524,30180745,515,35365,1009,30145380,6065435.744,5170220992
2071,50554699,832,57271,1239,50497428,5636499.679,4969857986
2200,55134811,827,56629,1373,55078182,5931344.263,5768910962
174,1072685,68,5118,106,1067567,718720.038,149918287.4
196,1120727,66,4680,130,1116047,1289705.197,307558037.6
294,4341352,135,10196,159,4331156,2072143.613,880225308
308,4997787,132,9141,176,4988646,3285098.756,1792822970
652,14788001,268,19673,384,14768328,2671458.399,2005437599
688,16100749,261,18033,427,16082716,3035586.392,2707285191
1044,18460179,440,31299,604,18428880,5249939.49,3091169202
1210,26926275,437,30141,773,26896134,5285733.15,4716691122
1783,31024187,742,51135,1041,30973052,4065507.058,2462523937
1897,36016835,736,50425,1161,35966410,4850501.566,3459695152
180,1076021,78,5830,102,1070191,1315591.614,241498165.5
195,1112997,76,5392,119,1107605,1564503.698,321374650.9
184,2723421,86,7165,98,2716256,1988643.017,753895816.5
195,3649771,80,5593,115,3644178,3058514.111,1992807051
191,3126985,95,7777,96,3119208,2233860.443,895959285.5
208,4436239,88,6137,120,4430102,1884458.758,1360329886
879,22038156,344,23400,535,22014756,4475115.561,4210195604
811,17761492,345,23460,466,17738032,4641035.398,3509072225
2084,43025762,887,60806,1197,42964956,4940669.12,3491031006
2173,47359634,886,60436,1287,47299198,4980653.929,3898023303
96,726431,38,3384,58,723047,3196369.514,682956674.9
98,733545,35,2532,63,731013,3145637.129,908176001
306,4203231,133,9691,173,4193540,2921490.519,1264202595
338,5224895,131,9253,207,5215642,4095935.775,2308757663
1028,16298529,444,31689,584,16266840,8367670.239,4295356526
1097,17677531,439,30185,658,17647346,8449347.704,4939823170
891,17059057,408,29061,483,17029996,3146853.914,1844083464
971,21586427,402,27489,569,21558938,3406915.543,2671959001
2242,37556927,935,64299,1307,37492628,4460599.009,2600967034
2344,42999205,929,63589,1415,42935616,5431614.385,3667453640
151,677607,75,6744,76,670863,3139434.791,312296951.7
156,704541,67,4752,89,699789,2821175.917,415451993.7
156,2187991,75,5947,81,2182044,2517574.63,923736104.9
177,3195249,74,5185,103,3190064,2923887.982,1798917992
584,15113304,234,16936,350,15096368,4552122.216,4057658960
602,16240447,228,15669,374,16224778,4473993.308,4632685442
608,11864551,240,16799,368,11847752,2333500.676,1645737086
674,13926205,237,16293,437,13909912,2397780.012,2047069843
2097,44353623,904,62187,1193,44291436,5266702.675,3751102713
2195,48062907,903,61817,1292,48001090,5430530.312,4216823434
181,1077525,75,5614,106,1071911,779477.9993,148829897
203,1124309,74,5232,129,1119077,1091241.685,233406626.8
632,8081724,239,17472,393,8064252,2948525.349,1360900380
638,8156169,234,16197,404,8139972,5445558.619,2736722521
839,12298695,371,25887,468,12272808,5592540.73,2651376313
932,14903273,370,25517,562,14877756,7946252.169,4633083861
1017,20276631,418,29011,599,20247620,3201279.762,2234266179
1075,22764658,417,28484,658,22736174,3214559.639,2565889176
1541,35153497,639,44769,902,35108728,3600460.511,2823551760
1628,39535383,636,43401,992,39491982,3552662.013,3232682755
107,463093,51,4734,56,458359,769417.0536,74497091.53
118,505392,44,3096,74,502296,655190.4466,106298301.2
290,3587925,117,9209,173,3578716,2848593.718,1106994018
330,5187169,114,7941,216,5179228,2463997.471,1607052599
309,5148217,147,11313,162,5136904,2758230.593,1252432225
338,6877119,142,9809,196,6867310,2646620.274,1852906706
491,11950612,203,14564,288,11936048,2035795.453,1668453189
569,16988986,198,13464,371,16975522,1976421.768,2491888830
1180,27683879,500,34575,680,27649304,2676701.361,2140533034
1349,36614275,499,34205,850,36580070,2840571.63,3037810527
73,294634,36,3214,37,291420,672988.6735,61021269.21
76,303387,32,2328,44,301059,1110419.947,143600480.6
354,4888519,155,11707,199,4876812,3587594.147,1494492371
388,5560689,150,10497,238,5550192,4769398.698,2521775603
231,3961959,113,8791,118,3953168,2557147.583,1149907178
254,5566319,108,7489,146,5558830,2368425.151,1758001440
814,15828435,372,25907,442,15802528,2300828.663,1403439587
892,18582869,370,25469,522,18557400,2716041.302,1978980913
1830,38770837,801,55953,1029,38714884,4269975.299,2954472475
1926,43060729,794,54313,1132,43006416,4575861.654,3623283741
169,1075225,72,5374,97,1069851,633589.0503,126134328.1
186,1112337,70,4936,116,1107401,1078506.524,241964992.6
359,5206049,151,11585,208,5194464,2121730.996,951338392.6
371,5823935,144,9945,227,5813990,4267823.864,2495031198
541,13714881,211,15665,330,13699216,2284810.405,1998092005
560,15342863,202,13889,358,15328974,2101618.609,2319508749
825,22703999,304,21227,521,22682772,2905515.35,3104778924
918,27774181,304,20925,614,27753256,3177108.482,4213864040
1838,41479228,771,54072,1067,41425156,3451172.577,2643981402
1948,47998767,762,51969,1186,47946798,3319078.515,3062194522
184,801513,84,6258,100,795255,1346073.314,171056493.1
207,881765,82,5820,125,875945,1554276.134,233927905.2
184,3581487,79,5827,105,3575660,1614975.789,991008122.7
197,4494611,76,5321,121,4489290,3679822.586,3104640243
713,13830395,312,21839,401,13808556,2811980.48,1777983879
765,15534347,309,21345,456,15513002,2842772.174,2066054365
941,16079411,423,29443,518,16049968,2469140.099,1345977637
1038,19846999,421,29005,617,19817994,2760675.742,1886262896
1680,29728383,707,48675,973,29679708,2881130.355,1756776736
1783,34607201,700,47897,1083,34559304,3978939.83,2870939541
124,494398,59,4466,65,489932,818251.7596,89764380
140,543871,58,4096,82,539775,1041550.086,137256518
488,7620169,190,14409,298,7605760,4731784.475,2497662370
515,7993309,184,12837,331,7980472,5635657.817,3503560755
574,10529489,253,18605,321,10510884,2548211.995,1439610894
627,12999277,248,17185,379,12982092,3086941.872,2331973429
1064,21408015,452,31343,612,21376672,4010492.435,2735251295
1171,26231535,450,30921,721,26200614,4033569.247,3417806373
917,19348327,371,25767,546,19322560,2161500.684,1620899859
1028,24746301,370,25397,658,24720904,2251814.845,2191869064
108,458357,53,4034,55,454323,654530.7249,73715508.8
125,534835,52,3664,73,531171,818597.2379,118672247.1
242,3413551,110,8007,132,3405544,2217300.81,943064252.5
255,4050279,106,7433,149,4042846,4504372.113,2449950596
1161,22255345,481,34025,680,22221320,9183434.137,5997590850
1175,22939211,477,32589,698,22906622,9212649.435,6475518679
990,14794321,423,29981,567,14764340,3723891.36,1833854714
1129,21941150,418,28736,711,21912414,4777314.208,3642903909
1693,39899891,697,48075,996,39851816,4064254.189,3369067293
1766,43538257,692,47433,1074,43490824,4501771.571,4127627497
67,258913,32,2558,35,256355,582278.177,58354152.49
83,332859,30,2120,53,330739,625686.7428,97612739.45
461,6801739,204,14423,257,6787316,2367314.013,1114033715
493,7485505,202,13985,291,7471520,3643537.38,1946568638
522,8836421,232,17213,290,8819208,3702337.387,1896919973
573,11014199,226,15641,347,10998558,4100262.306,2883253806
1761,30801799,749,51567,1012,30750232,4908442.98,2926983543
1850,33544715,749,51265,1101,33493450,5066405.465,3310082866
1811,42495915,698,48143,1113,42447772,3324789.775,2931473284
1949,47382761,695,47625,1254,47335136,4127582.782,4102460732
50,358909,23,2650,27,356259,1122261.675,150873895.1
51,447009,18,1232,33,445777,1447440.266,523730178.1
374,4336531,178,12539,196,4323992,2362931.282,814841371.8
427,5278557,176,12193,251,5266364,2909877.418,1256825529
846,15185737,365,26189,481,15159548,4486048.898,2596757173
865,16168171,362,24829,503,16143342,5564391.035,3617860868
889,17347741,333,22881,556,17324860,2332878.465,1766391014
804,15087859,332,22995,472,15064864,2441091.257,1599248002
1499,35150445,650,45425,849,35105020,2995844.893,2315227185
1573,39405163,643,43877,930,39361286,3165334.362,2839565857
192,1076773,93,6786,99,1069987,949356.1977,149690361
207,1115163,91,6348,116,1108815,1246624.768,217749880.6
379,5234289,184,13301,195,5220988,2278576.1,894400306.3
417,6073897,181,12585,236,6061312,7737964.901,3726835082
755,10890023,372,25907,383,10864116,6566237.142,2753555487
373,25983,370,25469,3,514,7122657.709,143745.1829
467,13021422,0,0,467,13021422,0,3918244761
221,4696143,91,6743,130,4689400,2032078.007,1413202819
236,4818543,90,6381,146,4812162,2583763.007,1948516872
1699,31882235,723,49787,976,31832448,3354717.973,2144915047
1816,37656999,720,49281,1096,37607718,3791912.119,2893714852
83,402341,42,3250,41,399091,869760.3171,106804158.4
103,503305,39,2736,64,500569,1148689.477,210160213
465,6454751,187,13375,278,6441376,3258558.749,1569316046
497,6991421,186,13005,311,6978416,3950700.093,2119925316
551,11520217,227,16753,324,11503464,4365296.609,2997435229
578,13515303,220,15113,358,13500190,4242803.431,3790025306
924,19279135,388,27055,536,19252080,3997283.384,2844428737
1010,23199521,385,26549,625,23172972,4218287.856,3681881291
1680,37867975,649,44875,1031,37823100,3338711.294,2814048159
1821,44329473,645,44301,1176,44285172,4425261.309,4423680237
186,1074933,84,6190,102,1068743,736381.7555,127141009.1
204,1118275,82,5752,122,1112523,1167568.778,225825298.9
524,7756843,218,15587,306,7741256,2274346.451,1129550145
555,8435039,216,15149,339,8419890,4351882.554,2418798099
620,9168607,256,18063,364,9150544,3948392.631,2000218153
691,10737391,254,17625,437,10719766,4726266.7,2874580033
1143,24402403,476,32521,667,24369882,4180318.04,3132556113
1065,20150815,474,32747,591,20118068,4352776.903,2674121652
2266,51069910,884,61334,1382,51008576,4182882.442,3478704746
2333,55241588,878,59964,1455,55181624,4742042.035,4363844650
139,1066256,66,5086,73,1061170,3069010.111,640334537.8
137,1066406,64,4648,73,1061758,0,0
320,4552515,146,10443,174,4542072,3600795.464,1566127766
352,5160023,144,10005,208,5150018,3743212.446,1926797749
697,13082628,309,22100,388,13060528,2745800.129,1622696809
745,15771339,304,20817,441,15750522,2684767.946,2031344411
2734,42863895,1293,88643,1441,42775252,3795018.991,1831310918
2823,47480209,1287,87933,1536,47392276,3989355.503,2150098792
1949,50784963,749,51651,1200,50733312,4285631.787,4209488578
2063,56082355,745,51077,1318,56031278,4577512.324,5021513902
146,684869,66,5502,80,679367,1953224.324,241177053.7
158,716177,61,4312,97,711865,2452914.927,404949973.2
99,1654507,43,3379,56,1651128,1078314.42,526911847
114,2632927,41,2941,73,2629986,1930892.941,1726698879
603,10341803,252,17751,351,10324052,3164925.755,1840733371
641,12003705,252,17469,389,11986236,3453384.864,2369516628
913,16881959,398,27651,515,16854308,4186776.077,2551994992
1098,25354567,398,27349,700,25327218,4505812.319,4172718961
2839,57117400,1194,82300,1645,57035100,7625143.233,5284335441
2905,60391546,1192,81088,1713,60310458,7630708.275,5675457662
79,300357,44,3642,35,296715,3797484.688,309382391.3
74,357921,40,2976,34,354945,0,0
460,6098047,206,14591,254,6083456,4732427.769,1973100960
513,6951609,205,14221,308,6937388,5521270.051,2693424696
462,7515501,218,16141,244,7499360,4054854.588,1883948597
488,9508575,210,14433,278,9494142,3831010.829,2520069342
853,17877056,375,25600,478,17851456,3370332.83,2350208915
942,22872972,372,25304,570,22847668,3429332.287,3096437146
1989,40604781,845,58981,1144,40545800,4743699.737,3261001014
2102,45994473,835,57137,1267,45937336,4974018.822,3999040445
95,310041,46,3446,49,306595,1121761.406,99804538.12
118,418131,46,3256,72,414875,1065322.798,135741952.1
285,3173147,132,10671,153,3162476,3795709.312,1124902971
307,3639433,125,8837,182,3630596,4729278.95,1942978527
803,9794835,324,22679,479,9772156,5906697.349,2545137261
833,10808349,323,22309,510,10786040,6005276.455,2903453855
738,15360206,310,21550,428,15338656,3084256.098,2195282752
813,17807436,309,21188,504,17786248,3547337.665,2977809488
2564,54456359,1057,72603,1507,54383756,5595533.192,4191371042
2629,56739325,1057,72301,1572,56667024,6506695.735,5099723149
211,711293,85,6246,126,705047,1194303.939,134812745.6
228,756205,81,5660,147,750545,1368602.866,181483752.3
192,3192997,83,6961,109,3186036,1806483.357,826823877.3
203,4338627,78,5457,125,4333170,3907612.218,3102867516
186,3554805,81,5745,105,3549060,1753573.077,1083296095
210,4999194,80,5448,130,4993746,1772254.266,1624483784
1605,38949666,643,44226,962,38905440,5318328.111,4678512531
1649,41264600,637,43508,1012,41221092,5666047.77,5368223692
2380,42864523,1006,69067,1374,42795456,4734447.612,2933569497
2499,47143621,1006,68765,1493,47074856,4888091.563,3346269272
153,796245,65,4910,88,791335,1327407.625,213935664.6
163,861707,63,4472,100,857235,1428558.309,273839486
322,5384976,140,10152,182,5374824,1940508.19,1027372930
356,6570581,138,9657,218,6560924,2985453.45,2028304151
395,7130207,196,16427,199,7113780,2524186.115,1093109192
398,8311840,177,12092,221,8299748,2352822.656,1614938400
693,13886147,305,21427,388,13864720,3501176.972,2265498595
800,18498235,304,21057,496,18477178,3541628.101,3107721557
2563,51764185,1085,74217,1478,51689968,5593424.785,3895656630
2623,53508343,1086,74201,1537,53434142,5740854.493,4134144205
146,622165,70,5254,76,616911,1433269.705,168290796.9
160,689229,68,4816,92,684413,1358992.74,193129630
482,8277968,185,13172,297,8264796,2507615.822,1573408231
489,8586018,181,12316,308,8573702,4104442.327,2857280399
855,15266855,369,25751,486,15241104,5378073.548,3183091074
920,17593011,365,25177,555,17567834,6850113.134,4779824856
389,26744,389,26744,0,0,3523211.207,0
1183,29977628,389,26652,794,29950976,4234507.374,4758653337
652,22212128,0,0,652,22212128,0,3825375178
1845,34342827,806,56615,1039,34286212,4386619.81,2656549974
1935,38927063,798,54629,1137,38872434,4763059.448,3389256879
167,812005,73,6326,94,805679,3363430.614,428366331.6
177,841417,67,4756,110,836661,2813105.695,494872965.5
272,3052742,133,9458,139,3043284,2169876.146,698197225.3
315,3646928,132,9088,183,3637840,3311814.254,1325687760
654,10649745,285,20853,369,10628892,5749232.633,2930416378
709,12604643,279,19281,430,12585362,5804688.752,3788917029
2065,39508387,828,57031,1237,39451356,7804624.912,5398871418
2130,41987095,825,56525,1305,41930570,9925664.848,7362915253
1299,38276831,502,34675,797,38242156,3060981.426,3375876834
1385,43514205,499,34169,886,43480036,3527645.856,4488927648
83,428009,40,3030,43,424979,805748.7112,113011974.1
96,502997,38,2580,58,500417,1199962.117,232744745.3
174,3771753,75,5757,99,3765996,1669965.855,1092423959
186,4525319,72,5049,114,4520270,1702304.846,1524039914
692,11295003,301,21183,391,11273820,4749497.658,2527733640
763,14262491,299,20745,464,14241746,5919612.687,4063900714
1084,18741007,495,34139,589,18706868,4317906.447,2366047803
1155,21793551,492,33633,663,21759918,5251035.11,3397320888
1735,38588557,735,50477,1000,38538080,4632841.176,3537072407
1838,44060847,734,50317,1104,44010530,4720178.431,4128575917
82,374085,39,3954,43,370131,484030.194,45309706.56
97,407575,33,2384,64,405191,454555.5839,77257479.69
123,1565550,42,2880,81,1562670,1432444.126,777235229.9
99,1255507,45,3611,54,1251896,1982504.031,687313449.7
481,8338253,206,14761,275,8323492,2960590.164,1669429480
552,11245717,202,14069,350,11231648,3037570.121,2424971098
1255,19709643,533,36867,722,19672776,4380752.275,2337634150
1362,24371609,533,36565,829,24335044,4648248.277,3093540991
1724,37951567,666,45791,1058,37905776,3820961.849,3162991067
1840,42846651,663,45285,1177,42801366,3869739.245,3657505261
77,433433,39,3058,38,430375,397000.5363,55872827.28
94,544635,37,2620,57,542015,585090.7597,121041209.2
281,5109330,118,8422,163,5100908,2407256.354,1457990168
314,5926731,119,8433,195,5918298,2415525.184,1695220902
278,6383570,108,8314,170,6375256,1651245.902,1266191405
313,8907938,102,6944,211,8900994,1470920.031,1885462323
1377,31217718,557,38278,820,31179440,5920746.864,4822759068
1466,34260162,555,37940,911,34222222,5879468.38,5303333478
1706,31424255,750,51551,956,31372704,4065573.03,2474210379
1847,38166091,749,51181,1098,38114910,4171252.656,3106366026
145,519001,57,4354,88,514647,881744.0975,104223002.9
154,547495,56,3984,98,543511,844323.1283,115185468.8
692,5236209,310,22497,382,5213712,9150882.171,2120730061
740,7299117,306,21153,434,7277964,11034132.36,3796436350
605,8519187,296,20751,309,8498436,4932154.356,2019931480
683,10258569,293,20245,390,10238324,5538921.198,2801149412
1490,24898219,698,48155,792,24850064,6412216.114,3308981016
1633,27875623,690,47309,943,27828314,8299854.048,4882177695
1507,37356279,598,41251,909,37315028,3488265.985,3155432423
1618,42298273,595,40745,1023,42257528,3542549.793,3674055641
81,342470,38,3922,43,338548,727112.4632,62764525.8
92,415170,32,2328,60,412842,553910.6212,98229196.16
208,5916898,74,5040,134,5911858,2026299.07,2376823883
187,4625587,76,6175,111,4619412,2681174.535,2005740861
535,9358555,218,15423,317,9343132,2698852.83,1634943801
589,10644979,217,15053,372,10629926,3504259.081,2474590761
776,13856983,339,23651,437,13833332,3235765.006,1892580085
840,16050171,335,23077,505,16027094,3582751.575,2488239211
2440,41265933,1017,70729,1423,41195204,6146128.976,3579734437
2561,47074619,1010,69089,1551,47005530,6269776.464,4265717635
114,496805,54,4126,60,492679,918886.7785,109722787
127,597927,51,3476,76,594451,939034.4512,160589749.3
335,5436763,146,10375,189,5426388,2924403.741,1529537288
379,6078157,145,10097,234,6068060,4051680.292,2434964753
301,7178441,123,9681,178,7168760,2817032.147,2086006340
328,9256783,116,8041,212,9248742,2455469.611,2824276200
823,15125101,348,25161,475,15099940,3857188.962,2314825400
911,20230234,337,23104,574,20207130,3688464.886,3225990714
2147,48632975,863,59223,1284,48573752,5780525.883,4741094350
2227,52912535,863,58921,1364,52853614,5837846.846,5236694961
74,299995,37,2592,37,297403,456291.2744,52354318.62
86,348783,36,2432,50,346351,793935.6635,113067603.2
618,10306003,253,17799,365,10288204,6165067.527,3563541344
643,10407169,253,17597,390,10389572,6109663.459,3607250577
286,5726143,131,9363,155,5716780,1631087.734,995895518.3
336,8555807,131,9061,205,8546746,2105644.943,1986139774
1268,28312611,501,34719,767,28277892,3584758.041,2919709690
1363,32020981,502,34493,861,31986488,5041178.804,4674850124
2093,43620121,897,62505,1196,43557616,5453664.887,3800474217
2190,47816297,889,60797,1301,47755500,5595457.369,4395181742
167,1077305,81,6754,86,1070551,2060933.321,326670747.4
178,1106877,76,5344,102,1101533,2881278.028,593903972.7
241,3403795,108,9759,133,3394036,3499962.141,1217235117
255,4189451,94,6605,161,4182846,2977039.778,1885313993
421,8298164,180,12424,241,8285740,3529688.723,2353998957
381,6869316,181,12492,200,6856824,3744859.278,2055542825
1085,20830829,502,35633,583,20795196,4974962.1,2903356775
1220,25742537,489,33585,731,25708952,5626878.637,4307314360
1166,33148277,454,32189,712,33116088,2954162.167,3039246149
1253,38540171,450,30753,803,38509418,2964082.475,3711673366
382,969587,149,10680,233,958907,4864671.711,436776007.1
386,980818,146,10108,240,970710,5218063.751,501110671.2
178,2073981,90,7437,88,2066544,1998419.698,555307548.2
180,2501015,83,5797,97,2495218,1634819.426,703679637.4
786,14816495,336,23567,450,14792928,3425642.929,2150264743
843,16823403,336,23273,507,16800130,4795243.41,3461552558
1429,25840245,574,40361,855,25799884,5871414.054,3753172654
1535,31501997,567,38721,968,31463276,5860379.977,4761931579
2298,43803454,1008,69006,1290,43734448,5402699.741,3424109366
2387,47583267,1011,69053,1376,47514214,6301445.333,4335919106
124,520614,57,5226,67,515388,2545652.07,251052148.7
140,638345,52,3724,88,634621,2097435.422,357431945.5
243,3886533,100,8105,143,3878428,3498486.84,1674106023
263,5450579,94,6533,169,5444046,3270569.406,2725414096
448,7774729,204,15241,244,7759488,3420733.339,1741561531
486,9480494,203,14064,283,9466430,3169391.485,2133306501
1431,26616963,595,41275,836,26575688,5746745.853,3700150813
1524,30724985,591,40701,933,30684284,6326749.42,4769705315
1014,28255091,413,29855,601,28225236,2875065.188,2718117349
1090,33364644,400,27208,690,33337436,2686449.213,3291654246
67,601196,28,3008,39,598188,823622.3544,163790229
67,667968,24,1784,43,666184,2034797.721,759837267.5
140,2013479,62,4695,78,2008784,2540577.37,1087001314
157,3012391,59,4189,98,3008202,4720688.157,3390017559
393,6919049,173,12097,220,6906952,2681751.751,1531183816
443,8649587,174,12177,269,8637410,3360277.018,2383517313
1265,29627939,504,34895,761,29593044,4458047.056,3780690147
1343,32499129,503,34525,840,32464604,5733051.123,5390911931
1079,30355577,425,30209,654,30325368,2801753.041,2812545666
1176,36628443,421,28781,755,36599662,2990270.582,3802609102
178,1075201,84,7002,94,1068199,3360001.929,512589360.3
188,1104613,78,5432,110,1099181,2753886.071,557256856.7
539,5947786,214,15102,325,5932684,2558539,1005098887
569,6500542,210,14528,359,6486014,2869224.474,1280962976
808,15668636,329,22544,479,15646092,2849967.822,1977947957
830,16266929,329,22597,501,16244332,3425677.321,2462620690
762,14762947,344,23979,418,14738968,2305159.542,1416892811
856,18560291,338,23269,518,18537022,3083029.319,2456065251
1562,34573303,674,46447,888,34526856,4334077.126,3221780886
1644,38744576,673,45764,971,38698812,4497693.512,3803325663
170,944425,72,5314,98,939111,1065380.565,188278247.6
190,988105,70,4876,120,983229,2072018.031,417815466.8
323,4031074,148,10726,175,4020348,4092737.166,1534050688
340,4677744,143,10084,197,4667660,5218646.622,2415595804
344,7579671,144,10807,200,7568864,2974335.69,2083125967
381,10124923,139,9605,242,10115318,2838041.322,2988827742
921,20455299,384,26655,537,20428644,2403412.684,1841998203
1019,24629079,383,26377,636,24602702,3679786.774,3432259068
1666,34112199,697,48707,969,34063492,4032996.806,2820497145
1770,39053571,691,47337,1079,39006234,4178747.913,3443336479
33,205697,19,1602,14,204095,1841490.699,234606145
35,285347,18,1232,17,284115,0,0
190,3154431,76,5607,114,3148824,2954898.471,1659435567
210,4293775,74,5185,136,4288590,2741751.71,2267743291
1089,21218295,459,32319,630,21185976,4801950.734,3147808193
1098,21793215,456,31245,642,21761970,4878738.102,3398014153
990,19174939,370,25699,620,19149240,2304204.201,1716944599
1074,22201701,369,25341,705,22176360,3130382.932,2739453804
2172,43332863,906,62063,1266,43270800,4604724.498,3210449266
2238,46165639,901,61421,1337,46104218,5187976.077,3894231290
18,155497,6,408,12,155089,0,0
15,89915,6,408,9,89507,0,0
187,2746812,74,5020,113,2741792,2035390.969,1111677027
152,2067900,74,5020,78,2062880,2047230.881,841273234.9
1117,16620821,429,30669,688,16590152,8168671.113,4418777769
1161,18902267,423,29097,738,18873170,7970482.07,5169889098
1018,17100731,449,31143,569,17069588,4438669.472,2432850373
1119,21147939,445,30569,674,21117370,4488126.108,3100442266
1192,32642589,475,33617,717,32608972,3151625.783,3057122198
1280,38591583,466,31841,814,38559742,3123392.686,3782457087
40,179689,22,2810,18,176879,828623.8832,52158777.16
38,374173,15,1172,23,373001,371003.4821,118075656.9
63,743481,32,3485,31,739996,1620408.405,344073382.4
67,1110155,26,1921,41,1108234,966613.5893,557643958.6
454,6292979,193,13751,261,6279228,3320993.219,1516491427
527,9082931,191,13313,336,9069618,3427141.231,2334775167
556,14239101,250,18309,306,14220792,3153107.103,2449051301
628,18748055,246,16881,382,18731174,3019715.963,3350679766
2304,42547727,865,59491,1439,42488236,4958266.489,3541174241
2397,46019179,862,58985,1535,45960194,5057369.495,3940623601
166,815445,79,5898,87,809547,1532404.888,210334652.4
185,878561,77,5460,108,873101,1522267.236,243423634.8
415,5735883,174,12503,241,5723380,4337397.526,1985489423
452,6639329,172,12065,280,6627264,4988630.605,2740238045
725,16749945,301,21785,424,16728160,3665438.201,2814598884
748,18334442,293,19932,455,18314510,3465203.807,3184001092
1026,17999484,428,29420,598,17970064,3409237.144,2082400057
1088,21530412,423,29000,665,21501412,3504857.113,2598599199
1407,39750033,542,38173,865,39711860,3654440.936,3801761633
1527,47455443,536,36601,991,47418842,3635912.366,4710547635
29,174939,17,1940,12,172999,2758237.792,245965144.2
28,304853,12,960,16,303893,0,0
248,3454389,107,8873,141,3445516,3116378.91,1210135625
255,3879029,97,6945,158,3872084,2750611.746,1533563676
585,9518937,276,20173,309,9498764,5024040.737,2365646026
649,12095009,271,18677,378,12076332,5556393.305,3592699592
835,18461566,329,22596,506,18438970,3687889.953,3009421677
750,14062761,340,24713,410,14038048,4164116.276,2365397328
1631,47315955,607,41827,1024,47274128,4056553.754,4584838535
1685,50987265,605,41389,1080,50945876,4071649.081,5011808191
163,915221,71,6118,92,909103,2540111.566,377447375.7
175,1010305,65,4548,110,1005757,2096056.103,463527506.2
157,2612785,63,5601,94,2607184,2815861.758,1310742675
173,3850683,58,4097,115,3846586,3095186.426,2906004582
627,7065808,287,19808,340,7046000,5051749.799,1796982486
688,8356433,283,19589,405,8336844,5450698.606,2319752104
556,13595327,237,16555,319,13578772,2538291.616,2081962134
626,17262925,240,16465,386,17246460,2702061.512,2830306455
2198,47968465,915,62597,1283,47905868,4296936.046,3288471509
2303,53120907,907,61953,1396,53058954,4878951.697,4178523617
176,1075137,77,6598,99,1068539,3072042.314,497513947
186,1104549,71,5028,115,1099521,2887959.741,631537864.4
172,2083413,84,7029,88,2076384,2982696.889,881096044.6
184,2915039,79,5525,105,2909514,2660593.451,1401092107
727,14067907,302,21111,425,14046796,3261196.174,2169928349
769,15504846,300,20528,469,15484318,3273914.619,2469521389
474,12623621,201,14985,273,12608636,2009557.636,1690876260
539,16598419,197,13549,342,16584870,1878947.5,2299955718
2440,50851491,1022,70211,1418,50781280,4898696.294,3543064023
2538,55329525,1015,69433,1523,55260092,6244501.56,4969851953
124,601841,60,5442,64,596399,1705500.199,186908969.7
134,659983,53,3804,81,656179,1237568.097,213476918.1
169,2769392,75,6096,94,2763296,2383774.846,1080557004
183,3724659,71,4981,112,3719678,2660907.866,1987095051
948,11628076,384,27500,564,11600576,6604017.158,2785832834
988,12479987,380,26209,608,12453778,6765420.798,3214737254
748,14520397,365,26137,383,14494260,4419701.16,2450943021
820,18944719,357,24429,463,18920290,4336440.141,3358578125
2250,49296391,897,61643,1353,49234748,4346308.293,3471430552
2355,53237143,894,61137,1461,53176006,5692560.596,4951300136
92,376181,42,3286,50,372895,659553.584,74846084.51
107,409448,40,2848,67,406600,656072.0703,93665345.42
281,4481076,115,8116,166,4472960,1574817.97,867927277.8
311,5248753,115,8169,196,5240584,3042102.197,1951572053
971,14391915,427,29811,544,14362104,7216151.122,3476539294
1050,16161459,421,29101,629,16132358,7402877.693,4103840871
487,9253266,233,16170,254,9237096,2559989.209,1462391223
550,11643692,232,15808,318,11627884,2653564.858,1951881601
2119,54854479,807,55559,1312,54798920,4618108.356,4554929901
2212,58550039,806,55189,1406,58494850,5454893.911,5781644913
97,537804,43,3342,54,534462,650940.8233,104100279.6
109,531216,41,2916,68,528300,679999.0159,123197352.6
645,10277951,251,17663,394,10260288,2648852.783,1538696282
662,10388215,249,17309,413,10370906,3694126.379,2213382484
490,8122597,225,16601,265,8105996,3654696.057,1784528138
519,9514561,222,15333,297,9499228,3382352.406,2095463163
2044,41302181,878,61037,1166,41241144,6242925.67,4218185634
2109,44140491,873,59541,1236,44080950,9220236.632,6826166674
1194,33314885,437,31033,757,33283852,2955072.493,3169406615
1267,37838747,429,29325,838,37809422,2999352.991,3867137356
120,617430,46,3300,74,614130,1536191.717,285885278.5
109,558431,46,3292,63,555139,1679231.787,283173467.5
436,7548141,179,13489,257,7534652,4095454.233,2287628618
445,8055423,174,11985,271,8043438,4309307.997,2892086083
645,10976183,271,19015,374,10957168,3615148.222,2083186243
726,14371375,270,18645,456,14352730,4633551.354,3566860366
840,15597924,317,22616,523,15575308,3218792.877,2216735517
878,17526811,311,21525,567,17505286,3142135.312,2555353184
2661,58293479,1118,76731,1543,58216748,6972876.665,5290406793
2748,61700103,1116,76293,1632,61623810,7278670.172,5879168308
52,334781,26,2982,26,331799,0,0
50,464189,21,1572,29,462617,0,0
459,4615815,179,12711,280,4603104,3657055.065,1324349367
490,5411369,177,12273,313,5399096,3771715.194,1659239992
625,11783671,265,18655,360,11765016,3563875.362,2247603894
663,13084819,263,18217,400,13066602,3787567.901,2716728458
977,17848277,424,29281,553,17818996,3542537.283,2155816320
1078,22203701,419,28849,659,22174852,4489456.502,3450831346
2580,51696631,1052,72223,1528,51624408,5012479.059,3582878917
2645,54053093,1051,71853,1594,53981240,6492507.199,4877647271
144,652377,65,4854,79,647523,856757.3882,114291329.7
167,796321,64,4492,103,791829,1243588.568,219214045.5
278,2743301,136,10709,142,2732592,2398173.97,611936782.7
296,3169185,128,8993,168,3160192,4991617.615,1754083182
288,6984834,117,8926,171,6975908,1839444.056,1437574782
325,9402115,112,7769,213,9394346,2265972.083,2740034209
678,14281461,317,22873,361,14258588,3008832.072,1875648008
741,18261403,310,21233,431,18240170,2879829.963,2473912688
1949,48760179,738,50855,1211,48709324,4325041.565,4142559255
2025,52046101,735,50349,1290,51995752,4351164.109,4493476532
83,471381,40,2962,43,468419,1085062.816,171594881.6
83,518113,38,2616,45,515497,1960202.311,386268505.6
383,7311635,159,11339,224,7300296,3402056.153,2190318099
406,7557482,155,10620,251,7546862,3390719.884,2409538140
435,7423889,194,13509,241,7410380,1920677.812,1053590380
496,9532583,193,13329,303,9519254,2729923.864,1949646535
1580,34248295,664,45751,916,34202544,4455328.409,3330715524
1702,37696863,659,45201,1043,37651662,7162145.87,5965945344
1139,21002827,516,36271,623,20966556,2891167.253,1671247556
1238,26888849,514,35181,724,26853668,3434753.391,2621748308
20,10426,12,1186,8,9240,232154.6639,1808692.323
37,43666,10,748,27,42918,158036.1014,9067638.237
219,2760711,86,6435,133,2754276,924019.8972,395494300.9
241,2950847,84,5997,157,2944850,1650838.504,810650619.8
609,10624143,261,18327,348,10605816,3087403.813,1786677403
670,12477875,260,18049,410,12459826,3731476.74,2575962707
1034,21948419,434,30147,600,21918272,4062410.905,2953561787
1120,25499531,432,29709,688,25469822,4206437.181,3606220547
1474,35051787,599,41367,875,35010420,3091252.189,2616240903
1577,40456635,598,40997,979,40415638,3443738.499,3394904225
46,285981,22,2710,24,283271,0,0
40,284797,15,1164,25,283633,0,0
223,2807697,106,8525,117,2799172,2410768.685,791572574.8
229,3289827,99,6885,130,3282942,2613617.507,1246238880
918,14583111,386,26879,532,14556232,4637393.012,2511364580
953,14987877,385,26517,568,14961360,6014937.48,3393734020
571,14603345,224,16549,347,14586796,2111739.562,1861351997
639,19121299,218,14977,421,19106322,2225309.38,2838851410
1151,27463631,482,33411,669,27430220,2850665.883,2340378687
1225,30591641,480,32973,745,30558668,3353016.488,3107503644
158,531989,76,5574,82,526415,1675779.255,158262529
178,606823,74,5136,104,601687,1927450.497,225802552
297,3632463,126,9123,171,3623340,2323631.309,922865972.4
324,4311825,124,8681,200,4303144,3155391.395,1564117446
693,8859164,305,21820,388,8837344,6051648.057,2450985135
762,12009033,299,20549,463,11988484,6103426.859,3560797861
965,21812231,404,28107,561,21784124,3339397.404,2588175442
1035,24973031,402,27669,633,24945362,3940543.074,3552650022
1593,30449141,664,46673,929,30402468,3992103.337,2600428384
1681,35267257,659,45169,1022,35222088,4412324.759,3440662644
104,1004837,46,4342,58,1000495,4196029.065,966859995.3
101,979297,42,3008,59,976289,2928903.497,950617109.6
284,4163591,119,8699,165,4154892,1944915.886,928947632.6
311,4865931,117,8261,194,4857670,2353895.057,1384147852
547,9281566,251,18086,296,9263480,3903427.718,1999299159
590,11608223,245,16853,345,11591370,4035818.639,2775806509
1195,20582803,559,38659,636,20544144,4410619.88,2343889132
1366,27159503,552,37889,814,27121614,6461020.105,4624912068
1845,36231353,824,57349,1021,36174004,4265551.778,2690580255
1930,40661727,818,55777,1112,40605950,4682400.255,3408812066
255,1091245,101,7382,154,1083863,986182.1612,144796309.4
274,1134857,99,6944,175,1127913,1994121.377,323904871
353,5422097,147,11313,206,5410784,2994844.198,1432374708
373,6196979,141,9741,232,6187238,4548085.375,2888829346
595,9029982,232,16218,363,9013764,3335636.893,1853905768
648,10557474,227,15576,421,10541898,3362282.544,2275606037
931,17857857,418,30557,513,17827300,4518346.81,2636054720
1025,22917603,409,28209,616,22889394,4317574.857,3503373818
1124,26762382,487,33418,637,26728964,2469372.786,1975096544
1246,31699191,484,33149,762,31666042,2784775.25,2660195180
89,431829,41,3254,48,428575,771472.9503,101608487.9
111,483189,39,2816,72,480373,984759.1388,167987110
170,2629031,87,6939,83,2622092,3382341.087,1278110607
181,3398816,82,5584,99,3393232,2991693.083,1817963593
523,8802259,229,16171,294,8786088,525220.1613,285364575.9
597,10560307,225,15597,372,10544710,518681.7096,350666680.1
1145,23976655,507,35111,638,23941544,3822532.523,2606514500
1227,27660641,503,34537,724,27626104,4887587.746,3909575452
1211,33235387,476,32871,735,33202516,2495457.146,2520624740
1299,37067193,476,32581,823,37034612,2792368.921,3174067694
187,446098,75,6212,112,439886,3270902.767,231620144
186,464749,69,4844,117,459905,2906804.7,275981423.5
123,1561661,69,6045,54,1555616,2025571.457,521259118
127,2062851,60,4269,67,2058582,1737507.102,837854496.2
922,15132959,327,23571,595,15109388,3686347.518,2363007719
960,15781575,324,22405,636,15759170,4114266.9,2893882236
1277,21348195,556,38431,721,21309764,3284381.61,1821170331
1380,26282379,556,38129,824,26244250,4865381.287,3348849507
1495,30301323,639,44155,856,30257168,3349741.287,2295406746
1589,34437821,636,43649,953,34394172,3749508.899,2954506495
103,401729,51,4834,52,396895,1710885.255,140472032.1
121,449652,45,3272,76,446380,1255840.334,171327019.7
601,7293933,236,17745,365,7276188,5158781.9,2115315128
623,7791533,231,16173,392,7775360,5526892.941,2657118797
742,12481163,335,23415,407,12457748,3548543.303,1887971738
795,14823089,331,22841,464,14800248,3756391.259,2434023126
1078,25742885,460,32597,618,25710288,4284526.427,3379341914
1137,29041267,454,31025,683,29010242,4262101.229,3985321131
1313,30503483,552,38111,761,30465372,2658512.226,2125175512
1418,35329443,549,37605,869,35291838,2941478.769,2760542274
45,322783,21,2312,24,320471,1129290.791,156533282.4
46,583053,16,1232,30,581821,0,0
304,5809119,128,9159,176,5799960,4944216.629,3130937731
313,6491777,125,8645,188,6483132,5645716.59,4233883851
1099,18753241,412,29589,687,18723652,3924569.259,2483431987
1129,19362953,409,28221,720,19334732,3838440.761,2629787159
532,14193262,201,14098,331,14179164,1994474.875,2005957323
573,15152976,199,13660,374,15139316,1991276.648,2206922872
1906,54012594,705,48678,1201,53963916,4013890.545,4449756609
1960,57137402,698,47644,1262,57089758,4133458.06,4952945184
27,86610,14,1358,13,85252,416746.1524,26162329.15
43,184134,12,920,31,183214,295400.0236,58827630.35
257,4656330,114,8054,143,4648276,2418512.582,1395817481
276,5508784,113,7692,163,5501092,4085222.457,2921630860
912,13645595,446,30995,466,13614600,5404048.167,2373736221
1036,16611871,443,30489,593,16581382,8378200.932,4556467911
1232,19472293,580,40949,652,19431344,6798786.192,3226197301
1355,23325725,568,38969,787,23286756,7981510.971,4769521889
2333,46152195,949,65251,1384,46086944,5320429.688,3757832755
2413,49553073,945,64677,1468,49488396,6290776.625,4813464520
67,415051,32,3288,35,411763,3256345.876,407798889
65,479417,27,1988,38,477429,2417959.798,580686181.2
345,4043603,145,10547,200,4033056,2138604.624,817778724.9
378,4906891,140,9905,238,4896986,2540571.881,1256046939
951,20234011,388,27031,563,20206980,4756911.124,3556021159
980,20871261,385,26525,595,20844736,5066287.066,3981354058
689,13237413,313,22757,376,13214656,2307559.932,1339966195
748,16529859,304,20981,444,16508878,2298725.428,1808749709
1675,37567607,690,47459,985,37520148,4109323.068,3248749651
1791,42181977,691,47237,1100,42134740,4418351.433,3941107370
158,730461,69,5170,89,725291,983702.8316,138002091
179,819193,66,4676,113,814517,1204128.608,209748336.5
180,3575375,80,6463,100,3568912,1698375.099,937854134.7
196,4606599,76,5321,120,4601278,2614863.924,2261175690
605,16326657,234,17229,371,16309428,3227242.58,3054993354
632,17961887,230,15793,402,17946094,4107097.115,4667026587
550,10927816,263,18652,287,10909164,2395628.389,1401152851
589,13336514,257,17484,332,13319030,2294181.32,1747670431
1637,46866078,642,44442,995,46821636,4002764.882,4217091947
1708,50896685,639,43605,1069,50853080,3970416.866,4630384738
117,403637,55,4182,62,399455,721761.7978,68941023.18
143,472913,53,3744,90,469169,890996.8622,111652806.3
275,3592864,129,8984,146,3583880,1717707.185,685224446.4
317,4317375,129,9037,188,4308338,3408546.467,1625005009
639,12339299,262,19503,377,12319796,5090950.856,3215888632
683,13603813,253,17533,430,13586280,4827285.105,3740651747
831,13947277,389,27949,442,13919328,3744950.94,1865082846
916,17967763,385,26513,531,17941250,4405997.378,2981522289
1744,35573295,751,51691,993,35521604,4034273.176,2772317312
1864,40388325,750,51321,1114,40337004,4330805.581,3403903316
66,342529,39,3966,27,338563,4125471.654,352176515.3
59,406127,31,2252,28,403875,2842053.238,509695493.6
469,7477387,185,13131,284,7464256,2857893.343,1624556205
491,7771891,182,12625,309,7759266,3474472.364,2135394477
850,13481555,330,23099,520,13458456,3239077.644,1887223860
924,15401877,330,22797,594,15379080,4548619.317,3068543246
724,14825623,326,22623,398,14803000,3793784.511,2482402516
798,18382341,325,22253,473,18360088,3840689.07,3168803726
2058,50771488,803,54884,1255,50716604,4890629.92,4519279589
2136,54119279,797,54521,1339,54064758,5043508.074,5001303048
184,1076269,79,5874,105,1070395,756143.2049,137788884.2
205,1122997,77,5436,128,1117561,1465908.278,301369006.9
267,3656472,124,8556,143,3647916,1799392.595,767184786.8
312,4542025,124,8609,188,4533416,3208466.864,1689547569
417,9815459,158,11199,259,9804260,2222151.065,1945401090
463,12814035,155,10693,308,12803342,2270899.843,2719078588
1313,23822118,547,37758,766,23784360,3041792.075,1916072826
1406,27690354,547,37448,859,27652906,3389036.641,2502582559
1103,21633997,490,34793,613,21599204,2631855.468,1633833908
1226,28182711,484,33221,742,28149490,2622656.391,2222282287
136,612673,66,4866,70,607807,1794997.606,224211284.4
153,653087,66,4664,87,648423,1731434.355,240716522
678,10545743,261,18395,417,10527348,4044395.124,2314583035
692,10576289,259,17957,433,10558332,4327529.936,2544495061
440,9614903,200,14615,240,9600288,4458893.517,2928953946
468,11160583,198,13617,270,11146966,4168775.399,3412587034
573,11767806,249,17902,324,11749904,2261823.721,1484538688
663,17572234,243,16532,420,17555702,2172208.882,2306717385
1477,30733475,660,45455,817,30688020,3741188.752,2525787597
1614,37596255,659,45085,955,37551170,3874397.507,3226974813
124,574170,59,4478,65,569692,854043.4011,108651561.7
138,607006,55,3760,83,603246,1010844.772,162177676.9
285,4438693,131,10213,154,4428480,2948936.663,1278694510
303,5358125,126,8709,177,5349416,4204518.518,2582583377
656,10247547,301,21055,355,10226492,3856011.883,1872879348
742,11833537,298,20549,444,11812988,4222047.785,2427125399
506,9882260,237,17288,269,9864972,2992051.649,1707340684
587,14806067,233,15997,354,14790070,2853658.447,2638357704
1472,39214831,587,40587,885,39174244,3357185.359,3240328145
1594,44564749,586,40217,1008,44524532,3528526.613,3906457371
101,662413,51,3830,50,658583,1819890.152,312937001.6
104,728155,49,3484,55,724671,1876257.985,390261122.4
754,5171343,299,22139,455,5149204,9051167.675,2105167749
799,7776715,292,20213,507,7756502,9540872.363,3661198020
631,9827703,250,17619,381,9810084,3318589.071,1847757395
752,16572179,248,17181,504,16554998,3424843.049,3300056448
951,19071835,421,29299,530,19042536,3994287.293,2596039440
1058,23648765,417,28725,641,23620040,4181551.845,3438413293
2020,41572508,820,55860,1200,41516648,4052397.514,3011850361
2108,46261754,821,55836,1287,46205918,4763716.157,3942114015
156,915325,65,4850,91,910475,1560435.464,292935562.8
181,987157,63,4412,118,982745,1706271.971,380061252.9
678,10550087,264,18599,414,10531488,6681464.871,3783309163
700,10600269,262,18161,438,10582108,7539065.887,4392886374
707,11317218,329,22914,378,11294304,4360279.979,2149180746
763,13161748,324,22264,439,13139484,5804495.284,3425623109
858,17598439,391,27187,467,17571252,3467796.825,2241274576
963,21331677,385,26477,578,21305200,3476615.136,2797521653
1932,39846415,804,55375,1128,39791040,3793689.278,2726046804
2020,43604013,802,54945,1218,43549068,5058917.118,4009666495
222,684737,80,5906,142,678831,1232745.014,141690743.4
242,741433,78,5468,164,735965,1866451.997,251214949.6
265,3794585,120,9125,145,3785460,2759404.533,1144724984
296,4614170,117,8024,179,4606146,2755869.983,1581996448
343,9000611,126,9095,217,8991516,2081850.249,2058162707
386,10598381,124,8657,262,10589724,2212692.901,2706689051
1191,19990835,526,37447,665,19953388,3580100.024,1907632784
1268,23999899,517,35309,751,23964590,4159423.95,2823044821
1638,33177243,645,44495,993,33132748,3045622.068,2267891415
1746,37770969,640,43853,1106,37727116,4290793.713,3691407022
185,1075713,74,6358,111,1069355,2558349.78,430290048.6
194,1104965,68,4788,126,1100177,2463321.247,566016996.6
221,4277305,94,7709,127,4269596,2501101.775,1385224301
228,4993303,89,6205,139,4987098,2185277.936,1756357006
798,13201895,346,24207,452,13177688,6094560.286,3317726854
858,15502201,344,23769,514,15478432,6268881.241,4082311078
686,12912807,301,21115,385,12891692,2845091.808,1737061203
763,16399265,297,20529,466,16378736,3055243.29,2437577245
1606,36804163,567,39071,1039,36765092,2545033.693,2394829871
1717,41595397,564,38565,1153,41556832,3109753.776,3351005192
75,367757,39,3966,36,363791,5213639.596,478233777.7
71,366625,33,2396,38,364229,0,0
303,4581899,132,9535,171,4572364,2256268.436,1081959158
346,5527325,129,9029,217,5518296,2176407.021,1330164820
240,5680614,102,7494,138,5673120,1720342.775,1302336670
271,7775534,97,6604,174,7768930,2053899.306,2416202292
1107,24477419,461,31971,646,24445448,4519130.425,3455386689
1207,28911917,458,31465,749,28880452,4564154.935,4189253377
1493,34023430,632,44010,861,33979420,3750763.592,2895904826
1588,39046848,624,42512,964,39004336,4052442.536,3718075609
122,482145,59,4430,63,477715,1075287.12,115955030.8
148,606019,57,3992,91,602027,1020810.032,153946693.7
466,5678839,181,12955,285,5665884,3927626.62,1717751974
501,6247513,180,12585,321,6234928,5591889.073,2770363588
341,8306535,136,10107,205,8296428,2060442.448,1691333969
380,10286471,136,9401,244,10277070,2609148.645,2852292656
1672,27830527,833,57347,839,27773180,6117091.551,2962510414
833,57355,830,56841,3,514,10144046.4,91730.26252
1045,34451152,0,0,1045,34451152,0,6498928149
1620,34576527,702,48191,918,34528336,4075840.48,2920296105
1708,39072615,699,47685,1009,39024930,4572998.704,3742496682
61,253806,31,3422,30,250384,1669094.259,122125802.7
58,317902,26,1920,32,315982,1051203.032,173000644
308,5260179,130,11051,178,5249128,3134301.123,1488765522
308,5748173,116,8041,192,5740132,2446719.998,1746610590
516,8991224,213,14540,303,8976684,2356970.855,1455143230
561,10392626,213,14540,348,10378086,2423504.998,1729803528
961,21273915,422,29343,539,21244572,3024327.345,2189637734
1054,25668461,417,28701,637,25639760,4793932.996,4282613550
1191,34971358,446,31298,745,34940060,2663185.867,2973093297
1300,42290815,436,29801,864,42261014,2591785.622,3675429967
506,1098129,238,16650,268,1081479,3080302.515,200077026.1
508,1103867,236,16356,272,1087511,3175718.606,211153638.9
205,4311711,88,7091,117,4304620,1243050.352,754598703.4
223,5361763,84,5865,139,5355898,2499832.306,2282838337
581,9075698,279,19346,302,9056352,3505870.115,1641186489
654,11556268,278,18976,376,11537292,5411345.375,3290064908
1123,24209939,485,33627,638,24176312,4302391.034,3093227109
1225,29023199,481,33053,744,28990146,5630192.244,4938132550
2512,49095553,1082,74977,1430,49020576,5893930.553,3853500015
2590,52845543,1079,73525,1511,52772018,6070829.259,4357292226
159,632045,79,5798,80,626247,1855690.833,200434773.5
185,688861,77,5360,108,683501,2125402.305,271028843.4
248,3986357,112,8933,136,3977424,2244151.034,999209692.3
255,4766355,106,7361,149,4758994,2537032.607,1640228631
694,9290380,316,22596,378,9267784,6505957.622,2668428481
755,11927103,311,21393,444,11905710,6627636.529,3688436334
1280,23883819,546,37699,734,23846120,6130361.531,3877697995
1402,28493923,546,37497,856,28456426,6130242.893,4652233599
1976,42221304,845,58548,1131,42162756,5739736.507,4133413777
2070,46772389,838,57137,1232,46715252,5797455.183,4740003497
91,408656,46,4212,45,404444,1869208.856,179484878.1
95,453764,41,2920,54,450844,1635114.647,252459461.6
408,5201657,161,12397,247,5189260,4083069.736,1709132085
444,6089513,155,10825,289,6078688,4341985.835,2438205745
359,5479198,173,13654,186,5465544,4125939.358,1651567534
389,7288863,166,11465,223,7277398,3638646.392,2309627385
1301,21817487,552,38043,749,21779444,5712026.33,3270109023
1401,25372267,552,37853,849,25334414,5710432.798,3821902323
2100,44088527,885,60827,1215,44027700,5096227.989,3688743437
2231,49893931,884,60457,1347,49833474,5174163.289,4264957436
183,1079125,75,5630,108,1073495,1175374.362,224113410.5
207,1132623,73,5192,134,1127431,1826964.279,396721141
339,4270213,152,11721,187,4258492,3155309.129,1146391834
349,4971435,146,10149,203,4961286,3922332.483,1917411887
442,8122047,171,12083,271,8109964,2322527.086,1558852193
503,12165739,169,11645,334,12154094,3018041.61,3149983807
1021,24713408,423,29528,598,24683880,4396323.96,3675099332
1071,27775113,418,28657,653,27746456,4458355.142,4316695913
2182,39088779,913,62719,1269,39026060,5958479.721,3707584418
2284,44309057,909,62145,1375,44246912,6208864.602,4420678826
81,727433,41,3242,40,724191,2726315.398,608998480.6
83,857889,39,2804,44,855085,0,0
212,2608195,98,7251,114,2600944,1908900.168,684725201.9
248,3315241,96,6813,152,3308428,1965509.959,954461791.3
561,9210175,239,16911,322,9193264,4218022.844,2293028062
644,11655547,238,16541,406,11639006,4383173.091,3084201554
938,20452861,402,28797,536,20424064,4019127.036,2850536786
1019,24678419,393,27009,626,24651410,3913038.73,3571473290
2040,43532741,900,61541,1140,43471200,4278114.68,3021965501
2132,47669061,900,61449,1232,47607612,4499467.057,3485962048
192,1078205,86,6294,106,1071911,1024142.441,174418422.1
213,1122129,85,6016,128,1116113,1772635.55,328866619.3
188,2502785,77,6013,111,2496772,1372335.576,569833534.1
207,2875919,75,5373,132,2870546,1981080.004,1058399643
919,14094119,344,24099,575,14070020,3546853.058,2070803497
975,15618955,342,23753,633,15595202,3512117.78,2305906043
1702,35063423,723,49739,979,35013684,4218692.502,2969741373
1778,38551019,720,49233,1058,38501786,4834860.49,3781016065
1082,20452351,498,34399,584,20417952,3313495.251,1966766097
1204,26186597,495,33993,709,26152604,3276438.748,2520736773
107,337829,51,3942,56,333887,822619.5115,69675789.15
122,438321,49,3504,73,434817,914355.3198,113463823.4
401,5307874,164,12198,237,5295676,3196790.211,1387864010
429,5778569,162,11337,267,5767232,5506250.416,2801078204
447,10843890,188,13662,259,10830228,2827907.485,2241756904
461,11890420,182,12376,279,11878044,3997761.596,3836909190
781,12857535,318,22187,463,12835348,3080605.254,1782153535
891,18163691,318,21885,573,18141806,3094902.294,2565552525
1421,28280391,606,41843,815,28238548,3408967.5,2300606849
1531,33257753,602,41261,929,33216492,3924061.036,3159001042
118,458132,58,4350,60,453782,554255.4355,57818652.88
135,537893,56,3912,79,533981,918219.1419,125335269.8
133,2424785,60,5397,73,2419388,1736777.277,778569223.9
137,3140203,52,3689,85,3136514,1950353.098,1658256925
351,5534875,143,10347,208,5524528,2432013.448,1298514197
418,8738989,143,10069,275,8728920,2459836.869,2132457965
1722,30054687,693,47715,1029,30006972,6422424.309,4038929192
1827,33781939,694,47573,1133,33734366,7352830.655,5213946576
1826,36637727,798,54991,1028,36582736,4504956.227,2996919939
1946,41800069,794,54417,1152,41745652,4601926.916,3530338673
187,1079273,88,6390,99,1072883,1704116.448,286121685
209,1129453,86,5952,123,1123501,2266745.633,427871469.4
507,6169577,213,16065,294,6153512,2604604.711,997663638
541,7040121,207,14493,334,7025628,2923235.347,1417067833
339,6895233,158,12061,181,6883172,2323784.53,1326175990
386,10081903,152,10489,234,10071414,2089228.938,2006052968
539,7392983,261,18263,278,7374720,1562166.338,630813083.1
615,10198351,260,17893,355,10180458,2088527.605,1188295287
1742,33830559,759,52259,983,33778300,4190634.076,2708672095
1852,39201607,753,51549,1099,39150058,4195888.381,3186662660
189,1078033,93,6802,96,1071231,855367.7185,134709852.5
204,1115009,91,6364,113,1108645,1426930.385,248579389.8
410,4897313,163,12557,247,4884756,2438807.552,948712257.9
440,5584927,157,10985,283,5573942,5432066.898,2756306402
654,10579937,300,21921,354,10558016,6066672.372,2921948085
716,12483665,292,20213,424,12463452,7022413.844,4330060747
1574,32244865,633,44629,941,32200236,3582055.998,2584486511
1660,35623537,628,43133,1032,35580404,4025500.561,3320634694
920,22395941,392,27973,528,22367968,2521636.097,2016368481
991,27200715,382,26129,609,27174586,2523386.004,2624362585
45,248541,24,2802,21,245739,849553.9482,74506972.76
40,332681,17,1164,23,331517,1773967.034,505240746.7
318,3592035,155,11151,163,3580884,3384011.826,1086696602
365,4447409,154,10781,211,4436628,3729307.646,1534695364
468,9940094,200,14030,268,9926064,3232528.778,2286977016
515,11775716,194,13320,321,11762396,3232151.267,2854192427
995,19993075,434,30087,561,19962988,3616278.174,2399432239
1099,23595277,432,29649,667,23565628,4297693.358,3415894058
1257,27662603,546,37727,711,27624876,2950262.252,2160273249
1421,35463787,544,37289,877,35426498,3304760.619,3139695231
138,541617,70,6018,68,535599,2060935.348,183422218.6
157,667926,65,4524,92,663402,1702424.304,249644493.3
494,6540529,241,17909,253,6522620,6146481.739,2238604317
537,7511807,235,16337,302,7495470,8742362.323,4011024945
547,8933335,224,15923,323,8917412,502834.1242,281603909.6
597,11073073,221,15417,376,11057656,497198.4935,356609580.7
627,11683560,245,16752,382,11666808,2087142.4,1453575075
736,16098345,247,17033,489,16081312,2454247.574,2317120940
1298,34530847,524,36207,774,34494640,3020825.399,2877959638
1377,37952161,518,35497,859,37916664,3202884.211,3421209805
117,357312,57,5178,60,352134,1093657.549,74375049.72
131,414127,52,3688,79,410439,817989.6053,91034391.44
405,6447071,170,12267,235,6434804,2884761.147,1513236534
442,7269279,168,11829,274,7257450,3569535.827,2190018411
420,5547277,192,14493,228,5532784,3791876.031,1447569933
460,6618603,186,12921,274,6605682,3530218.635,1804775303
929,14556515,441,30771,488,14525744,3757211.212,1773627383
1026,18804285,442,30537,584,18773748,4530466.066,2785271253
1539,33703915,587,40563,952,33663352,3402300.843,2823579393
1666,39294245,586,40193,1080,39254052,3695409.888,3609081479
188,1076493,90,6574,98,1069919,1325269.663,215687738.5
205,1113605,88,6136,117,1107469,1621586.552,292675494.9
320,4098019,128,9819,192,4088200,2160696.196,899618921.2
340,5573259,123,8517,217,5564742,3917217.561,2559387705
760,13424397,322,23405,438,13400992,3183206.055,1822607087
793,14782965,317,21901,476,14761064,3741741.742,2521898056
1229,22407497,555,38057,674,22369440,3740557.122,2198653812
1306,26397959,552,37761,754,26360198,3816173.013,2663993968
1345,34897081,522,36901,823,34860180,2603868.471,2459860806
1445,40875869,518,35465,927,40840404,3246651.707,3738744322
187,1075627,93,7428,94,1068199,2528761.556,363653818.7
198,1105317,88,6136,110,1099181,3236068.878,579697755.1
209,2531551,99,7279,110,2524272,2844147.626,986317106.2
220,3061303,98,6909,122,3054394,3715438.247,1642554970
630,10072065,259,18589,371,10053476,4049378.609,2190022630
737,15381587,256,17797,481,15363790,4737814.908,4090059746
921,19129026,376,28462,545,19100564,3977076.198,2668976125
1022,25418152,368,25096,654,25393056,4375921.3,4427718147
1947,42630527,799,54943,1148,42575584,3027752.738,2346219555
2061,47657563,797,54505,1264,47603058,3354348.553,2929589005
74,515072,38,3688,36,511384,1704134.247,236297990.1
72,709622,32,2184,40,707438,2839454.77,919751924.7
200,3787711,82,6031,118,3781680,2737259.303,1716371872
233,5599721,81,5661,152,5594060,3685621.859,3642040243
832,15674335,360,25175,472,15649160,6128594.341,3809626750
890,17467143,359,24805,531,17442338,6558245.859,4611616245
682,11796873,312,22665,370,11774208,3760761.633,1953672610
757,15629587,303,20889,454,15608698,3643458.009,2722468080
1748,36230307,709,48831,1039,36181476,3767805.976,2791767146
1859,41457967,709,48621,1150,41409346,4361434.717,3714529920
465,1096797,197,13870,268,1082927,4254428.146,332172682.7
487,1143795,195,13432,292,1130363,5447212.463,458407342.3
260,3367219,110,8035,150,3359184,1659090.206,693614097.8
300,4083291,107,7529,193,4075762,1945997.22,1053449531
449,8222427,165,11667,284,8210760,2970460.379,2090489180
538,14092511,163,11237,375,14081274,3586681.91,4494531523
876,19099235,376,26203,500,19073032,3032117.323,2207062960
950,22561407,373,25697,577,22535710,3224032.308,2827406200
1542,44376533,576,39909,966,44336624,2845476.767,3161162483
1647,51012827,572,39049,1075,50973778,3714668.705,4849053699
182,1077497,88,6402,94,1071095,1102427.519,184443080.8
203,1125757,86,5964,117,1119793,1482078.167,278273098.1
344,3857561,138,10761,206,3846800,2458457.907,878839873.3
373,4753899,131,9121,242,4744778,4897699.904,2547801640
885,15112231,353,24671,532,15087560,5754401.453,3519106530
951,16695559,350,24165,601,16671394,6279536.633,4332242059
514,11259460,232,16452,282,11243008,1918777.329,1311258744
579,15334343,227,15589,352,15318754,1994172.045,1959601706
1813,45400099,721,49483,1092,45350616,4388130.269,4021672307
1889,50045707,717,48909,1172,49996798,4405824.257,4503815359
57,400315,31,3212,26,397103,3861243.475,477369666.1
56,529993,25,1844,31,528149,0,0
398,6492532,174,12164,224,6480368,3046981.415,1623278597
442,7475429,177,12429,265,7463000,3470200.917,2083684081
1359,22874913,539,38209,820,22836704,7610400.439,4548573952
1392,23499285,533,36637,859,23462648,8222577.407,5265808864
1361,19877359,648,44699,713,19832660,6117140.071,2714135869
1515,23710379,646,44261,869,23666118,6707831.783,3586641479
1473,33371695,589,40719,884,33330976,2965208.42,2427203288
1601,38679163,583,40009,1018,38639154,3684380.236,3558232781
82,312198,38,3062,44,309136,1515863.347,153039820.9
99,389507,38,2760,61,386747,1532895.181,214798048
233,3141398,104,8074,129,3133324,4049445.972,1571491981
255,3620705,99,7009,156,3613696,3592009.202,1851965942
584,12236571,252,17499,332,12219072,4936312.465,3446891675
637,15552450,249,16940,388,15535510,5241825.217,4807227159
955,17216259,429,29747,526,17186512,2359777.873,1363376163
1064,20658211,426,29241,638,20628970,3290557.409,2321425741
2273,48550591,974,66939,1299,48483652,5593990.908,4051705410
2356,52057533,971,66433,1385,51991100,5678117.965,4443749325
188,939769,77,5830,111,933939,1009396.455,161700637.4
208,1018791,75,5392,133,1013399,1816881.693,341473681.6
280,3606444,114,8876,166,3597568,5068170.273,2054200901
306,5007898,111,7692,195,5000206,4404749.336,2863319560
604,11207394,264,18442,340,11188952,3464317.711,2101837359
648,12861242,261,17936,387,12843306,3880688.937,2778817769
906,20275839,378,26303,528,20249536,2825671.976,2175361989
991,24434975,376,25865,615,24409110,3125008.212,2949107643
1575,34352827,629,43435,946,34309392,3458043.463,2731515338
1674,38504475,631,43261,1043,38461214,3900066.487,3467356089
114,529350,58,5270,56,524080,972570.4229,96718160.76
128,619609,52,3700,76,615909,1102014.938,183443491.4
197,3535578,89,6922,108,3528656,2286885.433,1165794858
212,4343071,85,5933,127,4337138,1968736.641,1439184645
590,8210047,248,17503,342,8192544,3006812.011,1407383860
664,10341835,245,16997,419,10324838,4267838.303,2592500976
575,14567441,252,18453,323,14548988,3136488.03,2472916420
617,17629187,245,16813,372,17612374,2971527.45,3112808707
1354,26522969,544,37857,810,26485112,3481321.891,2435565422
1484,33235095,545,37421,939,33197674,3533146.951,3134396747
211,1076633,98,7142,113,1069491,1275642.169,191023217.5
225,1107177,96,6704,129,1100473,2111457.658,346599365
490,5509405,228,16893,262,5492512,2776495.559,902736942.9
538,6411261,224,15457,314,6395804,4120898.668,1705147194
835,17532430,340,23538,495,17508892,4581966.042,3408324776
858,18808936,337,23032,521,18785904,4742268.238,3868000862
1009,21548927,427,29503,582,21519424,4083323.932,2978367590
1079,25622299,425,29065,654,25593234,4201207.56,3699380291
1448,27946916,659,44904,789,27902012,3432262.087,2132705726
1557,33990316,648,44064,909,33946252,3415735.478,2631431946
158,626933,75,5578,83,621355,1561976.923,173994652.4
174,682122,73,5140,101,676982,1627336.016,214334083.8
428,5299833,172,13097,256,5286736,2702682.346,1090964958
452,6058741,165,11457,287,6047284,2815048.149,1485851063
734,11698142,271,18986,463,11679156,3502890.39,2154787913
779,13407657,270,18761,509,13388896,4380549.401,3126204379
1451,27656215,600,41435,851,27614780,5773200.545,3847608614
1557,31764061,595,40781,962,31723280,5850396.212,4550985928
1336,28997043,534,37027,802,28960016,3535034.253,2764864789
1458,33883031,528,36317,930,33846714,3586677.425,3342711265
125,381601,59,5354,66,376247,1464182.197,102893940.8
134,416341,54,3860,80,412481,1185290.044,126660524
356,2156153,136,10625,220,2145528,3530183.421,712857164.8
373,2492977,131,9121,242,2483856,3694308.432,1006044311
721,15345091,291,19941,430,15325150,3878677.681,2980859399
692,13977927,295,21067,397,13956860,4267958.271,2827516783
1855,29675867,866,59591,989,29616276,7183560.194,3570175049
2106,39041739,868,59425,1238,38982314,9154318.334,6005157960
1402,32981595,589,40663,813,32940932,3309459.029,2680979387
1520,37171755,586,40157,934,37131598,3801397.859,3515003041
55,316157,28,3218,27,312939,1428451.577,138911811.1
54,368461,22,1648,32,366813,1657815.303,368997697
610,5071289,233,16349,377,5054940,3507089.312,1084355376
637,5560985,232,16181,405,5544804,4603417.051,1577470198
432,8810025,189,14741,243,8795284,3223019.897,1923029328
454,10758887,178,12257,276,10746630,3448620.285,3023663719
1042,30415881,396,28257,646,30387624,3754867.12,4037990240
1111,34794263,392,26821,719,34767442,3676367.155,4765589719
1220,27230878,531,36986,689,27193892,3562507.493,2619327422
1316,32889387,527,35989,789,32853398,3514774.831,3208544177
121,473001,57,4282,64,468719,1100842.063,120501072.1
147,572539,54,3776,93,568763,1328151.456,200053868.2
276,4181969,130,10057,146,4171912,4411288.504,1829920199
287,4791043,125,8653,162,4782390,3808126.618,2104697406
1182,17210043,480,33299,702,17176744,5394629.178,2782731144
1241,19004861,475,32657,766,18972204,7435541.596,4319705179
1142,18749755,493,34111,649,18715644,4682082.485,2568912930
1298,26396137,490,33605,808,26362532,4796351.49,3762653464
1972,38313599,810,55895,1162,38257704,4600704.699,3148982889
2081,42750627,809,55525,1272,42695102,5191156.023,3991660259
199,846613,93,6814,106,839799,757597.5729,93370954.53
213,877157,91,6376,122,870781,1938145.026,264695712.6
189,3066717,91,7757,98,3058960,1752621.596,691143400.6
197,3742921,80,5593,117,3737328,2620966.195,1751369631
562,10340067,243,17063,319,10323004,3366111.725,2036475696
614,12447321,240,16545,374,12430776,3628999.456,2726580801
1418,28603863,616,42535,802,28561328,5523646.223,3709008382
1522,33122805,615,42165,907,33080640,6937357.994,5442718898
1366,35325047,560,38535,806,35286512,3575574.069,3274154335
1474,42219911,555,37893,919,42182018,4049576.399,4507938262
159,1065877,66,4986,93,1060891,1439876.233,306368178.2
178,1103563,64,4548,114,1099015,1335551.569,322733334.9
221,3193654,97,7062,124,3186592,1789408.624,807436307.9
252,3921132,96,6692,156,3914440,2902221.178,1697634589
564,10095431,246,17183,318,10078248,3091825.861,1813431170
590,11643703,243,16677,347,11627026,4046285.655,2821027074
1233,26323217,492,34965,741,26288252,4412040.897,3317169825
1324,30777003,485,33325,839,30743678,5205679.4,4802452551
1660,30724583,655,45195,1005,30679388,3403883.357,2310632995
1762,35451199,653,44857,1109,35406342,3382362.235,2669752192
161,860015,69,4936,92,855079,1062665.624,184088950.5
181,922839,68,4776,113,918063,1129700.919,217155907.6
764,5317255,369,25819,395,5291436,5500928.238,1127379438
811,6222287,368,25461,443,6196826,10799703.38,2628486026
715,12834947,328,23551,387,12811396,5842102.549,3178017461
797,15974281,322,22181,475,15952100,6060268.47,4358415250
1746,32561135,736,50727,1010,32510408,6618905,4241987543
1834,35648437,733,50221,1101,35598216,8714280.155,6176954407
1378,34747203,550,38563,828,34708640,2499014.785,2249239025
1449,38639643,547,37397,902,38602246,2455660.95,2534803008
88,960705,42,4170,46,956535,3680238.465,844191103.2
86,959995,36,2600,50,957395,3176075.842,1169522743
332,3939855,150,10799,182,3929056,2832690.279,1030632349
372,4524813,148,10361,224,4514452,3649800.722,1590276052
295,7868509,118,8177,177,7860332,2533642.238,2435522705
263,5757171,122,9303,141,5747868,3058541.078,1889722712
1651,29565979,686,47223,965,29518756,5168809.481,3230985449
1744,32656997,687,47001,1057,32609996,5264298.64,3652449046
1535,27250069,644,45113,891,27204956,3173192.575,1913562928
1628,32419539,641,43917,987,32375622,3294912.754,2429010402
143,610989,65,5790,78,605199,2360794.422,246761731.1
155,665717,59,4220,96,661497,1895751.417,297164425.3
265,3719295,111,8135,154,3711160,2831482.377,1291712863
311,4967393,109,7697,202,4959696,2964175.768,1910018280
684,12632209,315,22869,369,12609340,5751613.735,3171282222
753,14786657,303,20889,450,14765768,5586083.488,3948624291
1258,25409799,577,39691,681,25370108,6010646.747,3841947976
1327,28682771,576,39321,751,28643450,6684089.99,4869036836
1441,29155806,632,43474,809,29112332,3032114.035,2030452924
1572,35857000,631,43104,941,35813896,3870759.912,3216105070
47,316363,25,2804,22,313559,3547095.152,396656065.9
45,380737,20,1512,25,379225,0,0
259,3436314,101,7242,158,3429072,2707827.995,1282150947
296,4121736,100,6880,196,4114856,2854094.233,1707003892
421,8053521,170,12301,251,8041220,2757377.768,1802510467
460,10502365,166,11441,294,10490924,2893581.619,2653294716
1434,37468059,548,37947,886,37430112,3565387.554,3516822290
1515,40920683,546,37509,969,40883174,4984821.952,5433238509
2388,52627559,979,67059,1409,52560500,4170662.108,3268943553
2480,56100201,978,66789,1502,56033412,4156289.368,3486967533
51,412143,25,2720,26,409423,2877808.972,433176905.4
49,496579,20,1512,29,495067,1842005.118,603119012.9
218,2427803,104,7611,114,2420192,2433672.55,773873976.8
256,3022569,105,7457,151,3015112,3206427.475,1296464792
627,16125961,242,17765,385,16108196,4968826.661,4505422671
659,18057187,236,16201,423,18040986,4823247.99,5371035705
2332,38329551,1040,71367,1292,38258184,7028425.004,3767774700
2396,40100865,1041,71133,1355,40029732,11533198.05,6490248227
2091,45569109,883,61269,1208,45507840,3315370.365,2462507044
2196,50425415,879,59925,1317,50365490,3557063.66,2989624600
60,659052,24,1784,36,657268,0,0
54,527919,23,1708,31,526211,0,0
366,4527739,153,10983,213,4516756,2782461.713,1144286683
404,5415871,155,10909,249,5404962,3138490.534,1554993315
1552,26334741,600,42373,952,26292368,7504388.227,4656458992
1563,26370585,594,40801,969,26329784,7751232.016,5002040752
997,25006561,425,30217,572,24976344,3307875.697,2734177494
1061,28928827,416,28441,645,28900386,3189514.671,3241032493
895,23357577,369,26409,526,23331168,2517314.37,2223934435
965,28109611,362,24769,603,28084842,2451012.164,2779130743
282,701348,106,7372,176,693976,3694274.482,347766932.7
268,653461,108,8158,160,645303,4546198.626,359607209.1
142,2724754,59,4806,83,2719948,2225209.644,1259353833
158,3852062,55,3748,103,3848314,2025647.437,2079863231
855,17365147,358,25031,497,17340116,4167848.61,2887258933
915,19379261,355,24517,560,19354744,6319415.633,4988810695
1921,27670447,796,54811,1125,27615636,6862320.294,3457469109
2146,40545541,796,54509,1350,40491032,8194247.363,6086949535
1803,34278351,764,52603,1039,34225748,4297253.437,2795975766
1924,40299271,758,51893,1166,40247378,4348904.943,3372940881
177,1077293,87,6470,90,1070823,1647290.162,272636196.7
192,1114269,85,6032,107,1108237,1727717.012,317427042.1
210,2647525,91,7649,119,2639876,1547771.563,534177670.5
239,3053563,85,6077,154,3047486,2135574.92,1070945313
631,7879589,271,19909,360,7859680,4861730.572,1919315211
690,10049283,264,18257,426,10031026,4787016.506,2630152108
997,21541891,395,27483,602,21514408,3246056.37,2541097447
1073,24728281,390,26841,683,24701440,3738093.561,3440121226
2628,49076831,1078,74023,1550,49002808,5425670.814,3591763441
2716,52314781,1075,73517,1641,52241264,6632149.874,4712813260
353,1039969,172,12190,181,1027779,3843917.1,324093295.6
377,1090285,170,11752,207,1078533,4534946.792,416192117.8
352,5118421,151,12041,201,5106380,3673683.065,1557945497
373,5906279,142,10097,231,5896182,4223598.483,2466386585
957,17967115,377,26299,580,17940816,5362133.093,3657973428
1012,19538995,375,25861,637,19513134,5597023.455,4223172680
1102,26284311,454,31447,648,26252864,4076171.271,3402905524
1208,30828805,450,30873,758,30797932,4337438.314,4326891791
1273,24562983,490,33931,783,24529052,2891590.866,2090359338
1411,30237005,485,33289,926,30203716,3002360.665,2724096514
42,197666,18,1642,24,196024,165634.6236,19773667.15
57,216648,16,1204,41,215444,283048.4566,50648747.24
292,4672307,128,9563,164,4662744,1646961.959,803028546.6
307,5421499,123,8509,184,5412990,2696966.147,1715671734
1531,25439450,565,38962,966,25400488,5351024.042,3488491915
1548,25608432,564,38684,984,25569748,5954112.629,3935610575
848,23454469,345,24777,503,23429692,2822399.632,2668924974
919,28207323,338,23137,581,28184186,3803228.734,4632878335
2369,43174567,878,60395,1491,43114172,5471282.674,3905783960
2457,46957319,874,59821,1583,46897498,5790480.479,4539527034
77,332277,38,2978,39,329299,760449.0889,84088356.11
89,394937,35,2472,54,392465,800187.6492,127041118.8
115,1432139,60,5215,55,1426924,1890216.395,517199451.4
138,2209640,54,3704,84,2205936,1677405.849,998987567.4
435,5007302,188,13930,247,4993372,2749157.17,985467655.2
472,6930130,177,12308,295,6917822,2535624.058,1425170287
929,21981411,367,25603,562,21955808,2579351.769,2211918611
1032,26627865,363,25029,669,26602836,3999745.511,4251251504
999,24184553,431,30625,568,24153928,2627346.267,2072187186
1110,31744455,420,28713,690,31715742,2746149.292,3033335508
112,448161,54,4730,58,443431,1389648.726,130277658.4
124,499807,49,3404,75,496403,1452540.898,211823049.2
269,4758825,121,9545,148,4749280,3627470.728,1804910862
281,5510187,118,8177,163,5502010,3521088.286,2369214010
792,10823123,339,23735,453,10799388,3358667.44,1528188450
836,12410572,336,23084,500,12387488,4181761.048,2244044135
1677,27849067,673,46427,1004,27802640,4123276.527,2469209144
1770,32233495,673,46133,1097,32187362,6208997.023,4332066738
1463,24137635,621,42851,842,24094784,3225432.738,1813635741
1567,28893495,620,42481,947,28851014,3603342.488,2447213685
80,371073,39,3966,41,367107,1509266.663,139703065.3
77,435169,33,2396,44,432773,1224290.881,221135241.1
173,3279678,75,6062,98,3273616,2098455.358,1133212972
180,3860703,69,4845,111,3855858,2022389.564,1609504020
497,7925198,218,15290,279,7909908,2806606.824,1451929481
549,9429189,220,15361,329,9413828,4052576.648,2483579163
1718,35274295,704,48519,1014,35225776,6275962.386,4556475714
1852,37793163,700,47945,1152,37745218,7441070.605,5858063033
1781,39607057,766,53405,1015,39553652,4494345.334,3328672808
1854,43980635,760,51825,1094,43928810,5147676.611,4363363392
178,1072961,87,6414,91,1066547,1138358.954,189291133.1
194,1109803,85,5976,109,1103827,1723433.855,318335479
245,4230153,113,9001,132,4221152,1939238.139,909434390.3
252,4875997,106,7361,146,4868636,2893379.449,1913708918
702,9042991,309,22307,393,9020684,4189392.093,1694140056
758,10899089,305,21065,453,10878024,5602090.419,2892934917
1050,26656543,406,28063,644,26628480,3684506.137,3496162134
1175,34100063,404,27625,771,34072438,4646332.326,5730746429
1330,28645279,537,37139,793,28608140,3030152.368,2334123783
1445,33759295,534,36633,911,33722662,3113609.884,2866246655
64,298909,32,2534,32,296375,544412.1273,63674090.06
78,323302,30,2096,48,321206,468731.0307,71831688.66
109,2512041,40,2873,69,2509168,1036734.848,905444450.2
95,1648331,41,3219,54,1645112,1250190.427,638926149
304,6964727,126,9095,178,6955632,1742379.681,1332529067
331,8086025,122,8513,209,8077512,2204931.381,2092136696
1520,33712439,603,41699,917,33670740,5370176.374,4336262559
1627,36912501,600,41193,1027,36871308,6921344.435,6195203613
2213,53604191,839,57767,1374,53546424,1492226.358,1383201227
2279,56499003,838,57397,1441,56441606,1514392.5,1489184885
79,350398,39,2998,40,347400,721841.5145,83645010.72
92,394572,37,2540,55,392032,1170796.644,180704626
207,3033633,88,7301,119,3026332,2969195.461,1230758970
243,5771563,81,5661,162,5765902,3220546.644,3280225461
649,11213975,272,19179,377,11194796,4133484.902,2412718090
729,13476315,268,18605,461,13457710,4255799.027,3078382645
1193,17160830,515,35406,678,17125424,4776042.332,2310109868
1296,21076366,511,34916,785,21041450,5732587.932,3454632900
2049,47274249,863,60001,1186,47214248,5378497.919,4232291706
2112,51069775,857,58429,1255,51011346,5505227.641,4806330282
105,313469,48,3642,57,309827,1600804.974,136181384.6
118,340464,46,3340,72,337124,1861175.789,187858391.3
199,3804693,90,7513,109,3797180,2435541.169,1230958101
213,4818499,86,6077,127,4812422,2490420.543,1972182757
489,8557555,202,14407,287,8543148,2835549.24,1681440745
526,9995176,199,13756,327,9981420,2843539.098,2063285695
750,15386377,270,19585,480,15366792,3498078.435,2744663962
845,22205330,263,17892,582,22187438,3313839.461,4109412451
2818,54344831,1119,76787,1699,54268044,6391368.594,4517002514
2892,57198789,1116,76281,1776,57122508,6514120.011,4878054462
24,268038,10,824,14,267214,0,0
20,267456,10,824,10,266632,0,0
315,4809339,147,10499,168,4798840,4018922.122,1836952494
367,5987213,146,10129,221,5977084,4309267.249,2542882054
389,6971807,164,11763,225,6960044,2912573.581,1723339308
441,9442478,161,11112,280,9431366,3171008.218,2691409206
702,17059647,274,19087,428,17040560,2694911.871,2405973041
771,21681819,269,18445,502,21663374,3293274.827,3867901560
1864,52388272,716,48792,1148,52339480,4331843.955,4646795787
1930,56293958,716,48784,1214,56245174,4536146.921,5229919089
95,317296,49,4610,46,312686,709225.8047,48105201.73
104,344788,41,2904,63,341884,588594.8051,69294471.89
85,1907026,31,2418,54,1904608,841982.8382,663212262
105,3276168,29,1980,76,3274188,1009044.196,1668586059
679,12130293,293,20749,386,12109544,3806199.787,2221376634
709,13723792,288,19760,421,13704032,3954047.109,2742226119
612,11696859,264,18587,348,11678272,2646915.883,1663065779
697,15916727,261,18073,436,15898654,2984417.922,2625365348
2471,54914763,965,66307,1506,54848456,5014185.983,4147682134
2547,57764487,963,65877,1584,57698610,5548066.361,4859294097
155,728857,71,6130,84,722727,2432429.765,286783469.3
162,750359,65,4560,97,745799,2244432.617,367082368.6
377,5168413,170,13033,207,5155380,5128636.477,2028701751
410,6205369,164,11461,246,6193908,5849804.571,3161430183
650,13839589,252,17597,398,13821992,4341335.901,3410007961
714,16295213,251,17429,463,16277784,4835960.355,4516536697
1201,24782169,517,36249,684,24745920,4190988.317,2861040625
1286,29005801,512,35149,774,28970652,4792362.761,3949980762
2972,62228216,1226,84560,1746,62143656,6389566.388,4695731027
3026,64774691,1226,83641,1800,64691050,6335730.944,4900289180
161,1073253,69,5190,92,1068063,1219123.323,250886418.9
180,1111949,67,4752,113,1107197,1400901.683,326404490.9
138,1855412,60,5084,78,1850328,1415586.945,515204594.8
151,2897931,56,3961,95,2893970,2333088.082,1704591496
1139,21554627,422,29391,717,21525236,7110622.301,5207642582
1190,22779677,420,28953,770,22750724,7569471.628,5947948739
397,9980735,162,11371,235,9969364,1792859.952,1571864697
454,13368702,161,10956,293,13357746,1922259.128,2343651805
874,18038151,370,25807,504,18012344,2218321.848,1548307677
979,23330983,367,25301,612,23305682,2214333.981,2039704502
177,904881,69,5146,108,899735,626421.1946,109524499.3
191,935425,67,4708,124,930717,981264.5531,193984622.1
239,4965905,102,8253,137,4957652,1329633.382,798722839.9
244,5405863,97,6749,147,5399114,2776064.19,2220815977
1013,17450719,354,24803,659,17425916,3327860.582,2338064708
1062,18485489,350,24221,712,18461268,5294040.295,4035122278
652,19532226,235,16190,417,19516036,2907773.863,3505140173
689,21366751,236,16201,453,21350550,2915986.743,3842844315
1425,25784175,664,45739,761,25738436,3020664.049,1699800352
1545,31418963,665,45505,880,31373458,3125297.928,2154739112
177,1075312,82,6854,95,1068458,1290411.767,201160019.7
188,1104792,76,5284,112,1099508,1163684.798,242142457.4
367,7012233,152,11653,215,7000580,2737759.046,1644718203
375,7545067,146,10081,229,7534986,3396385.255,2538608804
1026,17372110,394,27366,632,17344744,4022620.22,2549562155
1063,18878873,393,27141,670,18851732,5026226.994,3491141972
1087,25728659,427,29947,660,25698712,4068367.65,3491228121
1161,28599619,424,29037,737,28570582,4519188.927,4446597714
1180,29844384,465,32204,715,29812180,2613392.806,2419293776
1292,35416410,462,31496,830,35384914,2865378.846,3219176532
240,5322888,103,7004,137,5315884,6201565.488,4706853620
248,5898608,102,6936,146,5891672,6142887.903,5217975874
181,1074569,71,5282,110,1069287,655046.5355,132607486.7
195,1105113,69,4844,126,1100269,1699776.084,386088136.3
506,9537563,202,14299,304,9523264,2442405.638,1626664360
525,9687937,200,13861,325,9674076,3218271.685,2246144208
555,11308225,238,17501,317,11290724,2873576.665,1853880408
596,13548087,230,15793,366,13532294,2744737.739,2351839298
1415,22837431,678,46811,737,22790620,7188382.603,3499769206
1623,30287453,677,46441,946,30241012,8235735.401,5362868437
1362,30221395,553,38263,809,30183132,3285054.291,2591360512
1483,35821649,550,37757,933,35783892,3341122.199,3166521596
177,1074337,76,5662,101,1068675,538814.9779,101698710.1
194,1114631,74,5224,120,1109407,1173447.746,249201980
139,1511641,68,5941,71,1505700,1234289.769,312821091.5
140,1836647,62,4369,78,1832278,2480218.286,1040157794
736,12959947,289,20287,447,12939660,2532182.524,1615102328
774,14063307,288,19917,486,14043390,2619227.659,1846806020
1207,26218873,483,33745,724,26185128,4662423.106,3617903270
1307,30489453,479,32809,828,30456644,4659066.98,4325018878
1501,32252237,633,44565,868,32207672,3595748.037,2598691201
2851,67542573,1145,78373,1706,67464200,13692.23352,11786400.68
208,1082209,103,7470,105,1074739,1540958.396,221703893.6
230,1132389,101,7032,129,1125357,1758681.434,281448302.4
534,9396231,221,15627,313,9380604,3097967.344,1859653475
559,9629123,219,15189,340,9613934,5957880.036,3771062311
360,8835837,146,11245,214,8824592,3065903.672,2405989241
2469,49047795,944,64477,1525,48983318,11192.11289,8502672.657
1362,23759695,606,41855,756,23717840,3621786.772,2052346414
1471,28333347,610,41825,861,28291522,3974235.126,2688276402
1346,34445931,548,37827,798,34408104,2971225.487,2702678922
1470,40032425,544,37241,926,39995184,3335787.633,3582488123
64,459201,35,3694,29,455507,4254384.311,524607968.1
65,659681,29,2124,36,657557,3030401.389,938164616.9
618,10141637,261,19861,357,10121776,8018916.989,4086686548
623,10249081,251,17445,372,10231636,8063029.83,4729033320
852,13496771,403,28039,449,13468732,6718901.157,3227471701
974,17257231,398,27397,576,17229834,7633910.828,4800927705
812,18954237,349,25049,463,18929188,2572986.828,1944371088
914,25517167,344,23545,570,25493622,2544488.289,2755074225
1455,34970437,606,42609,849,34927828,2787158.535,2284714354
1509,38054181,596,40753,913,38013428,2886104.491,2692089546
109,393077,54,4986,55,388091,1188526.146,92510288.91
118,452157,49,3484,69,448673,1531970.401,197288678.4
724,10571039,270,19079,454,10551960,4728548.531,2615202839
745,10621069,268,18641,477,10602428,5025468.545,2858332086
691,11784374,260,18818,431,11765556,4722731.663,2952787961
745,12913981,257,17809,488,12896172,4753674.562,3442315952
1154,20059427,459,31847,695,20027580,5114726.206,3216490981
1261,24291035,459,31545,802,24259490,5456357.872,4196178768
1425,31476411,587,40547,838,31435864,3298003.215,2556923584
1560,38047345,585,40109,975,38007236,3382561.042,3205310424
194,1099149,83,6250,111,1092899,875629.7222,153115975.7
212,1142693,81,5812,131,1136881,1547586.247,302722195.4
596,7883311,224,15991,372,7867320,2880019.739,1416924326
622,8142687,223,15621,399,8127066,4257887.149,2215231412
642,13354837,283,20561,359,13334276,4131307.192,2679246649
673,15207267,277,18989,396,15188278,4081910.239,3264900073
777,19705233,323,24729,454,19680504,3534787.881,2813150836
865,25584499,316,21641,549,25562858,3183951.39,3760958240
1996,34134315,779,53767,1217,34080548,4284393.16,2715689303
2098,37919431,774,53125,1324,37866306,4585164.819,3268202430
182,1076085,85,6234,97,1069851,873463.4919,149899870.1
199,1113197,83,5796,116,1107401,1611157.46,307832536.6
168,2438733,72,6213,96,2432520,1539428.005,602718398.7
179,3452219,66,4641,113,3447578,2488815.146,1848822311
773,13954767,300,21059,473,13933708,4557146.238,3015240277
842,15884695,302,20893,540,15863802,4797601.819,3642760989
996,20005770,433,29838,563,19975932,4842340.243,3241847959
1071,23597064,428,29196,643,23567868,4948781.988,3994802050
1594,35714151,694,47647,900,35666504,4616764.328,3455912090
1821,44503657,693,47269,1128,44456388,8192.999908,7705497.954
161,1076153,70,5262,91,1070891,1132708.159,230522039.7
164,1086277,68,4824,96,1081453,1758657.922,394259097.5
763,9384439,311,21855,452,9362584,4978962.431,2132965179
787,9599425,309,21417,478,9578008,6251549.104,2795787801
409,9429798,163,11502,246,9418296,2345123.02,1920280191
434,10960108,162,11132,272,10948976,2849363.638,2802516537
813,19107815,372,26403,441,19081412,2960205.733,2139336636
871,22366755,367,25101,504,22341654,4259328.108,3791101345
1280,28122263,545,37707,735,28084556,3215000.334,2394564853
1369,31990409,543,37269,826,31953140,3421255.078,2933264711
184,1079093,77,5666,107,1073427,1168981.29,221464186.2
206,1129273,75,5228,131,1124045,1254412.97,269704787.1
578,7928503,211,15011,367,7913492,2489840.343,1312592874
608,8447413,209,14573,399,8432840,4307570.845,2492627168
687,14502425,289,20969,398,14481456,4903793.111,3386621402
714,16235039,282,19329,432,16215710,4858799.238,4076200496
1060,22165345,467,32413,593,22132932,3887180.327,2654326901
1116,25555739,461,31493,655,25524246,3832519.285,3106155813
1881,33653767,828,56891,1053,33596876,3615300.759,2135009251
2034,40952237,829,56657,1205,40895580,3660087.162,2641886922
186,1075888,91,7430,95,1068458,1555617.744,223702856.5
197,1105368,85,5860,112,1099508,1292433.297,242498421.3
380,5169745,179,13621,201,5156124,2398935.898,908098594.8
410,5657061,173,12049,237,5645012,2724590.078,1276483002
356,7531962,164,11954,192,7520008,2788570.802,1754230780
378,8912437,161,11101,217,8901336,2725864.825,2185734502
1166,20787159,471,32675,695,20754484,4992993.764,3171446341
1243,23856069,468,32169,775,23823900,5131204.999,3800096825
1391,26914339,601,41563,790,26872776,3592947.405,2323039020
1508,32013625,599,41117,909,31972508,3706042.349,2881812113
172,1075433,77,5718,95,1069715,668461.7304,125054833.8
190,1118977,75,5280,115,1113697,1481037.098,312391396.3
550,7311011,263,18471,287,7292540,2706232.218,1068448200
602,8452757,259,17897,343,8434860,3823702.571,1802111855
388,6923477,156,11925,232,6911552,2169214.562,1257244381
432,9925735,152,10489,280,9915246,3020540.445,2855315242
1307,18432791,542,37699,765,18395092,4635647.786,2261947731
1378,21842161,542,37397,836,21804764,6119494.933,3568044036
1542,24188495,658,45495,884,24143000,2740604.991,1454366992
1668,30405159,654,44921,1014,30360238,3558873.752,2405294943
118,432461,57,4306,61,428155,676507.6721,67266637.8
133,515881,55,3868,78,512013,1438232.929,190381064.3
473,6491279,172,12291,301,6478988,1507467.89,794635617.1
501,6903797,170,11853,331,6891944,2296417.227,1335255119
697,9333714,293,22242,404,9311472,3894336.659,1630339302
737,11417217,286,19649,451,11397568,4687684.287,2719130766
1534,30900047,659,45467,875,30854580,1224403.52,830898373.7
1623,35064325,656,44961,967,35019364,1343277.594,1046256245
1691,35075341,724,50817,967,35024524,4023216.446,2772915382
1797,39809693,719,49313,1078,39760380,4634497.402,3736730229
72,439976,35,3492,37,436484,985304.4466,123158541.3
72,569638,30,2192,42,567446,664368.6543,171986010.7
130,2112684,60,5084,70,2107600,2660056.987,1102741169
144,3222343,55,3893,89,3218450,2307846.099,1907959742
159,3177642,62,4526,97,3173116,1370033.802,960511749.7
183,4743106,61,4156,122,4738950,1395969.692,1591778289
1170,29685927,448,30919,722,29655008,5456708.105,5233633769
1249,34594027,446,30481,803,34563546,5729654.654,6497069722
1351,25110131,602,41543,749,25068588,3712994.125,2240558457
1476,33172994,595,40608,881,33132386,3695414.127,3015117397
151,700161,55,4194,96,695967,943422.3286,156554794.4
176,771869,54,3824,122,768045,967278.8033,194276581.7
353,5337957,146,12105,207,5325852,2234543.129,983134737.3
371,5987733,138,9833,233,5977900,2790660.087,1696561266
338,6791395,150,10827,188,6780568,1815434.513,1136942566
448,9614804,151,10585,297,9604219,21079.19782,19126049.34
1232,35451597,485,34297,747,35417300,4067058.558,4199907662
1557,50984713,477,32581,1080,50952132,64410.56952,100729131.7
987,25430801,425,30217,562,25400584,2640621.137,2219721316
1086,31650767,420,28713,666,31622054,2895480.082,3188835284
122,1058385,59,5326,63,1053059,2567810.154,507708522.9
118,1057253,53,3756,65,1053497,2108159.943,591304626
261,3326710,118,8418,143,3318292,2500322.639,985602353.4
278,3705363,118,8261,160,3697102,4226085.064,1891328839
600,8382643,289,20263,311,8362380,3459441.999,1427684380
656,10723938,289,19828,367,10704110,3619187.728,1953811960
1710,37322097,691,47997,1019,37274100,5845893.439,4539875756
1769,39167209,688,47205,1081,39120004,5952524.409,4933010882
1194,19895483,514,35587,680,19859896,3144768.3,1754988377
1286,23192955,511,35081,775,23157874,3426129.007,2261676231
65,263324,33,3028,32,260296,929383.7898,79892629.78
67,318935,29,2052,38,316883,871086.7954,134518809.4
156,2234298,64,5146,92,2229152,2028594.47,878749595.8
296,8050827,64,4497,232,8046330,8656.240419,15488318.21
802,16969150,330,23318,472,16945832,4298171.798,3123599674
810,17483903,324,22185,486,17461718,4276062.89,3365670694
1730,33526287,608,41943,1122,33484344,4354600.633,3476407162
1861,38645759,604,41369,1257,38604390,5568113.669,5196007437
1792,31190030,806,56462,986,31133568,4646164.205,2561929602
1933,37118553,799,54681,1134,37063872,5335783.703,3616700576
39,236913,21,2186,18,234727,973612.5284,104543983.5
43,322321,20,1512,23,320809,1883053.299,399537331.8
225,3486483,94,6967,131,3479516,1900512.521,949169473.7
253,4151469,93,6597,160,4144872,2413109.031,1516147954
509,8739142,240,17954,269,8721188,3715824.104,1804968285
537,10341338,230,15840,307,10325498,3288442.239,2143611348
1476,40329123,564,39035,912,40290088,3991091.385,4119416501
1555,43005259,563,38665,992,42966594,6483282.879,7204567005
1323,31944199,509,34757,814,31909442,3469979.132,3185692029
1235,27291162,510,35542,725,27255620,3550985.87,2723097223
135,646337,58,4422,77,641915,1183528.162,171805626.5
153,738895,56,3984,97,734911,1359583,250796310.7
189,3046589,92,6585,97,3040004,1451848.246,670254286.2
201,3629547,91,6341,110,3623206,2990568.696,1708791428
590,10525333,233,16273,357,10509060,2379030.874,1536371794
642,13406811,231,16045,411,13390766,3240030.746,2704050705
1097,21626063,460,31891,637,21594172,4621153.213,3129095272
1173,25518085,455,31249,718,25486836,4671590.157,3810171596
2351,53020059,950,65271,1401,52954788,6467708.408,5247294014
2445,56486012,947,64620,1498,56421392,6508659.768,5682879050
373,1096337,182,12854,191,1083483,3080510.787,259660889.2
395,1146517,180,12416,215,1134101,4802332.628,438654174.9
615,8600847,257,18135,358,8582712,3859457.232,1826556928
642,9082581,255,17697,387,9064884,4684183.387,2399365940
418,6658877,209,15529,209,6643348,3295309.37,1409742219
436,8140207,200,13753,236,8126454,3757961.897,2220526757
971,21864034,408,28262,563,21835772,3773410.769,2915410700
1066,25879825,407,27961,659,25851864,4396422.79,4064794681
1916,43985119,719,49515,1197,43935604,3744170.434,3322273846
2024,48716689,718,49145,1306,48667544,4239655.899,4198466579
70,443246,36,2830,34,440416,775734.5305,120722932.5
73,458423,33,2180,40,456243,632678.7116,132410657.5
408,6129781,175,13209,233,6116572,4928032.822,2281979527
419,6591863,170,11713,249,6580150,5865407.354,3295078989
393,7763275,179,12627,214,7750648,3819083.075,2344212291
440,10763791,177,12189,263,10751602,3928870.015,3465554739
631,12344286,285,20142,346,12324144,39167.56858,23965184.96
730,17319967,282,19636,448,17300331,38210.17844,33665142.32
2737,59331735,1077,73991,1660,59257744,6550038.778,5245780178
2805,62302051,1074,73401,1731,62228650,6742287.881,5716045732
117,456041,54,4166,63,451875,1017441.918,110359233.5
128,526631,52,3728,76,522903,1944305.023,272715378
357,4219059,174,13031,183,4206028,5310929.154,1714213547
401,5153453,175,12221,226,5141232,7154671.023,3009886557
1292,21671171,479,33255,813,21637916,7691276.042,5004456020
1328,22588413,477,32817,851,22555596,8682976.407,5967934544
634,13604013,279,19209,355,13584804,3209251.948,2269616258
701,17771598,278,18904,423,17752694,3611962.946,3391984390
1544,29408987,672,46403,872,29362584,2837708.41,1795626394
1700,36446437,664,45557,1036,36400880,4306093.318,3440647675
131,729045,52,4026,79,725019,975081.2076,175596721.8
150,831241,51,3644,99,827597,1245930.116,282965978.7
456,8001758,190,13798,266,7987960,3217890.989,1862906545
462,8380835,187,12869,275,8367966,3716286.545,2416486087
1194,20021823,470,32631,724,19989192,7310854.861,4478504536
1244,21374325,469,32261,775,21342064,8422594.908,5571915302
579,13847911,242,17315,337,13830596,2092813.72,1671663937
660,18770446,237,16116,423,18754330,2325002.274,2705625458
1301,23639631,539,37399,762,23602232,2724269.362,1719266224
1405,28205075,535,36825,870,28168250,3474379.91,2657629379
116,488530,53,4118,63,484412,706582.1373,83117257.48
134,536913,50,3612,84,533301,971395.0774,143423578.7
479,8520177,198,14245,281,8505932,2433210.444,1452911378
494,8610939,196,13613,298,8597326,4041865.658,2552650901
672,11171983,292,20503,380,11151480,3964023.725,2156012841
722,12675649,289,19997,433,12655652,4962510.826,3140661603
468,11445881,206,14337,262,11431544,2469916.041,1969376711
518,14652689,200,13745,318,14638944,2686563.919,2861292016
1089,28606745,437,31033,652,28575712,2732423.331,2516061682
1220,37218047,431,29461,789,37188586,2652785.757,3348608372
95,462442,43,4226,52,458216,811920.0858,88034731.2
108,555949,36,2576,72,553373,519256.1565,111545938.3
675,9321271,246,17387,429,9303884,4830075.086,2584601042
694,9454269,243,16881,451,9437388,5331319.258,2980494544
325,6767665,141,10905,184,6756760,2751315.343,1704720537
352,8836383,135,9333,217,8827050,2589035.008,2448681182
907,18790371,401,27867,506,18762504,3268837.708,2200867714
1001,22933297,399,27429,602,22905868,3399814.441,2839173897
1543,37137227,625,43123,918,37094104,3615498.338,3110026467
1657,41677319,623,42685,1034,41634634,3912774.418,3816491292
166,967661,77,5666,89,961995,1538280.317,261175074.7
180,998205,75,5228,105,992977,1711538.208,325079968.5
192,3146675,80,6555,112,3140120,2053840.143,983875592.4
227,5329067,75,5253,152,5323814,3103272.422,3145106638
1046,21401639,436,30295,610,21371344,5320220.951,3753103552
1089,22994769,434,29857,655,22964912,5854125.475,4502779126
705,13325843,331,23523,374,13302320,3200764.003,1810040684
769,17536019,321,22053,448,17513966,3327646.611,2642737478
1329,31342691,552,38183,777,31304508,3126198.112,2563027887
1434,36101265,555,38085,879,36063180,3180503.567,3011660040
116,1056815,56,3960,60,1052855,0,0
57,4036,56,3960,1,76,0,0
368,4437579,177,12647,191,4424932,1454092.724,508757920.7
410,5135587,176,12289,234,5123298,2231992.803,930520324.4
407,10623477,158,10897,249,10612580,3681646.223,3585552453
159,10973,158,10897,1,76,3684235.15,25695.31718
1067,21952223,407,28167,660,21924056,3527893.303,2745969764
1167,25806851,406,27785,761,25779066,3585915.894,3327031222
1497,31109887,613,42295,884,31067592,2813122.617,2066365899
1624,36263053,607,41585,1017,36221468,3162573.684,2754672634
66,464111,31,3212,35,460899,1426900.529,204750008.4
64,463257,25,1708,39,461549,885892.9203,239392852.1
571,8581043,211,14947,360,8566096,2985699.002,1711098165
603,9020433,208,14441,395,9005992,3467667.738,2162577932
788,13678167,329,23043,459,13655124,5118936.893,3033446948
837,15059713,327,22605,510,15037108,5281197.174,3513113571
1475,28658820,629,43092,846,28615728,4664948.885,3097811855
1556,32709696,625,42728,931,32666968,5776156.692,4416062671
2231,44122907,962,66015,1269,44056892,5358912.375,3576414811
2361,49777697,961,65645,1400,49712052,5564810.283,4214153982
90,541364,43,3354,47,538010,557121.9188,89367073.21
110,608690,41,2916,69,605774,689830.0282,143306274.2
176,3296561,75,5253,101,3291308,3665531.263,2296667118
75,5261,74,5185,1,76,3621676.274,53085.32243
573,11651023,217,16967,356,11634056,3552850.603,2436144449
641,16606087,207,14265,434,16591822,4576188.669,5322629361
644,12900923,274,19275,370,12881648,3067638.016,2050128826
752,18054791,271,18857,481,18035934,3009115.032,2878093022
2236,57168369,801,54621,1435,57113748,5699656.779,5959772998
2287,59480773,802,54689,1485,59426084,5707267.673,6201623144
49,456724,24,1784,25,454940,0,0
51,519580,24,1784,27,517796,0,0
333,4373079,150,10787,183,4362292,2704084.576,1093539122
379,5541413,148,10349,231,5531064,3729466.302,1993228022
688,11647397,301,22097,387,11625300,5495417.434,2891156098
733,13976016,290,19964,443,13956052,5289271.263,3697522780
1262,28080237,552,38853,710,28041384,6810889.034,4915624400
1325,31383155,549,37485,776,31345670,6725472.764,5623968250
3236,55412665,1607,109429,1629,55303236,3541249.334,1789676847
3344,62802977,1601,109021,1743,62693956,3528171.132,2028921086
123,779065,52,4062,71,775003,823139.5428,157049634.4
138,837881,49,3556,89,834325,1151769.755,270233492.9
174,3054691,79,6231,95,3048460,1969965.69,963787772
185,3802643,76,5321,109,3797322,2658832.414,1897470930
877,20815277,336,24401,541,20790876,4163914.568,3547864081
910,22191127,329,22761,581,22168366,5742337.668,5592822948
882,19748176,373,26588,509,19721588,4245070.941,3148771631
964,23027189,369,25381,595,23001808,4287546.273,3885635561
1252,35615745,458,31297,794,35584448,3163172.174,3596502404
1336,41224537,455,31093,881,41193444,3142872.121,4163822298
75,619579,32,2264,43,617315,1421167.199,387503458.4
75,619983,30,2036,45,617947,2862863.26,868908528.1
340,4108183,152,10959,188,4097224,3789897.739,1416923074
380,4466401,149,10453,231,4455948,3790593.034,1615869650
744,12523355,309,21599,435,12501756,3275089.016,1895660158
799,14314465,307,21149,492,14293316,3278321.772,2215617241
1223,22286425,503,35665,720,22250760,4782149.315,2983498015
1288,25300593,497,34093,791,25266500,5853712.768,4338217043
2386,46991767,1018,69823,1368,46921944,5138555.987,3453174975
2484,51445387,1016,69385,1468,51376002,5589373.327,4138641713
582,9717399,226,16055,356,9701344,4524558.039,2733995265
605,9832725,225,15693,380,9817032,4562795.517,2854336940
1078,14033312,400,27424,678,14005888,6309941.961,3222591175
1131,15325555,399,27397,732,15298158,6698298.198,3740249815
704,17324265,292,21081,412,17303184,3369358.223,2765553119
779,22137763,287,19669,492,22118094,3927963.047,4417055056
2185,55749664,835,56848,1350,55692816,5642113.462,5527462477
2249,59247080,832,56644,1417,59190436,5622335.094,5875087663
40,353543,20,1512,20,352031,0,0
41,369995,20,1512,21,368483,0,0
493,3034271,230,16235,263,3018036,4247715.185,789637040.1
529,3441665,225,15605,304,3426060,4553896.352,999802764.2
949,13892421,360,26001,589,13866420,5018078.016,2676157739
995,15992741,353,24361,642,15968380,5433804.629,3561801944
1692,31367563,722,49675,970,31317888,3683206.125,2322098378
1763,33675465,725,49669,1038,33625796,3927360.941,2658814106
2245,47955689,917,63673,1328,47892016,5043651.831,3793611958
2337,52904227,911,62101,1426,52842126,5830511.132,4961218078
58,479977,26,1920,32,478057,0,0
52,399537,25,2046,27,397491,0,0
860,10563983,335,23499,525,10540484,4773520.824,2141164299
884,10614587,333,23061,551,10591526,5808217.194,2667615603
726,13634055,315,22019,411,13612036,3134760.424,1937893262
788,15874023,317,21853,471,15852170,3290689.307,2387066596
1494,27079524,602,42732,892,27036792,6317970.705,3997417855
1592,31621789,597,40977,995,31580812,6287621.875,4845845336
962,27061863,373,26283,589,27035580,2064591.58,2123708512
1071,32964459,370,25365,701,32939094,2612324.986,3392376040
56,382623,23,1716,33,380907,0,0
58,513079,23,1716,35,511363,0,0
325,5534907,137,9939,188,5524968,1273174.993,707742337.7
357,6162255,136,9569,221,6152686,2339564.399,1504295655
666,10629507,294,20579,372,10608928,4056480.564,2091205123
711,12824071,292,20141,419,12803930,4112368.882,2614293397
1398,28773323,600,41459,798,28731864,3987987.125,2763749818
1472,31698237,600,41157,872,31657080,4919456.26,3783940044
1617,35959863,600,41547,1017,35918316,3563644.904,3080851175
1747,42173055,599,41177,1148,42131878,3903564.643,3994086730
110,1057469,56,5022,54,1052447,0,0
108,1056573,52,3688,56,1052885,0,0
343,4216551,145,10527,198,4206024,364442.2251,145611546.1
369,4948069,142,10021,227,4938048,348466.1508,171713659.2
534,9127601,205,14213,329,9113388,3174057.9,2035208695
493,7503058,206,14822,287,7488236,3476533.239,1756382496
1382,25576139,578,39963,804,25536176,5779632.476,3693158975
1477,29558987,575,39457,902,29519530,6197562.846,4636671373
1921,39782921,797,55513,1124,39727408,4334143.085,3101692769
2011,44353923,790,53873,1221,44300050,4264958.224,3507097481
32,299264,15,1172,17,298092,0,0
35,560108,14,1104,21,559004,0,0
236,5098897,97,6749,139,5092148,4079408.845,3077930596
253,6120893,97,6749,156,6114144,4081361.139,3697441061
1082,17941023,429,29819,653,17911204,3771216.273,2265234381
1117,18872149,428,29449,689,18842700,4740030.001,3032869140
797,12813451,378,26279,419,12787172,2069755.278,1007128001
873,16226003,377,25909,496,16200094,2884094.245,1803334666
2483,43886795,1013,69547,1470,43817248,5379718.122,3389426476
2580,47714255,1010,69049,1570,47645206,5802944.428,4004148976
134,465573,63,5634,71,459939,2815536.625,229850035.4
137,498195,58,4132,79,494063,2235399.859,267286631.3
236,3632685,102,8253,134,3624432,2313299.778,1015921209
251,4387339,98,6817,153,4380522,2399578.798,1541940401
305,7877672,120,8260,185,7869412,1844324.447,1757112462
345,10191890,120,8160,225,10183730,2550629.288,3183200980
1215,25960303,504,34931,711,25925372,3566957.967,2647353703
1310,30378913,500,34357,810,30344556,6069950.048,5361060021
1549,35693359,651,44903,898,35648456,4066801.814,3228630727
1633,39627651,649,44465,984,39583186,4167971.941,3710370147
79,357122,32,2654,47,354468,664877.4182,88800967.86
98,412005,30,2216,68,409789,759911.2848,140524948.3
251,4047761,102,8245,149,4039516,2060388.436,1009456889
279,5932903,98,6817,181,5926086,3958866.581,3441482150
371,6680785,168,11989,203,6668796,3355332.324,1866379746
405,8444849,168,11569,237,8433280,3450264.9,2515087733
968,14811575,444,30903,524,14780672,3077875.655,1472124729
1058,17273297,439,30257,619,17243040,5067859.161,2888101868
1615,44032141,652,44985,963,43987156,3755527.514,3672223511
1665,47310117,651,44413,1014,47265704,4520961.719,4811348893
100,679409,49,4646,51,674763,1500268.747,217891915.7
97,698617,43,3076,54,695541,4889172.077,1105533042
668,5820565,316,22997,352,5797568,10831793.62,2730706618
708,6561699,307,21221,401,6540478,11580211.73,3569111732
285,7072145,119,8337,166,7063808,1947471.187,1650061479
319,9116043,118,8177,201,9107866,2006951.681,2235422157
1253,19517363,484,33511,769,19483852,3671064.825,2134418064
1372,25311217,481,33005,891,25278212,5653586.891,4330027814
1818,39803595,711,48959,1107,39754636,3891556.418,3159938088
1909,43484271,709,48521,1200,43435750,4104371.283,3674212093
103,862511,53,6568,50,855943,5010224.218,652933365.9
100,924957,47,3348,53,921609,2898711.338,797932633.5
233,3587065,112,8933,121,3578132,3107039.385,1244531182
244,4400711,105,7293,139,4393418,2960016.491,1783160528
920,18208393,391,27061,529,18181332,3595349.469,2415588572
964,20009371,387,26701,577,19982670,4549880.133,3405069220
906,22073767,347,24195,559,22049572,3439609.617,3134611280
997,26578843,347,23893,650,26554950,3497650.608,3887328382
1905,40018067,792,55231,1113,39962836,3947835.195,2856488031
1992,44388321,780,53461,1212,44334860,4096845.517,3397487373
17,7553,10,1086,7,6467,316434.5691,1884329.98
37,46755,8,648,29,46107,235466.5922,16754102.11
372,7687967,157,11123,215,7676844,2533818.247,1748784268
384,8156975,157,10829,227,8146146,3416378.774,2569980634
639,13936075,267,18683,372,13917392,2020549.435,1505153270
683,15456665,266,18313,417,15438352,2266927.073,1911080550
850,17561645,367,26273,483,17535372,3302340.4,2204078993
910,20748263,361,24701,549,20723562,3673261.59,3081780669
1852,46864749,749,52249,1103,46812500,4246630.877,3804769621
1912,50507631,740,50473,1172,50457158,4308253.061,4306900826
146,555897,74,5490,72,550407,1362783.608,136627620.7
161,613017,72,5052,89,607965,1520865.96,183023213.3
182,3257377,82,6809,100,3250568,1758720.992,839600848.6
190,3899663,77,5389,113,3894274,3046535.777,2201529981
674,13753017,257,17829,417,13735188,4648306.283,3580983828
725,14876277,255,17613,470,14858664,4860513.769,4100422470
793,13360742,359,24950,434,13335792,3165374.382,1691894764
887,16607551,361,24917,526,16582634,3285859.345,2186788253
2232,45100791,892,61359,1340,45039432,4582724.416,3363863569
2297,47394849,889,60853,1408,47333996,5033334.79,3915137279
47,427845,23,1918,24,425927,1433771.734,318395252.1
50,643591,22,1640,28,641951,0,0
326,3953673,148,11457,178,3942216,4590377.566,1579493749
358,4742921,140,9833,218,4733088,4441007.691,2137667061
570,13680045,212,15733,358,13664312,4280998.593,3718102106
622,17396839,205,14093,417,17382746,3966852.03,4892839087
417,10302744,176,13140,241,10289604,2420919.452,1895761224
455,12851402,171,11628,284,12839774,2257187.141,2492412518
2438,45429127,1045,71755,1393,45357372,4747938.744,3001240664
2547,49747079,1050,71793,1497,49675286,4805049.207,3324727948
22,16314,12,1154,10,15160,364293.133,4785687.952
27,27823,11,784,16,27039,313651.3447,10817370.8
200,3278333,89,7361,111,3270972,2628056.151,1167816612
220,4704207,84,5865,136,4698342,3581965.673,2869445825
477,12443009,181,13625,296,12429384,3665022.092,3343410418
507,14684859,175,12053,332,14672806,3472941.32,4227810025
951,17098645,388,27809,563,17070836,3212726.32,1972164555
1054,22330005,382,26237,672,22303768,3558579.911,3025107319
1417,35417558,537,37022,880,35380536,2923898.583,2794260145
1506,39627918,533,36448,973,39591470,3402318.464,3695752563
110,1040346,48,3482,62,1036864,1778368.638,529559569
111,1040414,48,3272,63,1037142,0,0
395,4934639,192,13595,203,4921044,4583851.524,1659237590
446,5709277,188,13021,258,5696256,5112377.787,2236495864
607,12343049,249,18417,358,12324632,3422402.137,2290266976
664,14623985,244,16901,420,14607084,3287238.458,2841072616
672,14226039,309,21771,363,14204268,3958572.001,2582730127
714,16405111,309,21157,405,16383954,3864290.826,2992501921
1726,37628479,709,48811,1017,37579668,3186926.803,2453620110
1837,42938287,704,48169,1133,42890118,3293985.702,2932994986
161,848037,74,5346,87,842691,1672457.255,263629756.3
184,929613,73,5068,111,924545,1953351.119,356345897.9
407,5725613,163,12533,244,5713080,4085655.991,1862417580
430,6123615,157,10961,273,6112654,5702145.978,3179932982
612,10407747,263,18447,349,10389300,3645342.392,2053046875
679,13011145,258,17805,421,12993340,3676080.243,2682648721
605,10623563,248,18775,357,10604788,2923646.898,1651379789
679,14923163,239,16629,440,14906534,2809303.925,2518310450
2075,41336047,846,58187,1229,41277860,3668963.284,2602762692
2179,44633325,845,57817,1334,44575508,4846967.32,3736894522
55,149198,24,2010,31,147188,478752.5281,35058023.44
62,174196,22,1728,40,172468,757030.5019,75557602.2
487,6975583,194,13875,293,6961708,3867503.915,1940499672
521,7484215,192,13437,329,7470778,4828222.952,2684422253
826,13393787,336,23579,490,13370208,5110708.537,2897970065
895,15357509,336,23277,559,15334232,6493492.228,4277729790
714,17613703,305,21291,409,17592412,3121846.992,2579532126
788,22472147,302,20785,486,22451362,3313558,3579210496
2259,44154071,971,66687,1288,44087384,4058369.019,2683024778
2367,48909395,966,66045,1401,48843350,4744087.348,3508473295
46,284206,18,1606,28,282600,2112634.601,371750023.8
40,343066,15,1100,25,341966,0,0
216,2119942,108,7742,108,2112200,2532186.583,690840157.6
248,2685686,107,7380,141,2678306,2749185.954,997718324.7
266,4994469,118,9341,148,4985128,2557883.723,1365097716
293,6886323,113,7837,180,6878486,2280177.999,2001298002
759,16498333,322,23369,437,16474964,3692607.309,2603259553
841,20208665,318,21933,523,20186732,3645631.579,3355372619
1309,30606999,545,37743,764,30569256,2596682.062,2103135381
1424,35443953,541,37169,883,35406784,3493228.739,3327611596
102,424481,48,4226,54,420255,1738125.627,172848079.9
106,533120,44,3192,62,529928,1445463.553,239972308.9
201,3821385,89,7369,112,3814016,2883978.85,1492677633
214,5005343,82,5721,132,4999622,3107519.228,2715682835
523,8981321,228,17013,295,8964308,4339841.086,2286702649
564,10268705,222,15441,342,10253264,4150125.92,2755801871
650,12460621,265,18305,385,12442316,2794945.051,1899786371
717,15684263,265,18297,452,15665966,2886719.112,2471620673
2078,43566983,861,59243,1217,43507740,5135507.935,3771489358
2176,47226425,860,58873,1316,47167552,5574856.076,4466433066
117,383145,56,4406,61,378739,1376729.529,118343432.9
120,427223,52,3740,68,423483,1749445.799,198091057.6
141,1870929,71,6145,70,1864784,2358133.63,715607789
153,2649131,65,4573,88,2644558,2530234.308,1463230129
526,10835834,213,15502,313,10820332,3740926.595,2611151319
590,13850977,209,14405,381,13836572,3832492.54,3681260601
1140,22973623,446,31007,694,22942616,4003908.741,2962561381
1241,26535823,443,30513,798,26505310,4955010.219,4304200895
2263,47242965,940,64561,1323,47178404,5386419.221,3936163661
2335,50656509,933,63673,1402,50592836,5613456.135,4460299744
124,493246,59,4378,65,488868,2129729.495,237815577.6
135,570960,57,3888,78,567072,2322960.52,338808093.6
163,2430129,66,5805,97,2424324,3131620.935,1307849060
175,3346211,62,4369,113,3341842,3260991.97,2494328205
744,13251190,304,21174,440,13230016,3986263.637,2490711802
779,14276959,304,21017,475,14255942,4312272.482,2925037179
1414,36200741,564,38789,850,36161952,4204615.251,3919850856
1506,40152229,560,38425,946,40113804,4405213.239,4598825255
832,19194143,368,25535,464,19168608,2274046.39,1707080628
950,25985803,365,25029,585,25960774,2525523.896,2619543533
117,472721,55,4138,62,468583,1458943.246,165209280.6
129,525826,53,3700,76,522126,1590978.208,224511104.8
599,6468044,225,16052,374,6451992,2692757.607,1082335568
630,7098026,221,15192,409,7082834,3031287.236,1413250678
526,9071171,239,16887,287,9054284,2477613.839,1328419455
581,10792793,236,16381,345,10776412,4666752.798,3070072087
1283,23551483,510,35943,773,23515540,5022376.986,3285866703
1348,25884903,506,34709,842,25850194,5711849.698,4254009703
1313,32295451,549,37851,764,32257600,3483299.407,2968557738
1440,38168625,544,37209,896,38131416,3498460.738,3585188040
166,1061592,65,5758,101,1055834,3647562.941,668846990.3
164,1060882,59,4188,105,1056694,5014392.582,1265205004
454,6395759,174,12455,280,6383304,3623709.417,1857184971
493,7213979,173,12085,320,7201894,6219481.567,3706416796
845,14911209,380,27157,465,14884052,6225781.912,3412190658
865,16168739,373,25517,492,16143222,6145515.127,3887934122
1247,23170697,525,36057,722,23134640,4357139.658,2795597455
1326,26476895,523,35913,803,26440982,5673810.743,4177348808
1974,41719099,787,54103,1187,41664996,4443121.71,3421670671
2095,46934365,782,53461,1313,46880904,4859209.68,4261127598
97,382330,46,3558,51,378772,1262585.826,134410387.4
110,498856,44,3120,66,495736,1559152.114,247733279.5
595,8827313,220,16493,375,8810820,7542138.291,4029128897
611,9076661,214,14921,397,9061740,7561951.615,4592483039
499,8046041,231,17169,268,8028872,2940990.563,1375318119
539,9607607,227,15733,312,9591874,3265897.86,1991106640
757,23942318,247,17766,510,23924552,3208275.277,4320418141
821,28410786,241,16396,580,28394390,3050352.632,5282562959
2002,46229013,831,57769,1171,46171244,4960150.89,3964346570
2065,50059122,827,56280,1238,50002842,5326504.089,4732415465
95,729621,50,4714,45,724907,2275458.517,349914257
93,858945,44,3144,49,855801,2522876.103,686730245.4
647,6594123,261,18995,386,6575128,7112100.91,2461857006
663,6806911,257,17761,406,6789150,6989009.359,2671551877
961,18219017,380,27277,581,18191740,5661979.59,3776121296
1038,19550581,376,25925,662,19524656,6319299.39,4759195632
767,21357553,292,20669,475,21336884,2796736.448,2887108287
850,26474726,289,19652,561,26455074,3027531.985,4075594479
2101,51177724,810,55392,1291,51122332,5259831.543,4854398729
2189,54582424,808,55172,1381,54527252,5360463.27,5297820118
34,208557,19,2514,15,206043,2356028.302,193095918.7
33,233785,14,1104,19,232681,1393091.358,293610407.9
551,5014515,200,14175,351,5000340,4766920.698,1681567848
594,5870959,201,13965,393,5856994,5368415.438,2251541497
482,9102523,196,13843,286,9088680,3671635.673,2410627877
523,10388793,194,13405,329,10375388,3758500.699,2909056550
1102,22657735,471,32787,631,22624948,4186602.546,2889000668
1208,26861435,468,32281,740,26829154,5097222.601,4236367217
1526,27914975,622,43015,904,27871960,3545615.176,2297413562
1660,33644523,622,42705,1038,33601818,4284010.591,3370812415
157,618269,73,5478,84,612791,1390325.027,155527320.8
173,689303,70,4984,103,684319,1337192.967,183600833.4
339,5561406,152,12202,187,5549204,3139187.945,1427634347
350,6267469,146,10081,204,6257388,3174822.502,1970647379
328,6360325,148,11445,180,6348880,2599727.267,1442145605
346,7462693,143,9949,203,7452744,2762100.108,2069074782
1466,25187143,627,43259,839,25143884,5511591.707,3203560474
1584,28752971,621,42549,963,28710422,7124158.18,4807106812
1756,34444239,730,50311,1026,34393928,4728826.661,3232750764
1843,37709445,724,49601,1119,37659844,4837138.076,3672624853
510,7852901,218,15661,292,7837240,7645.556923,3826068.868
575,10133693,214,14656,361,10119037,7161.075411,4944267.675
471,8054161,198,14781,273,8039380,2574137.11,1400072147
476,8508911,193,13277,283,8495634,2923284.613,1870539742
697,9933075,259,18235,438,9914840,3549493.808,1929951367
740,11398547,259,17933,481,11380614,3603119.492,2286606376
1393,29401175,593,41007,800,29360168,4547344.118,3255804796
1465,32062545,594,40773,871,32021772,5586738.481,4387640494
1646,31506547,724,49795,922,31456752,4033342.324,2547963635
1723,34543973,721,49289,1002,34494684,4333268.375,3032618298
180,818137,79,5814,101,812323,1300296.869,181675447.8
207,875021,78,5444,129,869577,1967728.743,314307798.8
188,3279743,82,6599,106,3273144,1635308.792,811123073.5
198,4212049,78,5449,120,4206600,3893626.607,3005859733
445,12130537,180,13557,265,12116980,3494414.852,3123239276
469,13860361,170,11713,299,13848648,3310720.932,3914369403
980,24781445,383,27361,597,24754084,4395534.398,3976734320
1048,28684367,380,25993,668,28658374,4413931.155,4866544449
1722,44046483,684,49683,1038,43996800,4800530.171,4251111363
1764,48000477,659,45021,1105,47955456,4428794.483,4717462050
451,985873,157,11226,294,974647,1823114.715,158283742
467,1016435,155,10788,312,1005647,3705674.056,345439376.8
236,3366193,97,7813,139,3358380,4510833.571,1938959842
268,5712615,93,6477,175,5706138,3772877.933,3323847791
421,7392109,188,14233,233,7377876,3240042.306,1679521561
471,9690199,180,12525,291,9677674,3253547.706,2513914095
1377,34738312,510,35684,867,34702628,5086845.514,4946948424
1465,40032097,509,34765,956,39997332,5537798.551,6371269012
1777,41655607,705,48751,1072,41606856,4113645.501,3510817337
1882,45382161,706,48517,1176,45333644,4599420.956,4297638193
185,1079137,87,6322,98,1072815,1007769.264,171013917
207,1129317,85,5884,122,1123433,1419292.684,270985764.4
219,3843241,93,7641,126,3835600,1757329.645,882137624.4
239,5423363,86,6001,153,5417362,3490467.377,3150995723
538,10585576,230,16528,308,10569048,3124454.811,1997973915
575,12440840,227,15564,348,12425276,3182036.419,2540329012
1186,21295037,523,37169,663,21257868,5474689.485,3131109968
1312,25914949,514,35393,798,25879556,5687309.154,4158591692
1648,30421223,699,48227,949,30372996,4680501.962,2947744363
1803,37160029,692,47449,1111,37112580,4824584.404,3773583735
78,635737,42,4170,36,631567,1959089.559,296713744.7
77,765129,37,2668,40,762461,4095370.087,1170374802
464,8239023,200,14303,264,8224720,4229515.456,2432117763
484,8422623,198,13865,286,8408758,4424673.916,2683448409
795,15013453,361,26045,434,14987408,5194211.431,2988971624
867,16656857,354,24405,513,16632452,5236538.724,3568796516
643,13711678,273,18950,370,13692728,2529901.61,1828034544
718,17199005,271,18741,447,17180264,2559104.531,2345984282
2252,50412991,902,62063,1350,50350928,5296956.06,4297353547
2323,52971955,902,61761,1421,52910194,5870291.006,5029035086
145,572813,65,4862,80,567951,1731830.407,202302511.6
159,671916,62,4348,97,667568,1816719.228,278929075.8
748,6278511,256,18031,492,6260480,3370543.087,1170274393
774,6605755,252,17457,522,6588298,3982629.466,1503050338
454,10918589,186,13013,268,10905576,3432804.106,2876869751
473,12237218,181,12352,292,12224866,3361425.836,3326828077
954,17149453,442,31373,512,17118080,2822913.15,1540268803
1012,20340974,435,29588,577,20311386,2709807.539,1860211806
1877,36672583,754,51995,1123,36620588,4328010.146,3048259956
1996,41614023,753,51625,1243,41562398,4792116.201,3858050185
186,1080721,76,5642,110,1075079,1905192.688,363033082.3
211,1137469,74,5204,137,1132265,2106686.742,458364270.5
230,2653853,102,8253,128,2645600,1489251.815,477397867.6
240,3464855,96,6681,144,3458174,1495594.77,774139642
329,5524416,136,9348,193,5515068,2434193.545,1436108571
366,7517406,134,9120,232,7508286,2860533.355,2355011244
576,10037051,274,19267,302,10017784,2641721.614,1373550450
640,12945319,269,18625,371,12926694,3133629.311,2174897568
2823,48993197,1131,77405,1692,48915792,6754329.333,4268372441
2930,53501607,1130,77245,1800,53424362,7046841.701,4873752631
187,1079305,91,6626,96,1072679,1263330.986,204519864
208,1126117,89,6188,119,1119929,1691229.592,306085498.7
199,2169585,81,5753,118,2163832,967655.2446,363956784.8
211,2473337,78,5437,133,2467900,1456758.104,661234747.8
392,6547311,158,11367,234,6535944,2489794.447,1431614065
447,8813533,157,10997,290,8802536,3024071.161,2420614282
619,15099763,252,17583,367,15082180,2097648.064,1799300784
700,19929004,246,16736,454,19912268,2821276.234,3356716568
2824,57253143,1175,80595,1649,57172548,6314900.326,4479669235
2888,59978735,1170,79953,1718,59898782,7102660.452,5321135042
15,7226,9,1018,6,6208,242836.8714,1480875.538
28,34874,7,580,21,34294,201722.1332,11927342.82
128,2488478,53,3914,75,2484564,1724669.929,1094801435
131,2815024,49,3340,82,2811684,2305006.739,1940404361
1317,21989443,522,36119,795,21953324,8373847.948,5089670177
1366,23070989,521,35749,845,23035240,8878412.207,5720897256
1007,19410966,457,32534,550,19378432,4568298.335,2721044404
1074,22466479,449,30853,625,22435626,4450143.327,3236046781
2299,58730833,890,61829,1409,58669004,5928907.599,5625889205
2343,61208777,883,60189,1460,61148588,6207710.462,6306679451
162,644993,76,5682,86,639311,2094399.568,235651651.3
178,748415,74,5244,104,743171,2398539.471,339917043.6
513,8641170,190,13108,323,8628062,2662982.279,1752851404
478,8358829,189,13177,289,8345652,3706912.8,2347772955
846,13296894,368,25454,478,13271440,5425424.591,2828757638
875,14354468,364,24872,511,14329596,6491787.697,3740137304
1283,21156075,571,39499,712,21116576,5901197.594,3154841578
1500,31156117,568,38993,932,31117124,6974157.316,5565504526
1750,47519232,686,46880,1064,47472352,4258661.256,4312471548
1844,51919165,683,46729,1161,51872436,4366991.227,4847663613
60,560358,22,1798,38,558560,1919704.72,596368336.1
63,602450,21,1572,42,600878,1887240.105,721374720
416,5210055,167,11835,249,5198220,2357136.621,1035311764
458,6111997,165,11489,293,6100508,2939428.338,1560797815
1085,19813509,424,30329,661,19783180,7624204.808,4973161531
1125,21054441,417,28689,708,21025752,7706717.868,5648141749
1230,24157067,492,34091,738,24122976,4623763.63,3271800155
1430,34476671,493,33857,937,34442814,5155409.258,5244611223
1869,39050219,760,52375,1109,38997844,4386706.454,3266292963
1961,42362873,759,52017,1202,42310856,5005893.837,4071816008
30,202289,16,2394,14,199895,811450.5021,67754761.12
31,288469,10,832,21,287637,1027186.491,355116394.9
410,5137609,162,12489,248,5125120,3251827.925,1334454987
432,5829215,157,10997,275,5818218,3023965.968,1599899357
579,8322299,242,17135,337,8305164,3066160.442,1486137457
636,9731351,239,16629,397,9714722,4122877.57,2408600002
836,16935717,360,25925,476,16909792,4176545.351,2724185657
909,20491653,357,24569,552,20467084,4346158.073,3620545499
1210,35281357,482,34085,728,35247272,3233957.838,3344233286
1296,41129599,475,32445,821,41097154,3165556.752,4009720245
92,368720,45,3454,47,365266,417166.3972,44116010.79
112,461920,42,2960,70,458960,620477.7249,96207586.69
386,4782439,156,11207,230,4771232,1859402.107,791615850.2
411,5215047,151,10557,260,5204490,3059469.581,1508286335
1418,21289191,517,35907,901,21253284,8200132.61,4853642665
1461,22053293,513,35333,948,22017960,8582428.787,5348189334
678,14440275,299,21559,379,14418716,3843765.182,2570720281
761,18318159,291,20053,470,18298106,4171715.186,3806636747
1689,44743819,648,44519,1041,44699300,4102240.316,4118854210
1772,49297133,649,44285,1123,49252848,4231518.326,4706205914
106,1033233,49,4646,57,1028587,2476985.52,548384654.6
102,1032101,43,3076,59,1029025,3754311.096,1255942775
295,4212427,121,8659,174,4203768,3035277.698,1473565453
332,4646517,119,8221,213,4638296,3033297.273,1711389199
294,6481941,125,9817,169,6472124,2908209.292,1917315999
335,9342659,116,8041,219,9334618,2472644.012,2870437421
1312,18581615,519,36035,793,18545580,3407851.336,1753866507
1379,21347953,516,35529,863,21312424,5503125.886,3301104794
1873,41010967,811,55719,1062,40955248,4948564.579,3637353319
1982,45736927,811,55517,1171,45681410,4936396.009,4061846461
111,531325,54,4842,57,526483,1973504.419,214584165.1
111,585289,47,3204,64,582085,1921565.32,349099360
268,3401862,136,9654,132,3392208,4116934.545,1446602268
311,4080838,132,9080,179,4071758,4541937.42,2036747800
350,4987031,155,11219,195,4975812,1966211.318,872047229.9
388,5934355,152,10701,236,5923654,2071601.205,1146757197
1282,29126731,497,34503,785,29092228,4788812.059,4037828950
1383,33062639,492,33861,891,33028778,5613474.461,5475508750
1966,41702787,815,56119,1151,41646668,3553404.423,2637029424
2077,46391923,813,55681,1264,46336242,3953585.435,3290068273
113,559579,54,4000,59,555579,803074.6718,111542855.8
113,625127,52,3764,61,621363,0,0
133,1784523,63,4731,70,1779792,2129856.174,801247300.7
148,2409695,62,4361,86,2405334,2823823.232,1557495536
654,10873192,308,22168,346,10851024,5286601.159,2587740710
738,13529787,303,21069,435,13508718,5548631.325,3557591526
1105,20297843,467,32355,638,20265488,3834076.333,2401465860
1270,28234935,467,32053,803,28202882,4596648.092,4044511394
1632,44856797,657,45993,975,44810804,3848270.757,3749355481
1713,49504547,651,44421,1062,49460126,3802579.515,4233944800
192,1079669,79,5834,113,1073835,1731243.062,318661191.8
217,1133235,77,5396,140,1127839,2092440.723,437349194.4
277,3610845,120,9657,157,3601188,2067124.114,770850424.8
299,4339947,113,8017,186,4331930,2155838.165,1164892107
363,5843654,178,13074,185,5830580,2912605.137,1298927433
385,7323301,172,11849,213,7311452,2788870.702,1720878916
1261,19654447,587,40623,674,19613824,5073864.507,2449791631
1425,26316591,585,40185,840,26276406,7088693.54,4635196951
3281,56105946,1289,89266,1992,56016680,6370036.665,3997359638
3371,59847385,1285,87773,2086,59759612,6385534.222,4347544775
498,1106397,231,16298,267,1090099,5455602.702,364900420.3
519,1153327,229,15860,290,1137467,6668831.093,478283436.1
149,1406569,77,6601,72,1399968,1590055.325,337225658.8
173,1660909,72,5097,101,1655812,1511499.271,491025825.2
218,4688836,93,6448,125,4682388,1727132.313,1254203415
193,3461616,92,6372,101,3455244,1800130.115,976128182.7
794,19544109,334,22957,460,19521152,3461032.562,2943038843
860,23250217,333,22789,527,23227428,4345819.093,4429426481
2493,50877183,1022,70251,1471,50806932,5262686.438,3806080369
2595,55293185,1018,69677,1577,55223508,5341338.582,4233354679
149,624625,74,6334,75,618291,1875807.839,183106268.5
160,679097,68,4764,92,674333,2400667.742,339808875.1
331,6679329,139,10769,192,6668560,4198537.53,2599888516
338,7420391,133,9197,205,7411194,4694504.974,3782960432
454,5720679,204,14327,250,5706352,2999715.643,1194767457
495,7575601,200,13753,295,7561848,2992031.511,1645116520
1509,28238567,621,42935,888,28195632,3857387.83,2533166129
1571,30719353,613,42089,958,30677264,5693815.379,4150031541
1376,40110224,478,33008,898,40077216,3133830.342,3804992593
1455,44756413,477,32589,978,44723824,3159245.969,4335621244
116,457984,57,4270,59,453714,881600.3731,93675510.93
130,524498,55,3832,75,520666,842338.5005,114451205
274,3441695,126,9191,148,3432504,2594742.985,969042070.9
310,4001813,122,8629,188,3993184,4078459.175,1887360983
714,11526348,304,21524,410,11504824,5156792.647,2756364607
763,12969928,294,20088,469,12949840,4992387.032,3218369837
734,20580965,280,20357,454,20560608,3071665.377,3102387765
804,24924327,276,18921,528,24905406,3086503.896,4062715113
2321,50836523,919,62971,1402,50773552,5229806.133,4216795567
2394,54615505,913,62261,1481,54553244,5328331.777,4668697636
145,531355,71,5108,74,526247,1246077.953,128376034.5
166,586701,70,4948,96,581753,1897379.221,223081255.8
235,5552061,90,6449,145,5545612,1835845.285,1578676639
251,6452965,89,6197,162,6446768,2702793.173,2811728343
529,9543102,236,16442,293,9526660,3657220.848,2119030505
587,12009476,234,16016,353,11993460,4030199.825,3017984540
694,13768455,311,22155,383,13746300,3522443.894,2185536922
784,17025603,312,21525,472,17004078,3488107.609,2755496114
1435,27865671,591,40823,844,27824848,3439649.84,2344456164
1546,33138617,586,40181,960,33098436,3773316.338,3108207096
98,426133,44,3494,54,422639,914172.3566,110579533.7
115,493789,42,3056,73,490733,1269732.583,203893874.3
593,10058739,245,17259,348,10041480,3151224.4,1833417741
618,10203997,243,16821,375,10187176,4164326.384,2522009737
570,11068273,249,18405,321,11049868,3994570.488,2398232904
621,12778327,243,16833,378,12761494,5036773.79,3818496911
778,15861787,329,23007,449,15838780,2645588.546,1821310686
861,19533373,326,22593,535,19510780,3246786.549,2803848009
1328,29779283,543,37535,785,29741748,2913859.48,2308865709
1438,34785815,543,37233,895,34748582,3147808.052,2937766665
79,341778,39,3058,40,338720,601345.0671,66608110.25
97,392664,37,2620,60,390044,724517.0485,107860125.1
324,4488633,156,12105,168,4476528,2819031.455,1042500887
362,5165917,149,10465,213,5155452,4939061.701,2433167274
399,9192407,148,10603,251,9181804,2372970.184,2054904002
441,10482169,148,10301,293,10471868,2688389.529,2732983233
481,10621912,219,16064,262,10605848,2340504.887,1545258907
543,14296471,214,14697,329,14281774,2259394.196,2195560814
1990,39594720,833,57412,1157,39537308,3466881.494,2387500199
2064,43136743,823,56117,1241,43080626,3782890.582,2904098479
156,983117,66,4966,90,978151,1167242.409,229911262.5
177,1019187,64,4528,113,1014659,1219812.429,273342239.2
256,4723547,113,8791,143,4714756,2037163.991,1092564117
263,5309587,107,7421,156,5302166,4146873.995,2962864076
587,9500875,246,17351,341,9483524,4078424.524,2229141655
651,10991677,243,16845,408,10974832,4250053.52,2768989218
786,15699859,338,23467,448,15676392,3784862.265,2528358313
897,20973087,334,22977,563,20950110,4091691.591,3730747657
1143,33577175,435,30439,708,33546736,2332318.692,2570441849
1256,40763190,427,29044,829,40734146,2641252.388,3704350654
32,169743,18,2336,14,167407,685507.4848,49126177.87
31,172089,13,1036,18,171053,550377.0295,90872241.34
378,7076645,165,12537,213,7064108,3661544.972,2063137045
390,7672093,156,10753,234,7661340,5348930.276,3811027014
1286,15362195,607,42015,679,15320180,10377928.32,3784165891
1390,17370213,605,41577,785,17328636,10636464.57,4433110201
825,21627931,330,22629,495,21605302,3358053.015,3206140330
765,18006700,332,23272,433,17983428,3552400.377,2745115864
974,21893099,406,28219,568,21864880,2262533.911,1753075320
1103,27018097,409,28133,694,26989964,2500993.918,2399379228
89,541397,48,4578,41,536819,1207128.585,141548615.1
85,534801,41,2796,44,532005,788476.1781,150026205
238,2326565,118,9357,120,2317208,1740509.063,431027201.5
259,2681133,112,7793,147,2673340,2095487.955,718844061.3
990,11732097,394,28281,596,11703816,5376233.705,2224901880
1032,13553029,389,26785,643,13526244,6401754.872,3232842950
1525,33461871,623,42927,902,33418944,4176979.854,3251805526
1591,36544876,619,42220,972,36502656,5066310.301,4380241168
1713,35351377,751,52385,962,35298992,3407691.917,2296231550
1809,39977043,751,51221,1058,39925822,3386341.093,2639590240
186,911109,93,7730,93,903379,3312967.122,387175281.4
192,995453,88,6216,104,989237,2904091.74,462167792.8
479,6890061,183,13941,296,6876120,2656720.813,1310374515
504,7386625,175,12233,329,7374392,2625314.688,1582612575
518,8075983,235,16531,283,8059452,1900133.316,926382750.8
575,10325505,233,16081,342,10309424,1964314.395,1259309121
709,11826375,327,22991,382,11803384,2401231.019,1232771597
797,14995715,324,22485,473,14973230,3661003.007,2437938184
1659,41704339,676,46423,983,41657916,3838175.706,3444206561
1727,45508077,675,46053,1052,45462024,4251430.876,4196874308
180,1078717,85,6106,95,1072611,1063628.468,186842383.7
203,1129057,84,5828,119,1123229,1490508.399,287265315.4
262,4711000,122,9384,140,4701616,1651762.44,827573818.8
266,5135959,117,8109,149,5127850,2545060.242,1609407715
526,9142601,237,16565,289,9126036,3217842.758,1772782907
586,11537755,238,16541,348,11521214,3958118.744,2756927216
672,12981879,286,20023,386,12961856,2937607.925,1901655641
756,16582193,282,19365,474,16562828,3217245.633,2751700803
1869,46126809,774,53949,1095,46072860,4178822.164,3568746196
1939,50445003,768,52377,1171,50392626,4249802.838,4088793268
79,306433,37,3018,42,303415,633379.6091,63676896.65
95,352019,36,2636,59,349383,830981.8467,110140717.2
244,4664443,105,8247,139,4656196,1904176.535,1075084172
253,5650631,98,6817,155,5643814,2060546.734,1705932596
530,7959215,235,16659,295,7942556,2381199.714,1135290959
588,9845537,235,16369,353,9829168,3347442.308,2010053932
483,34381,482,34305,1,76,4705548.389,10424.76833
474,32899,472,32461,2,438,5105393.099,68887.65526
796,31892544,0,0,796,31892544,0,5398413701
687,27688172,0,0,687,27688172,0,4844512973
1362,27896645,606,42725,756,27853920,3455153.647,2252535361
1469,33212961,598,41017,871,33171944,3826176.325,3094368355
107,534628,50,4714,57,529914,880582.5911,98988766.06
120,631878,44,3144,76,628734,708777.4558,141740612.2
291,3909585,126,10021,165,3899564,2841383.643,1105693779
312,4936602,116,8040,196,4928562,2412422.536,1478827617
668,10375907,284,19955,384,10355952,4623063.242,2399209272
746,12358849,281,19449,465,12339400,4974080.225,3155800582
973,22527415,402,27699,571,22499716,3385389.239,2749929471
1028,25726691,401,27421,627,25699270,4184704.551,3921952231
1558,32212427,676,46699,882,32165728,3052905.459,2102805769
1660,37138648,668,45708,992,37092940,3040196.098,2467178862
68,487424,34,3416,34,484008,896581.0727,127035249.4
63,525070,27,1980,36,523090,0,0
310,2677533,140,11005,170,2666528,3636981.192,881245995.7
339,3136351,133,9353,206,3126998,4139533.206,1383974346
226,5540249,98,7889,128,5532360,1838822.082,1289520311
255,7581619,93,6477,162,7575142,1745782.34,2041770747
1375,22986811,554,38343,821,22948468,3766071.865,2254011936
1494,28926433,553,37973,941,28888460,6036196.874,4592116292
1530,31653647,615,42491,915,31611156,3509132.516,2610617199
1646,36982239,615,42189,1031,36940050,3973564.433,3479192890
48,342061,23,2634,25,339427,0,0
23,2018,21,1580,2,438,0,0
25,294539,0,0,25,294539,0,0
477,7305555,186,13319,291,7292236,3750139.066,2053224649
517,7996855,184,12881,333,7983974,4000957.608,2479896089
441,8699457,163,12401,278,8687056,3448197.838,2415505824
493,12336147,158,10897,335,12325250,3163756.48,3578424296
1111,23363819,454,31543,657,23332276,2984830.961,2207871788
1201,27275101,451,31129,750,27243972,4707093.565,4119628812
925,22761613,408,29313,517,22732300,2797131.363,2169181909
1020,28155915,397,27149,623,28128766,2668642.223,2764949450
32,147715,18,2108,14,145607,895556.5653,61859252.75
27,211945,11,748,16,211197,372884.8645,105283642.7
342,5278215,145,10875,197,5267340,4665925.875,2259955678
142,10259,140,9821,2,438,4679918.095,208716.4368
227,6083316,0,0,227,6083316,0,3500302154
737,8981735,297,20879,440,8960856,4960066.494,2128762948
791,10566367,292,20237,499,10546130,5028310.804,2620409123
673,11612243,300,21023,373,11591220,3190529.94,1759127358
788,16347125,299,20665,489,16326460,3396328.53,2683281969
560,39405,559,39329,1,76,3512865.213,6788.317939
556,38271,553,37757,3,514,3606989.168,49103.27708
957,44283508,0,0,957,44283508,0,4425340517
863,38378796,0,0,863,38378796,0,3838337370
107,320895,53,4504,54,316391,2196975.245,154330194.2
123,369800,50,3576,73,366224,1900090.621,194591383.5
312,5794026,138,10186,174,5783840,3614010.322,2052116381
331,6630426,134,9120,197,6621306,3449472.346,2504387274
768,12272028,320,22924,448,12249104,4822118.64,2576628543
318,21995,316,21641,2,354,5911380.442,96697.41123
480,13809616,0,0,480,13809616,0,4219541903
530,13259261,230,17021,300,13242240,2674922.976,2081074674
232,16315,229,15801,3,514,2539578.147,82611.42759
368,17374190,0,0,368,17374190,0,2979266575
2934,53091761,1247,86317,1687,53005444,7083462.399,4349804436
3019,56311665,1239,84609,1780,56227056,7138096.884,4743634521
177,1050741,85,6222,92,1044519,1638160.935,275006464.5
86,6298,83,5784,3,514,2504678.952,222580.3909
112,1114513,0,0,112,1114513,0,527711515.4
142,2193021,66,5805,76,2187216,2774486.908,1045375049
152,2985799,61,4301,91,2981498,3273553.809,2269261598
372,7446817,162,12473,210,7434344,3179537.169,1895115295
410,8963129,157,10969,253,8952160,3095291.828,2526168994
865,16642830,396,27482,469,16615348,2751450.495,1663500017
961,21055364,395,27112,566,21028252,3110015.255,2412149030
1772,33995095,695,47883,1077,33947212,3899230.387,2764404916
1885,39499247,692,47377,1193,39451870,3999870.996,3330780559
180,1074549,80,5942,100,1068607,925109.3469,166371310
198,1117891,78,5504,120,1112387,1144835.675,231377238.7
332,5922970,150,11170,182,5911800,2022080.229,1070199991
352,6963930,146,9928,206,6954002,4980807.111,3488773430
935,16196971,382,26727,553,16170244,3896978.666,2357731728
976,17106697,380,26289,596,17080408,5213236.99,3387128258
751,13360674,337,23346,414,13337328,2499632.954,1428014417
828,17740302,336,22976,492,17717326,2772613.336,2138026390
1387,34534267,551,37923,836,34496344,2998375.988,2727447974
1486,40224941,550,37553,936,40187388,3379630.839,3616715997
114,597121,54,4634,60,592487,2454461.178,313818804.5
124,700521,49,3316,75,697205,1766503.268,371415835.6
416,6213393,187,14317,229,6199076,5513383.805,2387223945
438,6849311,179,12609,259,6836702,5541424.084,3004605053
807,15797967,327,22895,480,15775072,4561192.989,3142745045
861,17574711,323,22321,538,17552390,5083911.53,3997795704
671,14410569,305,20985,366,14389584,2872124.556,1969439007
736,17639100,304,20680,432,17618420,2956265.779,2518604068
2436,49625119,936,64295,1500,49560824,4144211.035,3194502119
2516,53118485,932,63721,1584,53054764,6098849.729,5077965397
36,379819,17,1712,19,378107,529545.8638,116953853.9
36,444667,14,1104,22,443563,541633.4406,217616443.7
281,3996405,116,9185,165,3987220,2491359.749,1081502386
307,4853668,113,7836,194,4845832,2308751.29,1427746412
552,10600935,226,15991,326,10584944,2729552.139,1806776095
609,13206173,226,15689,383,13190484,2789479.011,2345246878
839,19625046,368,25994,471,19599052,3184995.21,2401434436
910,23679943,364,24905,546,23655038,3633861.895,3451481277
1758,39148883,648,44707,1110,39104176,3504046.869,3064908526
1888,44406527,646,44269,1242,44362258,3954300.403,3962630615
57,210992,27,2194,30,208798,275547.2896,26223210.1
72,256084,25,1756,47,254328,230080.888,33323469.29
466,5741711,207,14779,259,5726932,1769851.018,685825592.3
512,6577521,205,14341,307,6563180,5144831.805,2354539935
231,4503913,100,8117,131,4495796,1669070.14,924454707.5
267,6907947,94,6545,173,6901402,1541860.345,1625820943
1080,22034636,461,31544,619,22003092,4038246.718,2816824564
1140,24582434,459,31316,681,24551118,4121016.635,3230794664
2167,42157315,922,63343,1245,42093972,4196185.848,2788534323
2260,46722409,919,62837,1341,46659572,4341008.846,3223413193
72,376813,32,2878,40,373935,1511447.257,196380483
80,426652,29,2052,51,424600,1164360.524,240929570.5
201,4292449,87,7233,114,4285216,2510742.379,1487498053
220,5322187,85,5933,135,5316254,2537164.646,2273421827
437,10195393,179,13489,258,10181904,2664198.529,2011017396
479,13130235,172,11849,307,13118386,3638724.61,4028541985
1013,18009502,463,31894,550,17977608,3392805.564,1912413885
1082,21965796,459,31404,623,21934392,3919264.878,2737444026
2141,43222683,820,56383,1321,43166300,4514483.315,3456246406
2261,47200875,822,56217,1439,47144658,4667026.529,3913858256
37,253962,18,1982,19,251980,492539.9733,62618679.35
37,383886,15,1172,22,382714,1539062.83,502577552.7
727,9034251,284,19863,443,9014388,5451111.145,2473867537
730,9360541,282,19425,448,9341116,7394140.672,3555702741
496,7951879,223,15715,273,7936164,1714520.71,865842668.4
226,15927,223,15413,3,514,2051278.741,68407.01181
326,10262280,0,0,326,10262280,0,1419022317
1811,35813671,762,52371,1049,35761300,5637925.949,3849832183
1876,38615985,759,51957,1117,38564028,5876602.045,4361788514
2411,62002115,911,62643,1500,61939472,5640711.008,5577361581
2462,63681603,908,62137,1554,63619466,6062973.05,6207623603
55,404501,28,3218,27,401283,1350462.199,168401964.8
51,598305,21,1436,30,596869,660524.1979,274544859
296,5788047,120,8639,176,5779408,3558485.605,2380592681
309,6528185,117,8133,192,6520052,3951843.917,3168108673
1421,21892115,551,38259,870,21853856,5839667.294,3335666069
1464,22864027,550,37889,914,22826138,8136408.808,4901760149
804,16181687,356,24751,448,16156936,2387396.656,1558442688
866,19336232,351,24048,515,19312184,2397369.712,1925251372
1406,30905531,600,41499,806,30864032,3095724.909,2302382049
1551,38196295,596,40925,955,38155370,3702781.548,3452193036
210,1078081,83,6190,127,1071891,1219879.123,211240299.3
227,1119705,81,5752,146,1113953,1189658.954,230393630.1
242,5072035,106,8315,136,5063720,1374610.413,837118729.8
248,5744283,100,6953,148,5737330,2188778.959,1806090491
416,6207799,171,12275,245,6195524,2738306.414,1382097198
484,8659621,168,11769,316,8647852,2793025.541,2052312984
637,12566980,254,18040,383,12548940,2190868.886,1524006774
723,18163066,251,17076,472,18145990,2464764.591,2619207872
1357,29601963,576,39815,781,29562148,3129696.184,2323760939
1477,34986961,571,39173,906,34947788,3215848.808,2868986352
72,388970,34,3626,38,385344,961989.8598,102233044.8
69,408034,29,1980,40,406054,571007.3196,117100912.2
559,9458875,206,14671,353,9444204,4260743.659,2742780472
584,9659299,204,14233,380,9645066,4986028.576,3378808030
310,4774373,151,11609,159,4762764,2889267.078,1185364564
339,6698335,144,9969,195,6688366,3566107.651,2392560253
859,15284755,381,26531,478,15258224,3610575.403,2076475378
955,19215833,376,25877,579,19189956,3989153.732,2958290551
1634,41280987,641,44287,993,41236700,3409541.406,3174706710
1738,46127449,638,43789,1100,46083660,4061668.038,4274510240
139,592495,61,4968,78,587527,1594588.542,188579674.3
144,621593,56,3844,88,617749,2229337.757,358265132.7
712,6913885,271,19913,441,6893972,6967213.85,2412081414
732,7393871,265,18341,467,7375530,7975150.542,3207074973
465,11221665,185,13897,280,11207768,3129373.131,2523802838
514,14344399,180,12393,334,14332006,3404348.717,3936992354
997,13873433,450,31453,547,13841980,3473090.211,1528453414
1089,17473469,447,30753,642,17442716,4031870.565,2286826430
2066,42608199,868,59695,1198,42548504,4230225.721,3015156646
2174,47224293,867,59325,1307,47164968,5453498.566,4335677798
173,1077021,71,5382,102,1071639,792039.8377,157707316.9
192,1122081,69,4944,123,1117137,1207479.375,272839782.9
513,6585701,212,15865,301,6569836,2695024.989,1116033545
541,7374220,204,14012,337,7360208,3696609.336,1941750900
443,10111758,176,12938,267,10098820,2559054.325,1997482532
484,13050415,169,11645,315,13038770,2447140.928,2740035013
768,15498369,349,24957,419,15473412,3164756.906,1962158412
831,19138907,345,23605,486,19115302,3429279.429,2777026559
974,27836746,381,26878,593,27809868,2289543.521,2368922654
1077,34536154,374,25440,703,34510714,2417043.549,3278848217
114,992305,59,5326,55,986979,2121231.19,393092497
111,1056401,53,3756,58,1052645,5086088.411,1425411484
113,1189956,58,5032,55,1184924,853973.8454,201091833.2
124,1979299,53,3749,71,1975550,1252296.489,659902461.8
640,10121767,277,19539,363,10102228,3691877.586,1908807468
699,11869169,271,18829,428,11850340,4896696.453,3081816233
889,18560244,412,29104,477,18531140,3944421.724,2511497773
968,23185385,407,27829,561,23157556,4088160.988,3401912287
2045,40442369,869,60409,1176,40381960,4109611.151,2747175969
2126,44892111,860,58633,1266,44833478,4161556.185,3182116516
129,633149,62,5490,67,627659,1762723.385,201528086.9
135,618412,56,3876,79,614536,1249564.881,198117286.8
649,7821557,264,19449,385,7802108,3791547.82,1521007023
665,8020305,258,17877,407,8002428,3756094.435,1681371331
682,9693676,291,20960,391,9672716,4605535.146,2125383277
733,11138083,281,19345,452,11118738,4928090.668,2832470870
1018,24932325,392,26845,626,24905480,3992531.237,3704075503
1091,28773543,394,26981,697,28746562,4684859.689,4991423947
2246,40341911,938,64407,1308,40277504,4000246.945,2501590857
2339,44176439,935,63901,1404,44112538,4025242.442,2778730539
114,451149,52,3966,62,447183,1131847.983,127620568.9
131,498571,50,3528,81,495043,1052899.626,147741096.8
186,1987491,86,6315,100,1981176,1107455.252,347436859.3
211,2249105,85,5921,126,2243184,1503220.286,569498344
831,14993391,378,26315,453,14967076,2460568.72,1399487708
920,18173339,378,26013,542,18147326,3672125.223,2561767329
1958,42642753,859,59637,1099,42583116,5009385.353,3576894169
2029,47155299,847,57749,1182,47097550,4985717.399,4066132305
99,514349,44,3554,55,510795,472293.7396,67879932.67
121,602447,43,3172,78,599275,595724.1999,112548114.7
153,1749533,73,7509,80,1742024,3380398.293,784223592.5
142,1908999,56,3961,86,1905038,1988978.643,956596792.8
1091,16849332,434,29792,657,16819540,3861598.092,2180125657
1125,17818918,431,29488,694,17789430,3936937.571,2375063597
638,14921597,281,20425,357,14901172,2413683.844,1760916432
719,20142787,277,18989,442,20123798,2774997.671,2940833777
1195,28073455,490,33907,705,28039548,2362115.566,1953362220
1322,34422223,489,33537,833,34388686,2696040.162,2764507219
29,142022,16,1946,13,140076,708301.2009,50984583.26
25,140992,11,756,14,140236,1087273.08,201686280
364,6256650,154,10986,210,6245664,2729180.535,1551569690
399,6911780,154,10684,245,6901096,2801629.844,1809651489
892,13259067,364,25451,528,13233616,5357367.497,2785640809
949,15219629,363,25081,586,15194548,5910147.484,3580480030
749,16801506,303,21682,446,16779824,3153910.146,2440829128
856,22748759,299,20585,557,22728174,3124734.178,3450060826
2229,51077987,804,55391,1425,51022596,4696206.187,4325840498
2302,53541721,806,55225,1496,53486496,4979775.72,4823010486
89,271009,42,3302,47,267707,1142467.555,92624640.16
93,327222,40,2872,53,324350,1986505.836,224346506.9
145,2067609,64,5669,81,2061940,3903824.004,1419906662
158,3305295,57,4029,101,3301266,3293484.272,2698602047
765,15210696,279,19968,486,15190728,4787896.032,3642409170
787,16686267,272,18641,515,16667626,4830142.254,4318813616
862,15661879,399,29307,463,15632572,3192851.812,1703090928
935,20152123,389,26605,546,20125518,2960863.915,2239763954
2609,50429699,1093,74971,1516,50354728,4094672.346,2750211578
2694,54087289,1092,74601,1602,54012688,5950560.182,4308330325
33,229555,18,5392,15,224163,5604061.177,232979073.8
29,225428,13,892,16,224536,945766.5945,238070233.2
589,6613359,238,16899,351,6596460,4584002.58,1789347870
602,6752001,236,16461,366,6735540,6278284.353,2568959079
408,9214597,176,13285,232,9201312,3804721.965,2635185086
429,10659963,169,11645,260,10648318,3844481.242,3515436566
791,15219908,371,26508,420,15193400,3554100.259,2037078123
861,19003510,366,25108,495,18978402,3763461.047,2844690006
3187,56062259,1344,92111,1843,55970148,6576731.089,3996272024
3246,58323251,1343,91741,1903,58231510,6814315.745,4325305975
167,1008113,76,5654,91,1002459,1491492.914,264442959.9
183,1045157,74,5216,109,1039941,1475597.929,294197619.9
183,3164224,71,6000,112,3158224,1550292.857,816028684.6
215,5576219,66,4641,149,5571578,2566750.515,3081415794
637,7864498,309,21458,328,7843040,5182583.387,1894268283
725,9913846,308,21096,417,9892750,5449376.43,2555428455
911,19514503,403,27919,508,19486584,3085720.62,2153735953
1021,23416460,399,27200,622,23389260,3080218.676,2648677774
1374,39776189,515,36337,859,39739852,3006376.201,3287914393
1457,45282963,509,34765,948,45248198,2922600.405,3803894774
102,434377,45,3526,57,430851,795292.1681,97178793.51
120,475211,42,3020,78,472191,995435.2947,155640922.9
150,2279471,77,5691,73,2273780,1717084.721,686043383.9
170,2929959,75,5245,95,2924714,3111074.171,1734795459
521,8944781,203,14461,318,8930320,3917586.294,2419286304
567,11833136,200,13608,367,11819528,3904833.738,3391629314
677,15071943,286,19987,391,15051956,2486815.582,1872789249
763,19321351,283,19481,480,19301870,2494743.643,2471804193
2041,48461699,819,56339,1222,48405360,4436624.04,3811860059
2135,52170953,816,55833,1319,52115120,4888971.024,4563417900
113,493097,50,3854,63,489243,1385488.491,175879747.2
137,620113,47,3340,90,616773,1264701.504,233543036.2
321,5004393,145,10273,176,4994120,2765728.457,1344532250
364,5834737,142,9977,222,5824760,3894414.602,2273632394
902,13903339,363,25511,539,13877828,4445587.407,2418372365
944,15102067,360,25005,584,15077062,4837829.681,2917026916
798,13356563,367,25575,431,13330988,3483179.512,1815609942
869,16723319,366,25205,503,16698114,3689032.828,2443955196
2844,57733051,1147,78799,1697,57654252,6695335.4,4898724024
2923,60826417,1145,78361,1778,60748056,7140311.701,5535407347
180,1010421,87,6378,93,1004043,1477794.333,232638610.1
200,1086041,85,5940,115,1080101,1593589.905,289770715.5
111,1814008,53,4776,58,1809232,1215649.425,460509179.2
127,3039663,48,3417,79,3036246,1903439.177,1691340236
674,12500091,255,17807,419,12482284,4167572.723,2921369480
739,16219349,252,17301,487,16202048,4826138.978,4519584728
1153,19229803,492,34151,661,19195652,3021635.204,1698405840
1252,22979583,494,33985,758,22945598,3067490.304,2071072514
2448,57742211,956,65643,1492,57676568,3794178.764,3333717372
2506,60251897,955,65273,1551,60186624,5948718.154,5485166345
106,462565,49,3858,57,458707,1126718.402,133964131.1
120,492705,47,3420,73,489285,1094504.022,156586081.9
277,3748721,123,9817,154,3738904,2296502.994,874646453.1
305,4764637,120,8457,185,4756180,3600559.306,2024938886
963,17289291,416,29031,547,17260260,5188140.227,3084587139
1016,18740041,416,28729,600,18711312,5298647.654,3451030298
511,11153913,232,17093,279,11136820,2438844.256,1589011261
593,16456891,226,15521,367,16441370,2315026.376,2452303666
1897,40249979,718,49543,1179,40200436,4166262.753,3380610362
2028,45924603,716,49105,1312,45875498,4392267.11,4103399674
93,281463,50,4612,43,276851,1435704.87,86183072.22
97,319333,43,3092,54,316241,1484889.645,151870306
335,4927982,136,10378,199,4917604,2507093.855,1187983693
364,5291288,132,9152,232,5282136,2721410.572,1570679715
523,9207807,220,15595,303,9192212,3433163.373,2023620747
574,10894514,213,14664,361,10879850,3799923.433,2819326034
766,15217293,350,25117,416,15192176,3944644.701,2385943248
844,19906423,344,23545,500,19882878,3840670.49,3243303580
3095,61994835,1299,89107,1796,61905728,6760494.35,4696750248
3171,64505839,1299,88813,1872,64417026,6991645.302,5071115683
146,611169,66,4874,80,606295,1067614.509,132804542.2
162,650601,64,4528,98,646073,1404342.739,200377192.3
164,2228233,81,6733,83,2221500,1877987.503,619627096.2
173,2734542,76,5176,97,2729366,2522259.666,1330017345
618,12815275,264,18307,354,12796968,5373929.836,3756487034
665,15383681,263,18037,402,15365644,5336540.327,4546176130
894,15222143,358,24967,536,15197176,3441030.286,2094522485
1000,19581941,353,24325,647,19557616,3569012.964,2869532787
2717,51903571,1124,77199,1593,51826372,5042900.937,3385474681
2797,54829457,1121,76693,1676,54752764,6198512.843,4425250165
57,459030,30,3210,27,455820,2623095.766,372479598.7
55,506744,27,1988,28,504756,3020045.399,766793780.5
284,3567159,137,9899,147,3557260,2942616.999,1057445575
314,4333547,134,9385,180,4324162,2993748.258,1379376926
683,11494394,281,19634,402,11474760,3489366.864,2039301585
738,13419719,279,19329,459,13400390,3789929.403,2627478508
540,12897925,243,17841,297,12880084,3032010.282,2188921423
596,16528887,238,16337,358,16512550,2874489.988,2905377955
1925,47703417,787,54873,1138,47648544,3755242.989,3260836127
2013,51746839,783,53529,1230,51693310,4444993.932,4292560094
120,509686,58,4342,62,505344,1419303.972,165185800.7
137,605768,57,4064,80,601704,1474969.279,218379654.2
272,6223765,116,9205,156,6214560,2958362.732,1997275687
278,6939861,110,7633,168,6932228,3967331.239,3603097694
799,9026455,343,23999,456,9002456,5581615.486,2093764233
858,11661201,340,23493,518,11637708,5750247.181,2848495195
832,16485137,378,26161,454,16458976,3503851.67,2204419195
897,19303417,378,26069,519,19277348,3705854.795,2740383310
1936,36635111,819,56371,1117,36578740,3798703.807,2464951817
2070,42224297,820,56137,1250,42168160,4016797.536,3017278465
130,591831,63,4492,67,587339,843603.2649,110303004.9
142,702499,61,4264,81,698235,1561026.184,255619868.2
568,9929743,234,16959,334,9912784,5131703.394,2999555829
571,9993559,230,15817,341,9977742,7585207.096,4784930102
418,9209205,176,13285,242,9195920,2383026.964,1649538978
460,12077647,171,11781,289,12065866,3228513.189,3306579027
920,20246880,387,28300,533,20218580,3744428.158,2675159727
1001,24431103,382,26377,619,24404726,3616779.288,3346343690
1313,28582315,531,36779,782,28545536,3172825.418,2462546621
1439,34007561,525,36069,914,33971492,3195373.835,3009554373
110,464721,55,4230,55,460491,475446.9046,51758633.7
129,568185,52,3736,77,564449,731272.5726,110483424.1
306,5948453,129,10089,177,5938364,1815201.503,1068423754
310,6370727,123,8517,187,6362210,4404908.134,3290472065
1054,17226899,432,30067,622,17196832,6896103.29,3944228880
1135,19357193,430,29629,705,19327564,7243615.592,4725149143
965,17531299,395,27523,570,17503776,3191747.865,2029852839
1044,20700675,395,27229,649,20673446,3347483.826,2541555919
1301,27449507,558,38543,743,27410964,2882614.314,2050054152
1413,32879559,553,37901,860,32841658,3109626.21,2694527335
281,1084349,114,8290,167,1076059,1904286.954,247180351.7
295,1114893,112,7852,183,1107041,2677154.461,377447752.4
572,5854625,245,18205,327,5836420,3811690.153,1222006297
589,6665633,239,16633,350,6649000,4343303.504,1736224674
713,12856199,330,23027,383,12833172,5249679.817,2925697835
775,14400376,326,22308,449,14378068,5949294.386,3834470111
380,8465088,168,12056,212,8453032,1777650.775,1246395063
409,10203122,166,11416,243,10191706,2182117.394,1948099066
1607,32564859,619,42739,988,32522120,3309463.7,2518326952
1725,38016917,612,41961,1113,37974956,3374060.683,3053545101
107,530869,45,3406,62,527463,668701.6814,103557074.3
123,589575,43,2968,80,586607,631315.8842,124775713.2
649,9707641,275,19113,374,9688528,4233210.168,2145847080
663,9737985,274,18953,389,9719032,5334797.191,2735665310
590,8653261,254,18589,336,8634672,3520209.747,1635152861
620,10117223,247,16949,373,10100274,4022242.414,2396940851
823,14781555,389,26907,434,14754648,3841329.274,2106420682
898,18616061,384,26265,514,18589796,4356930.929,3083740992
2359,44458287,914,62883,1445,44395404,4725353.216,3336099821
2442,48214805,912,62445,1530,48152360,5212751.444,4019637828
200,504406,76,6430,124,497976,2904643.228,224952195.4
197,506785,70,4784,127,502001,2754436.898,289032206.8
539,9659599,219,16215,320,9643384,5171058.718,3075331786
554,9785081,214,14921,340,9770160,5421334.738,3549849729
1005,18088555,392,27311,613,18061244,6281614.284,4154141858
1071,19369787,391,26941,680,19342846,6962472.914,4998850873
1144,19171905,473,33661,671,19138244,4830004.514,2746139595
1243,22294121,466,32021,777,22262100,5629911.39,3914107940
1990,61359695,711,48907,1279,61310788,4114501.633,5158021088
2043,64832841,709,48469,1334,64784372,4733046.392,6326258807
111,526246,59,5278,52,520968,1008720.906,99566372.33
129,628373,54,3788,75,624585,777047.8566,128123663
188,2444715,84,6939,104,2437776,1450210.195,509480848.4
214,3306011,78,5577,136,3300434,1420988.609,840932243.2
705,10397407,279,19647,426,10377760,4199107.634,2218014518
759,11609511,271,18801,488,11590710,5688788.244,3507105728
968,18484643,429,29775,539,18454868,3394321.539,2103837312
1049,21758713,429,29481,620,21729232,3401009.306,2506744013
1278,33351567,469,32371,809,33319196,1995231.578,2053674956
1389,37763635,467,31933,922,37731702,2918047.509,3447934708
184,1074773,90,6574,94,1068199,1822181.21,296083381
198,1105317,88,6136,110,1099181,2261444.196,405106990.4
209,3787265,92,7573,117,3779692,1935171.87,965846248
221,4644011,86,6001,135,4638010,2198662.19,1699286323
854,16688898,344,24226,510,16664672,4734779.613,3256978009
884,17771976,340,23316,544,17748660,4835802.861,3681121153
673,12166831,290,20331,383,12146500,1871952.35,1118374365
779,16768269,289,19961,490,16748308,1886576.9,1582935273
1492,26720411,650,44915,842,26675496,3884235.051,2306888491
1577,30208427,650,44613,927,30163814,4426855.852,2993092967
73,420941,32,2570,41,418371,571130.2916,92974455.73
90,495519,30,2132,60,493387,690245.9977,159736586.3
139,2851627,58,4391,81,2847236,1225634.633,794732646.1
154,3531581,59,4165,95,3527416,2116520.958,1792520982
1172,16325609,448,31961,724,16293648,5633482.32,2871936983
1221,17660289,443,30457,778,17629832,5571757.044,3225174529
553,14051507,237,16563,316,14034944,2911112.724,2466781625
608,17758899,236,16201,372,17742698,3169896.141,3471545579
1734,47251525,623,43681,1111,47207844,3690084.595,3988025409
1812,52122791,618,42177,1194,52080614,3752781.712,4633975289
181,1078881,87,6338,94,1072543,832824.4389,140934052.1
204,1129137,86,5976,118,1123161,1574420.203,295904847.7
340,5252645,145,10257,195,5242388,1644741.523,840633053.1
370,6315363,143,10041,227,6305322,2517981.857,1581185778
835,15380997,355,25525,480,15355472,7102110.683,4272527394
878,17202131,353,24325,525,17177806,6779907.851,4787829055
1089,20689252,478,33272,611,20655980,3339584.641,2073286654
1151,23586825,478,32649,673,23554176,3363347.234,2426441015
2271,38656067,959,65859,1312,38590208,4556515.921,2669899287
2387,43537993,958,65489,1429,43472504,4806267.369,3190466756
115,602329,55,5018,60,597311,1969394.132,234424228.4
132,692833,50,3516,82,689317,1493383.067,292779959
559,7124135,239,16887,320,7107248,4648390.782,1956372718
608,8089873,238,16517,370,8073356,5739267.779,2805300718
683,11961569,316,22805,367,11938764,3962030.784,2074183315
723,14096787,309,21165,414,14075622,3833657.224,2549544529
746,15689923,308,21579,438,15668344,2776614.948,2016078510
843,20007361,305,21073,538,19986288,2803649.834,2659068620
1658,35321457,739,51605,919,35269852,3910697.789,2672797834
1747,40430895,730,49829,1017,40381066,4262434.679,3454246645
54,320874,29,2966,25,317908,3006001.234,322195495.7
56,385630,28,2056,28,383574,3256423.557,607528895.6
318,4335417,138,10705,180,4324712,4442544.219,1794743045
343,4894423,133,9293,210,4885130,4192669.708,2203996188
697,11752389,286,20881,411,11731508,5403227.951,3035678939
753,13187617,277,19205,476,13168412,4986206.473,3418923257
498,12527901,203,15113,295,12512788,2256342.399,1868135651
564,17099735,197,13549,367,17086186,2117669.943,2670521996
1505,26246787,590,40879,915,26205908,2754062.733,1765520551
1617,32161631,585,40237,1032,32121394,3406676.674,2719566659
170,1072607,74,5720,96,1066887,957807.7522,178649062.8
190,1114607,73,5128,117,1109479,929611.6268,201128037.8
347,3872651,170,11975,177,3860676,3002498.436,967989449
391,4613963,170,11773,221,4602190,2958022.364,1156322173
877,17405995,337,23435,540,17382560,4107462.597,3046648817
933,18465507,335,23089,598,18442418,5169507.696,4129162016
1062,31018781,402,28653,660,30990128,5468313.7,5914345497
1126,34985343,396,27081,730,34958262,5274507.22,6808744335
2458,67657435,889,61135,1569,67596300,5760444.923,6369260868
2570,73726553,887,60697,1683,73665856,6274584.721,7615247121
156,814713,73,5438,83,809275,1479027.114,220106595.8
181,867493,70,4932,111,862561,1730700.373,302683423.4
227,3291865,104,7509,123,3284356,2002686.117,875953411.2
268,4402178,102,7136,166,4395042,2450779.737,1509428234
416,6801225,184,14057,232,6787168,2769621.711,1337261709
448,8089069,179,12553,269,8076516,2689574.508,1730454198
1512,26428207,646,44519,866,26383688,6493251.25,3848152813
1651,31174655,645,44241,1006,31130414,6858482.277,4826007385
1400,31747569,576,40033,824,31707536,3353723.991,2656266685
1502,36921987,574,39401,928,36882586,3618873.166,3387563787
165,723353,77,5714,88,717639,2004701.26,251776655.1
188,804009,75,5276,113,798733,1950551.973,295293826.6
241,3459414,108,10034,133,3449380,3095068.957,1063989332
251,3975737,95,6709,156,3969028,3130062.762,1851737479
427,9590291,155,10995,272,9579296,2675526.199,2331028414
503,14306465,153,10557,350,14295908,3320308.976,4496242460
1157,24189241,488,33541,669,24155700,4534036.304,3265341545
1244,28384887,488,33449,756,28351438,4936364.194,4184071972
1934,35615173,778,53293,1156,35561880,3698799.76,2468171677
2057,40602117,774,52949,1283,40549168,4127617.508,3160993707
52,453162,25,1700,27,451462,0,0
56,374596,30,3044,26,371552,0,0
386,5747269,159,12297,227,5734972,4719109.014,2200858588
415,6546799,154,10793,261,6536006,4791692.565,2901744775
961,16845803,393,27307,568,16818496,3820860.855,2353284250
995,17432253,395,27241,600,17405012,3816512.553,2438473139
679,14849625,307,22185,372,14827440,3489116.171,2331965773
754,19839799,301,20621,453,19819178,3838587.766,3689329043
1728,43779574,683,46850,1045,43732724,3913790.964,3653377589
1837,47878146,683,46560,1154,47831586,4147792.086,4261071174
110,1057569,47,4510,63,1053059,1902111.08,444131971.5
106,1056437,41,2940,65,1053497,1358599.51,486830104.9
323,4894337,149,11449,174,4882888,4413381.249,1882264507
329,5308859,143,9877,186,5298982,4866020.323,2610605863
1061,13529327,402,28011,659,13501316,3875028.163,1867765511
1131,16014355,400,27573,731,15986782,5260389.946,3049965811
1167,26128408,516,35332,651,26093076,4827578.327,3565220428
2292,48880601,963,66709,1329,48813892,5172281.933,3784784837
2405,54403507,956,65161,1449,54338346,5159006.252,4302141875
161,816469,80,5882,81,810587,1307617.922,180200287.1
186,926367,78,5444,108,920923,1432613.483,242345096.7
464,7972963,198,14115,266,7958848,3002470.577,1692965423
497,8353729,197,13753,300,8339976,5757156.259,3491205193
1007,20089319,401,27823,606,20061496,3604060.128,2598671525
1052,21287699,399,27477,653,21260222,3647766.323,2822445021
1475,27830975,597,41983,878,27788992,5800402.29,3839347660
1561,30732569,587,40341,974,30692228,6254604.667,4758626521
1982,33798373,807,55905,1175,33742468,4481828.422,2705088134
381,1089057,163,12426,218,1076631,3404149.468,294947114.6
392,1118545,158,10932,234,1107613,6152813.152,623393325.4
452,5742359,224,15807,228,5726552,3868932.951,1401635081
510,6769307,221,15301,289,6754006,6247609.45,2757753854
464,8827421,207,15393,257,8812028,3043468.783,1742294039
490,10556759,201,13821,289,10542938,2857533.768,2179784484
1169,17826271,563,38943,606,17787328,4223433.664,1929065554
1284,20834573,561,38497,723,20796076,5005279.031,2703851290
1671,28777279,711,49055,960,28728224,3992609.42,2338203603
1797,34828077,705,48345,1092,34779732,4676095.963,3364016225
189,1078009,93,6778,96,1071231,694586.3994,109776111.4
206,1115121,91,6340,115,1108781,1167091.114,204108588.7
145,2632233,63,5601,82,2626632,1096148.528,514047277.4
160,3715871,58,4097,102,3711774,2180618.496,1975582874
1155,12855879,509,35223,646,12820656,7829520.162,2849830640
1292,19506895,507,34785,785,19472110,8128481.653,4550199479
406,8897885,177,13353,229,8884532,2111007.277,1404576628
451,12157707,170,11713,281,12145994,1951992.817,2024152057
1673,26470663,686,47331,987,26423332,3186858.784,1779117866
1777,31702169,683,46825,1094,31655344,3819177.893,2581898345
164,1076333,75,5578,89,1070755,1011718.858,194209936.4
178,1106877,73,5140,105,1101737,1616224.25,346430750.3
182,2442669,87,7233,95,2435436,1594634.418,536932126.1
197,3572227,82,5729,115,3566498,2869001.463,1786051315
781,13294135,316,22115,465,13272020,4947455.794,2969149095
829,14313681,316,21825,513,14291856,5445356.055,3565830222
858,14952163,361,25079,497,14927084,4089375.996,2434006898
962,20373713,359,24641,603,20349072,4220764.699,3485598991
1264,23537535,554,38343,710,23499192,3183843.747,1951275474
1392,27620309,549,37701,843,27582608,3280348.589,2399951440
22,408456,10,680,12,407776,956156.0278,573378647.6
22,436216,10,680,12,435536,970342.3079,621498540.3
171,1078233,71,5282,100,1072951,560369.377,113829777.2
193,1128413,69,4844,124,1123569,1272517.555,295161287.5
885,7830899,426,29567,459,7801332,5788821.238,1527395961
925,8686591,421,28925,504,8657666,9732413.31,2913050434
650,13530735,268,18871,382,13511864,2206916.296,1580178732
697,15423651,269,18637,428,15405014,2553866.664,2110980936
927,17501506,371,25730,556,17475776,3136231.264,2130123399
1043,24412578,365,25020,678,24387558,3645042.963,3552905542
1817,29473297,752,52645,1065,29420652,4629789.689,2587357418
1929,34001181,750,51345,1179,33949836,4593207.338,3037075389
320,967489,145,10386,175,957103,1545456.688,142418759.1
335,1006789,143,9948,192,996841,3437304.629,344435683.9
132,1806837,55,5057,77,1801780,1358480.49,484018781.3
140,2588063,50,3553,90,2584510,2097136.741,1525491382
656,15375603,256,18075,400,15357528,3727499.571,3167091510
699,16529153,251,17433,448,16511720,3942283.638,3733946170
775,23418071,300,20755,475,23397316,3400241.683,3833125951
853,27958064,298,20272,555,27937792,3477673.794,4792745022
2100,45993003,913,62447,1187,45930556,5367563.329,3947910517
2177,49870793,915,62365,1262,49808428,6164001.861,4922941440
129,1065639,63,4548,66,1061091,0,0
128,1064975,62,4472,66,1060503,0,0
454,9248117,185,13897,269,9234220,6058491.01,4025720577
455,9599475,179,12325,276,9587150,7095744.77,5519510707
1036,21829019,420,29195,616,21799824,5840602.807,4361161612
1073,22942959,418,28757,655,22914202,6108211.317,4867155405
1800,32632665,714,50169,1086,32582496,4245148.684,2757032032
1877,35821227,710,48733,1167,35772494,4370501.549,3208169833
2052,48909183,786,54119,1266,48855064,4481974.219,4046030734
2131,51777449,784,53681,1347,51723768,4681928.09,4511223008
55,380525,26,3074,29,377451,684929.9998,84101338.11
52,375125,21,1580,31,373545,1792833.036,423863175.1
395,7163439,168,12043,227,7151396,3879213.069,2303561307
400,7630205,167,11765,233,7618440,5430051.794,3516236616
547,13044409,215,15937,332,13028472,3211300.263,2625232827
585,15704115,210,14433,375,15689682,3058794.937,3325124359
1411,25249939,614,42447,797,25207492,4121615.526,2447654496
1498,28201487,616,42281,882,28159206,4809781.235,3203321128
832,15966615,361,25123,471,15941492,1938295.329,1229921565
943,21304067,360,24753,583,21279314,2279068.997,1959238267
178,915741,81,5962,97,909779,1195176.485,182379481.2
202,954669,79,5524,123,949145,1939708.307,333284656.3
306,6723776,127,9724,179,6714052,2181422.314,1506189104
318,7270583,123,8517,195,7262066,2531785.641,2158740686
1128,21411893,460,32853,668,21379040,4423494.494,2878582344
1152,22081677,454,31281,698,22050396,4602135.283,3244106820
1173,22121093,515,35445,658,22085648,4419584.326,2753826597
1253,25735607,513,35209,740,25700398,5619569.105,4101938782
1907,37210189,800,55721,1107,37154468,4095213.061,2730666402
2008,41756938,793,54028,1215,41702910,4507518.2,3479244574
159,1074521,66,4942,93,1069579,1335850.78,289113302.7
176,1111633,64,4504,112,1107129,1331183.362,327218406.8
771,9199815,312,21923,459,9177892,4451368.299,1863530425
793,9510909,310,21485,483,9489424,6363500.725,2810610030
675,13999917,287,20845,388,13979072,3979918.927,2669012868
704,15681703,282,19341,422,15662362,5067520.764,4103683608
1770,31182543,720,49999,1050,31132544,4192515.615,2610525747
1822,33546873,712,48749,1110,33498124,4839827.765,3325712335
1228,26703843,498,34435,730,26669408,2913359.842,2256354938
1316,31472583,494,33861,822,31438722,3145834.638,2920794443
128,1021929,56,5122,72,1016807,1901503.899,377481935.7
124,1020797,50,3552,74,1017245,1534585.941,439484762.3
374,7472341,159,12129,215,7460212,3493150.966,2148540420
379,8012475,153,10557,226,8001918,3838251.529,2909289949
1134,14781343,418,29087,716,14752256,3134067.461,1589526782
1160,15225575,417,28717,743,15196858,3893304.384,2060312494
1110,20273771,520,36043,590,20237728,5656928.321,3176299883
1240,25161673,512,35197,728,25126476,6080292.397,4340606330
2803,62897891,1171,80075,1632,62817816,6030317.776,4730707367
2868,65583951,1169,79645,1699,65504306,7595569.335,6247002298
96,990221,44,3446,52,986775,4483433.43,1283847946
97,1055449,42,3008,55,1052441,0,0
187,2020191,86,6315,101,2013876,1190303.466,379592016.2
205,2515257,84,5877,121,2509380,1519316.414,648722515.2
666,8271275,268,18859,398,8252416,3675135.215,1608184138
717,10047217,267,18489,450,10028728,4078365.656,2212170472
713,15096129,318,22941,395,15073188,3573849.28,2348167128
784,19505595,312,21361,472,19484234,3750175.479,3420687074
1227,30889699,476,32903,751,30856796,2765683.656,2593688611
1322,36123028,468,31924,854,36091104,3123794.904,3531550143
109,1056856,49,3810,60,1053046,1072878.36,296532878.1
111,1057278,47,3372,64,1053906,5006128.685,1564646814
263,4029665,115,9281,148,4020384,2224450.961,963597355
293,4847611,109,7709,184,4839902,3553126.886,2230741461
751,11276717,341,24669,410,11252048,6054133.621,2761417249
821,13144709,335,23105,486,13121604,6271068.674,3561414404
713,18682074,311,21450,402,18660624,3746306.335,3259133516
776,22815484,307,20876,469,22794608,3881362.157,4238078601
1327,25878219,601,41491,726,25836728,3005388.264,1871475720
1456,32347423,600,41121,856,32306302,3088568.191,2426502681
263,1081617,117,8434,146,1073183,1848857.692,235257605.5
277,1112161,115,7996,162,1104165,2686190.934,370935219.2
926,9199705,351,25469,575,9174236,3765850.703,1356504106
941,9496649,344,23829,597,9472820,5371289.938,2135266388
298,6208277,137,10953,161,6197324,2596052.983,1468874414
323,8143809,130,8993,193,8134816,2282639.172,2064811482
1313,25390043,566,39087,747,25350956,3570599.284,2315811020
1415,29566295,567,38853,848,29527442,3638810.779,2765417708
987,19761419,454,31383,533,19730036,3033802.273,1907307398
1118,25809243,448,30681,670,25778562,3034749.582,2549834759
83,858373,40,4034,43,854339,941899.961,199479888.6
80,857685,34,2464,46,855221,1292556.007,448628669
519,8397827,209,14691,310,8383136,2742215.503,1564792424
549,8955107,207,14253,342,8940854,3452026.253,2165443257
239,4042393,116,9205,123,4033188,2187668.442,958531027.6
257,5464259,110,7633,147,5456626,2185426.323,1562302384
654,9966123,298,20931,356,9945192,2249836.581,1068991294
729,12957829,297,20561,432,12937268,2808986.078,1767453222
1385,22236791,607,41887,778,22194904,2647690.111,1402946686
1499,27462805,604,41381,895,27421424,3244034.136,2149683079
150,1047588,70,5142,80,1042446,684196.9743,138708362.3
166,1103260,68,4704,98,1098556,1194303.939,278913639.1
479,8068875,200,14223,279,8054652,2293201.158,1298666757
502,8343831,198,13785,304,8330046,3068366.05,1854162520
562,9632674,268,20090,294,9612584,4543232.039,2173827755
594,11523597,263,18037,331,11505560,4263568.652,2719673168
1617,37026139,673,46339,944,36979800,3979242.615,3175545352
1703,40218769,670,45833,1033,40172936,5767872.758,5055579673
1526,44458325,580,40757,946,44417568,3720611.108,4054775790
1637,51386803,572,39049,1065,51347754,3777976.198,4967876064
187,1075013,88,6474,99,1068539,1724244.522,284587969.9
201,1105355,86,6036,115,1099319,2069991.679,377001521.4
292,4989059,128,9811,164,4979248,2267620.342,1150855575
307,5794129,125,8653,182,5785476,2736795.861,1829847079
765,15525267,302,21231,463,15504036,4368113.052,3189834771
809,17166657,300,20793,509,17145864,5254682.498,4333000119
679,13467657,294,21309,385,13446348,3258891.343,2056416870
753,18277387,287,19669,466,18257718,3344529.305,3104554013
1216,24750863,545,37739,671,24713124,2590057.009,1696080978
1345,31127973,545,37437,800,31090536,3367495.22,2796624499
189,1082421,91,6710,98,1075711,1956252.181,313615795.8
203,1112965,89,6272,114,1106693,2089386.656,368671809.1
88,1208965,42,4173,46,1204792,1464084.987,422697790.6
95,1925339,36,2601,59,1922738,1398903.695,1034111992
306,5302457,139,10829,167,5291628,1727454.871,844126749.1
332,6684153,132,9189,200,6674964,1505888.939,1093889918
1627,33906523,710,48871,917,33857652,5376063.602,3724517415
1717,36988413,710,48661,1007,36939752,6395995.5,4855356190
1773,39223383,697,48103,1076,39175280,4146106.579,3376606161
1895,44378107,695,47665,1200,44330442,4210586.85,3916021738
181,778935,85,6048,96,772887,1878426.69,240048209.2
198,850437,84,5888,114,844549,2578770.93,369887637.5
587,9311411,254,19071,333,9292340,7118595.717,3468533990
597,9490177,246,17077,351,9473100,7835442.853,4346544105
534,8516151,249,18403,285,8497748,5612159.109,2591464101
560,10815073,240,16517,320,10798556,5236462.736,3423517351
1158,28170611,477,32959,681,28137652,4554716.33,3888437849
1218,31962122,474,32240,744,31929882,4726968.888,4681499963
1594,31596583,685,47251,909,31549332,3866468.506,2581627872
1707,36489129,683,46813,1024,36442316,4225951.077,3289758071
80,259815,38,2840,42,256975,981772.8597,88834887.54
92,299131,36,2612,56,296519,1449077.773,164501949.6
208,2893913,93,7773,115,2886140,2833981.823,1052266602
221,4217491,86,6133,135,4211358,2439482.91,1675124061
682,18969791,249,17387,433,18952404,5422229.371,5910409019
712,20895847,248,17017,464,20878830,5585982.653,6853662937
691,18006644,263,17940,428,17988704,3081972.149,3090339170
644,15459776,266,18712,378,15441064,3336316.709,2753114569
956,24843213,403,28721,553,24814492,2641938.815,2282593558
1091,33471403,397,27149,694,33444254,2577811.348,3175548915
66,306864,33,2614,33,304250,502945.8964,58539131.21
87,426588,32,2244,55,424344,557018.2248,105333039.9
143,2074116,64,6008,79,2068108,1669139.781,574560808.1
156,3135175,57,4021,99,3131154,2284763.917,1779146401
964,16964725,378,27237,586,16937488,5498549.986,3419305519
995,17884737,371,25597,624,17859140,5819033.778,4059965578
873,14220291,435,30227,438,14190064,4116142.362,1932322875
999,19118569,432,29721,567,19088848,4846520.333,3112765047
1424,28604861,582,41133,842,28563728,3291845.606,2285935441
1525,33727893,577,39629,948,33688264,3821425.709,3248560351
119,543917,56,4314,63,539603,719181.1138,89956487.38
136,632075,55,3956,81,628119,1284070.282,203879914.4
484,4708281,185,13901,299,4694380,2645030.793,893229239.2
508,5209739,180,12489,328,5197250,3781681.976,1573732617
251,4240665,118,9341,133,4231324,2465876.087,1117002534
278,6270287,111,7701,167,6262586,2398516.414,1950514909
635,13977403,261,18347,374,13959056,2440395.563,1856740520
718,17066133,261,18045,457,17048088,2638907.466,2493118687
2278,43337667,908,62459,1370,43275208,5639214.739,3907174159
2387,48475637,906,62021,1481,48413616,6155884.39,4805285678
186,1073501,90,6614,96,1066887,1526688.572,246266131
209,1121599,89,6232,120,1115367,1636037.829,292808505.2
286,5060719,122,10271,164,5050448,1706771.795,839252477.7
293,5546926,114,7788,179,5539138,2155366.411,1532983049
359,6928933,166,12513,193,6916420,1990832.909,1100410497
385,8681883,162,11169,223,8670714,1962441.102,1523481559
1050,25372771,419,28951,631,25343820,2493200.799,2182557849
1118,27679355,418,28673,700,27650682,3659428.257,3528953616
1176,21880257,534,37809,642,21842448,2664720.451,1539422304
1305,27394117,529,36305,776,27357812,3281633.705,2472891281
279,1079821,133,9534,146,1070287,2013218.105,226003898.3
291,1108389,130,9040,161,1099349,2908457.506,353695780
184,2882829,80,6757,104,2876072,2077092.261,884100472.8
209,4552083,75,5253,134,4546830,3264966.684,2826051488
762,11837951,292,20551,470,11817400,5098949.069,2932038379
816,13319429,293,20317,523,13299112,5368504.875,3514118600
1810,21925935,868,59775,942,21866160,8364632.048,3059847473
2000,26685887,858,58793,1142,26627094,9444463.108,4277356266
1659,34044747,723,49787,936,33994960,4555843.622,3110766299
1785,39120073,725,49633,1060,39070440,4658834.18,3667372540
111,505204,51,3644,60,501560,1156598.529,159194170.8
126,582116,49,3500,77,578616,1261489.011,208547921.6
432,6257085,188,14325,244,6242760,3286977.109,1432447415
455,6910183,182,12753,273,6897430,3856786.302,2085933784
992,11291991,439,30475,553,11261516,7239242.443,2675138461
1119,16625701,437,30025,682,16595676,8271324.228,4571797401
1479,29044491,551,38275,928,29006216,5954786.523,4512758305
1567,32522379,549,37837,1018,32484542,6142672.402,5273724123
1399,32860985,593,41641,806,32819344,2897558.846,2283710298
1468,36681895,589,40205,879,36641690,3231025.69,2944664637
97,528654,46,3522,51,525132,688913.9717,102717425.3
120,595476,45,3140,75,592336,757681.6462,142930610.1
395,3836372,153,10612,242,3825760,2303286.098,830363722.3
426,4615694,151,10376,275,4605318,4178614.002,1854649795
536,9341274,247,17590,289,9323684,3628140.738,1923117553
576,11672118,242,16464,334,11655654,3516491.403,2489492656
1434,33447915,562,38851,872,33409064,4673556.497,4018922244
1538,37211263,557,38209,981,37173054,6631365.566,6451571888
1663,32208407,748,51675,915,32156732,3899695.934,2426733953
1775,37654461,746,51237,1029,37603224,4513600.064,3312565417
90,409994,39,3046,51,406948,521115.9306,69621498.92
108,452953,37,2608,71,450345,613999.0247,106024306.3
139,1741687,63,4871,76,1736816,1168325.557,416581096.5
166,2624349,63,4557,103,2619792,1821922.835,1047412523
690,16679632,269,19292,421,16660340,2629223.223,2270565666
726,17697241,270,18601,456,17678640,2544010.599,2417861810
1866,35529991,718,49615,1148,35480376,6439486.728,4604966448
1974,40338985,717,49245,1257,40289740,7980224.212,6529011243
807,16399983,375,26063,432,16373920,1999650.351,1256268076
927,22273189,373,25625,554,22247564,2144300.975,1861677002
53,476055,24,1732,29,474323,1426286.682,390600795.5
53,664171,23,1564,30,662607,0,0
124,2397703,54,4127,70,2393576,1214998.683,704674506.5
140,3300807,53,3757,87,3297050,1642104.575,1441070240
867,17808394,359,24842,508,17783552,3869542.959,2770075615
914,19795782,355,24268,559,19771514,6156198.702,5015550059
1384,29316523,545,37679,839,29278844,5401790.419,4197515300
1502,33257889,539,36969,963,33220920,6205786.301,5576616361
2011,43230729,872,60733,1139,43169996,5027429.511,3573577987
2083,46256631,865,59093,1218,46197538,4972126.656,3887093398
183,1079049,78,5758,105,1073291,1126400.506,209961015.2
205,1129229,76,5320,129,1123909,1459391.672,308312675.8
280,4197055,115,8419,165,4188636,1518689.963,755581358.1
311,5147471,113,7981,198,5139490,2251897.649,1450144775
228,4639908,103,8176,125,4631732,2419126.724,1370443574
260,6847975,97,6749,163,6841226,2078294.007,2106694176
1998,41120567,772,53223,1226,41067344,4621679.801,3566129573
2044,42596269,768,52649,1276,42543620,6686982.121,5403491544
1270,24813778,562,40082,708,24773696,3498555.15,2162370684
1341,28841395,555,37893,786,28803502,3446960.311,2620128473
190,1085349,91,6674,99,1078675,1970257.132,318439783.1
211,1132279,89,6236,122,1126043,2793599.696,504444095.9
146,1905333,73,6281,73,1899052,1639539.02,495712443
152,2449591,67,4709,85,2444882,2720326.243,1412375592
560,8852774,248,17366,312,8835408,3687809.688,1876269908
620,11130572,246,16928,374,11113644,3860835.337,2534732365
512,13208899,194,13803,318,13195096,1944391.878,1858758060
549,13997017,192,13365,357,13983652,2194047.63,2295607821
1436,37479071,581,40107,855,37438964,2784735.388,2599486572
1522,41419521,577,39521,945,41380000,3191393.276,3341510937
171,1075349,69,5158,102,1070191,620409.5217,128723669.3
185,1110607,67,4720,118,1105887,941211.3555,220524025.9
274,3489659,125,9111,149,3480548,1420602.328,542692853.8
308,4496639,122,8605,186,4488034,3120063.431,1627303981
493,9555613,209,14469,284,9541144,4114168.386,2712963785
534,11265285,209,14377,325,11250908,4417251.276,3456777333
1597,33637689,614,43229,983,33594460,4379665.169,3403559794
1705,38892273,610,41885,1095,38850388,7101671.68,6587148149
1191,32929991,495,34775,696,32895216,2817110.379,2664829746
1281,38702146,490,33328,791,38668818,2765581.14,3208766016
167,1008469,70,5226,97,1003243,1213938.904,233041658.5
181,1085147,68,4788,113,1080359,1511112.381,340965718.5
255,4320688,117,9128,138,4311560,2096583.044,990309332.7
278,5516991,114,7905,164,5509086,2977406.877,2074989316
916,18712147,379,26871,537,18685276,4490464.375,3122532329
945,20056539,376,25721,569,20030818,5581093.89,4346404726
1365,31546011,572,39519,793,31506492,4007074.562,3194637076
1434,34213485,573,39297,861,34174188,5554311.649,4830243797
1751,36250471,793,54511,958,36195960,4561558.991,3028930065
1843,40353765,791,54073,1052,40299692,4601081.039,3429107849
166,784481,78,5650,88,778831,1734602.315,239108328.4
194,896639,77,5372,117,891267,2008957.287,333305535
431,4542756,188,13752,243,4529004,2855974.451,940570078.1
438,5038214,181,12516,257,5025698,3530683.551,1417717263
545,10360773,239,17165,306,10343608,3201684.088,1929330914
609,12762982,235,16244,374,12746738,3178217.743,2493961394
948,19303757,378,27021,570,19276736,3968773.212,2831316141
1118,30368743,375,25653,743,30343090,3938087.532,4658080708
1633,41978091,632,43703,1001,41934388,3638282.439,3491045179
1738,46431265,633,43469,1105,46387796,4281363.51,4568842557
199,1081065,97,7978,102,1073087,2882276.587,387682819.7
220,1130417,93,6644,127,1123773,2414752.561,408433734.1
372,4981151,155,11139,217,4970012,2151242.237,959843767.9
413,5572929,152,10633,261,5562296,2310731.444,1208781366
1180,19484691,570,39483,610,19445208,2758811.998,1358703066
1216,22354383,566,38909,650,22315474,3150723.172,1807033875
1392,28970041,520,35881,872,28934160,3733842.126,3010941320
1468,31705525,522,35917,946,31669608,4636341.894,4088067777
1264,29476756,521,36576,743,29440180,3179835.862,2559463587
1369,34345031,514,35249,855,34309782,3145717.389,3061899000
108,518342,47,3370,61,514972,1282640.061,196001103.2
128,608541,47,3160,81,605381,1313095.73,251557976.7
370,5787235,145,10519,225,5776716,2613793.363,1435416099
401,6267429,143,10081,258,6257348,3438728.022,2134442804
764,13910005,319,23225,445,13886780,3814288.885,2280654062
816,15797591,314,21721,502,15775870,3961605.385,2877297157
822,20552425,317,22869,505,20529556,3524508.251,3163959487
919,25234953,313,21533,606,25213420,3323679.4,3891762628
1835,33528037,769,53821,1066,33474216,3686131.495,2292606267
1965,38844627,761,52113,1204,38792514,3654715.089,2720541635
119,546777,59,4954,60,541823,3771816.88,412526672.9
110,563727,54,3936,56,559791,5823572.82,828247879.1
218,3858062,99,7434,119,3850628,3656190.469,1893816168
239,4913665,97,6741,142,4906924,3343292.08,2433656749
643,11246491,295,20683,348,11225808,3796945.738,2060812447
725,13050315,289,19973,436,13030342,5254286.051,3427884855
910,18697182,376,26966,534,18670216,4269220.959,2955843561
1014,25574796,362,24884,652,25549912,4049159.521,4157517659
954,25800645,373,25633,581,25775012,2247784.256,2260237435
1061,32305539,370,25337,691,32280202,2273219.225,2896158811
163,923097,78,5782,85,917315,1379923.409,218925015.9
179,972977,76,5344,103,967633,1690443.872,306087064.9
218,4390447,98,8471,120,4381976,2614328.354,1352369744
223,4946641,85,5933,138,4940708,2821366.274,2349493835
715,10572403,342,23879,373,10548524,6391026.708,2823229558
791,12504175,340,23441,451,12480734,6530093.753,3476829620
1304,33483747,522,36611,782,33447136,5500669.413,5025310370
1349,35891035,517,35309,832,35855726,5736877.238,5825707279
1453,33848531,626,43255,827,33805276,4295998.572,3357471216
1608,41643383,624,42805,984,41600578,4316177.795,4194731715
71,529797,35,3238,36,526559,4294784.284,698411772.1
72,659781,32,2328,40,657453,3561571.061,1005827139
468,5902771,181,12991,287,5889780,4519302.31,2048933597
509,6530627,178,12485,331,6518142,4869100.274,2542049419
581,9008891,273,19187,308,8989704,3376439.157,1581966362
650,11308799,272,18817,378,11289982,4249923.844,2549905070
999,21197235,413,28691,586,21168544,3770194.546,2781692138
1131,26189741,411,28253,720,26161488,4459602.677,4129467381
1939,42576543,736,50731,1203,42525812,4433009.502,3716018384
2078,49115381,734,50293,1344,49065088,4799468.969,4682289132
101,1055997,43,3278,58,1052719,0,0
105,1056655,43,3076,62,1053579,0,0
309,3071159,121,8815,188,3062344,2198487.302,763757731.1
328,3254809,120,8445,208,3246364,2210876.59,849888711.7
364,5822757,165,12689,199,5810068,3243798.463,1485277772
410,7833471,162,11421,248,7822050,2925067.335,2003329214
779,12842408,359,25320,420,12817088,3377856.245,1709884705
845,16500466,354,24312,491,16476154,4211143.955,2853876947
2410,51049939,988,67875,1422,50982064,5368099.373,4032070509
2519,55859837,983,67233,1536,55792604,6193606.37,5139699664
170,785173,83,6034,87,779139,1329681.704,171694874.5
193,890397,82,5756,111,884641,2344465.096,360321394.6
250,3011666,115,8262,135,3003404,1368182.18,497361877.5
275,3868050,111,7688,164,3860362,1536909.505,771725682.9
719,14235047,275,19239,444,14215808,2406416.836,1778115272
792,16188427,278,19141,514,16169286,2673474.872,2258407597
1115,28351371,439,30005,676,28321366,4734993.066,4469304171
1047,24516123,441,30995,606,24485128,5077570.247,4011129454
2366,53112149,968,67141,1398,53045008,6151158.436,4859746629
2439,56815491,963,65637,1476,56749854,6091231.073,5266488019
106,390603,48,3380,58,387223,1125925.151,128989383.1
125,448703,47,3304,78,445399,1233622.025,166299641.7
367,6689085,155,11989,212,6677096,4180544.133,2328292144
370,7014061,147,10197,223,7003864,6209436.02,4264984348
1164,19897777,433,30509,731,19867268,6656393.754,4334601548
1217,21177575,428,29581,789,21147994,7314729.232,5229432741
1047,18805419,409,28363,638,18777056,3090360.297,2045900235
1136,22233893,406,27857,730,22206036,3739167.089,2980654018
1599,43422122,655,45426,944,43376696,3946662.326,3768616474
1676,48613419,649,44277,1027,48569142,4352028.666,4773907408
42,275738,22,2810,20,272928,3656725.838,355168281
38,339658,16,1232,22,338426,0,0
325,4638647,140,9653,185,4628994,3575121.296,1714411585
295,4038697,144,9925,151,4028772,3918712.479,1590690087
892,17934007,347,24291,545,17909716,5781016.426,4262334296
952,20320725,345,23853,607,20296872,5828050.876,4959175057
822,16824771,353,24687,469,16800084,3364175.412,2289400475
926,21309961,353,24385,573,21285576,3821541.608,3335809486
1510,29474451,641,44319,869,29430132,2571316.666,1707488637
1608,33489697,644,44221,964,33445476,3324559.574,2514449638
88,356126,42,3214,46,352912,1061700.875,116579645.1
104,391076,41,2980,63,388096,1068483.854,139152453
208,3650893,97,7913,111,3642980,2203764.914,1014567358
217,4484011,88,6129,129,4477882,2519734.632,1840932347
595,9985895,225,16015,370,9969880,3061513.457,1905895834
655,11444359,222,15509,433,11428850,4224361.997,3113005327
884,17727073,402,28553,482,17698520,3790697.55,2349656302
944,21205127,397,27149,547,21177978,3610898.279,2816734477
2201,46327123,925,63499,1276,46263624,4099304.273,2986640286
2288,49620999,920,62857,1368,49558142,5148120.148,4058915782
93,495028,37,2548,56,492480,1046914.12,202348613
83,375623,37,2552,46,373071,1122249.195,164059024.1
733,10555379,285,20131,448,10535248,5074688.175,2655759696
758,10612129,283,19693,475,10592436,5913694.83,3180847713
534,9911811,231,16311,303,9895500,2981332.469,1808704276
587,11809501,230,15941,357,11793560,3452069.832,2553929658
915,16876169,412,28829,503,16847340,3825021.043,2235298832
988,20805339,409,28113,579,20777226,3857545.058,2850961672
1053,31961135,368,25563,685,31935572,2281606.092,2850385151
1127,35402741,366,25125,761,35377616,2412687.394,3397219031
26,77830,14,1334,12,76496,273209.5017,15666742.16
43,112588,10,628,33,111960,173299.1776,30895821.53
682,10107117,263,19393,419,10087724,5720785.026,2975800568
698,10294409,257,17821,441,10276588,7841280.187,4521721894
845,8932863,372,25931,473,8906932,5697566.57,1957033589
916,10256957,370,25493,546,10231464,7046994.905,2828269512
618,14384509,246,18701,372,14365808,2592924.734,1991843157
695,19886091,233,15997,462,19870094,2301049.547,2858165331
2196,46304455,917,62883,1279,46241572,4879375.883,3588092350
2270,49225699,914,62377,1356,49163322,5581652.33,4399258874
23,143213,14,2266,9,140947,1006862.472,62627645.56
20,145045,7,628,13,144417,321006.1396,73819655.5
182,2174973,80,5749,102,2169224,1978492.881,746528829.5
209,2548449,80,5665,129,2542784,2107136.451,945806328.9
946,17079461,409,29897,537,17049564,7080340.353,4037753487
1017,18695875,399,27489,618,18668386,7003620.41,4756313042
985,19400161,434,30829,551,19369332,4001713.861,2514208192
1071,24345643,426,29121,645,24316522,4385030.972,3661574194
2139,41952331,908,62415,1231,41889916,3040566.554,2040680566
2255,47133543,907,62045,1348,47071498,3336346.392,2531176122
123,669154,60,4606,63,664548,2333166.235,336626347.2
129,717752,58,3940,71,713812,2165791.475,392377650.8
383,6344197,160,12353,223,6331844,3172165.983,1625974269
412,7104883,155,10849,257,7094034,3157736.567,2064806947
347,8186601,146,11245,201,8175356,2319182.641,1686095484
380,10427423,142,9809,238,10417614,2126713.327,2258668419
1585,23651391,786,54107,799,23597284,7365078.933,3212077167
1810,31614281,787,53873,1023,31560408,9420385.238,5518742257
1705,39944233,675,47473,1030,39896760,4367518.398,3670503935
1788,43995979,667,45765,1121,43950214,4372876.983,4199472942
38,224894,20,2438,18,222456,1300894.305,118700469
32,243990,12,824,20,243166,0,0
505,4042795,221,15659,284,4027136,4365053.411,1122591719
542,4542385,216,15017,326,4527368,5880314.436,1772813971
584,9440655,246,17375,338,9423280,2774711.234,1504856453
641,11449919,245,17005,396,11432914,2768428.092,1861287874
1422,28374413,606,41613,816,28332800,5136440.362,3497218116
1512,31237335,607,41597,905,31195738,5311574.737,3983424138
1604,34187285,690,48237,914,34139048,4409537.901,3120787488
1693,39529267,683,46597,1010,39482670,4365526.794,3699007528
161,788647,81,6712,80,781935,2450785.184,285511727.2
176,883277,77,5496,99,877781,2408266.322,384630716.9
282,3102897,139,10829,143,3092068,4569313.991,1304703073
314,3678039,132,9273,182,3668766,4828045.776,1910166094
392,6081557,176,13445,216,6068112,3727732.336,1682431932
411,7355031,167,11501,244,7343530,3474142.038,2218282435
1494,27432975,664,46415,830,27386560,5789064.885,3415761560
1575,30395315,658,45045,917,30350270,7254594.264,4887976349
2203,42284417,912,63525,1291,42220892,5865995.59,3898741697
2298,46404241,911,62293,1387,46341948,6011245.96,4471976750
78,261520,36,2688,42,258832,775533.9243,74677454.13
94,301261,34,2452,60,298809,932280.0888,113610799.8
345,4149869,169,13189,176,4136680,4212488.74,1321231172
380,5286105,162,11389,218,5274716,5247099.804,2430148502
434,7260927,182,13047,252,7247880,3030139.489,1683305541
503,10200219,180,12609,323,10187610,3328381.72,2689210476
1203,16829423,528,36539,675,16792884,5461574.431,2510073781
1354,23672097,527,36169,827,23635928,6001628.341,3921978915
1501,35240343,603,41575,898,35198768,3423613.239,2898544032
1598,40063339,603,41373,995,40021966,3411014.3,3299627736
82,424633,42,4170,40,420463,1744716.949,175920604.9
78,495809,35,2532,43,493277,1250341.273,243587911.6
485,5122427,221,15635,264,5106792,4536664.815,1481791083
529,5724125,218,15129,311,5708996,5308509.295,2003189790
426,8080077,167,12673,259,8067404,3645833.97,2320872371
469,11125363,159,10965,310,11114398,3290906.081,3335744639
741,17687917,294,20145,447,17667772,3427465.569,3005990579
841,23773549,295,20213,546,23753336,3917344.003,4603472435
1515,36069279,557,38535,958,36030744,3463633.461,3238543935
1621,40373491,555,38097,1066,40335394,3666142.344,3881546996
178,1068649,78,5834,100,1062815,930995.188,169605013.8
203,1115363,76,5396,127,1109967,1044205.237,214794913.6
254,3364973,114,9293,140,3355680,1753461.361,633170689.7
269,3950471,105,7517,164,3942954,3876071.171,2033147576
526,8570851,244,17203,282,8553648,4450679.627,2212959768
581,11034001,243,16833,338,11017168,4703453.548,3078401825
1322,31632553,521,36653,801,31595900,4058147.329,3498235266
1370,33626599,515,35173,855,33591426,5061257.104,4833674793
1652,35594011,692,47643,960,35546368,3620137.697,2700979090
1743,39939847,688,47069,1055,39892778,3649221.748,3092855023
90,288913,43,3414,47,285499,486164.8263,40655996.41
104,348855,41,2976,63,345879,599969.7596,69730154.73
345,5049280,141,10704,204,5038576,1868368.597,879476567
367,6093585,141,9861,226,6083724,2942192.562,1815179749
303,6746639,128,9059,175,6737580,3344627.466,2487547756
348,9587895,127,8781,221,9579114,3274481.114,3572102025
556,10291903,236,16591,320,10275312,2495786.264,1545716506
658,15255873,237,16365,421,15239508,2724713.47,2537323111
1994,51986735,750,51647,1244,51935088,3060939.889,3078013873
2084,56346433,745,51005,1339,56295428,3178618.025,3508316089
1,160,1,160,0,0,0,0
334,5159490,149,10646,185,5148844,3435466.888,1661533259
364,6001810,147,10208,217,5991602,3758865.016,2206271860
550,9027129,263,19261,287,9007868,5212883.191,2437929686
619,12108842,257,17544,362,12091298,5192925.823,3578956544
439,9905265,193,14441,246,9890824,2495845.856,1709436472
485,13143947,187,12869,298,13131078,2352575.504,2400485853
1209,29324597,464,32977,745,29291620,3084207.819,2739528867
1279,32780013,457,31337,822,32748676,3016752.134,3152651441
130,680441,60,4570,70,675871,752419.788,111277618.1
148,743275,59,4188,89,739087,1332359.409,235131212.6
279,3347147,133,9635,146,3337512,1994084.492,690740106
306,4143310,128,8856,178,4134454,4154648.779,1939612044
290,5931279,105,7595,185,5923684,1988463.899,1550892927
332,8670479,104,7225,228,8663254,2222795.996,2665279765
748,17166501,328,23621,420,17142880,3951975.575,2868136109
832,22589351,322,22049,510,22567302,3769454.253,3858062157
986,23118944,404,27680,582,23091264,2512465.004,2095953494
1087,29009098,405,27668,682,28981430,2838540.273,2973288862
138,695435,67,6144,71,689291,1852881.817,207873496.2
147,753885,60,4220,87,749665,2146360.692,381291821.8
189,2586324,97,7364,92,2578960,1711192.021,599279708.8
206,3397751,94,6545,112,3391206,1793972.226,929523204.9
879,17441943,352,24691,527,17417252,3213526.825,2266850534
923,18496155,351,24329,572,18471826,4270938.459,3242715775
905,15877507,351,24323,554,15853184,3856475.164,2513563720
1035,23242705,356,24361,679,23218344,4104302.195,3911789345
1480,32593043,636,43859,844,32549184,3326649.827,2468814549
1570,37075185,630,43137,940,37032048,3460315.864,2970595618
177,1078693,71,5334,106,1073359,723870.9631,145664306.9
193,1115745,70,4972,123,1110773,1449877.544,323910866.8
104,1553269,48,4581,56,1548688,1206583.386,407906835
108,2094231,41,2941,67,2091290,1424036.967,1012606008
625,11532459,240,16895,385,11515564,3869952.419,2637743993
656,13367937,239,16525,417,13351412,4215196.83,3405678036
1132,23564071,476,34223,656,23529848,5445935.932,3744325299
1224,28362189,468,32145,756,28330044,5305706.139,4676027014
2049,37153860,891,61940,1158,37091920,4421721.905,2647887555
2176,43221871,890,60853,1286,43161018,4958518.759,3516913175
116,1057977,60,5394,56,1052583,2846494.512,555463799.1
112,1056845,54,3824,58,1053021,5326303.096,1466712608
285,5083400,130,10404,155,5072996,4714717.984,2298899027
291,5589695,124,8657,167,5581038,4356914.983,2808837713
709,14970300,264,18160,445,14952140,2506109.159,2063419328
750,16616149,261,18009,489,16598140,2846500.572,2623500194
1056,23421075,465,32735,591,23388340,4550386.363,3251137418
1121,27338819,457,31229,664,27307590,4587102.65,4011102451
1527,29270201,645,45105,882,29225096,4028826.362,2610416521
1619,33328739,643,43985,976,33284754,4003432.066,3029515777
238,863961,101,7310,137,856651,2251044.765,263797503.3
261,915657,99,6872,162,908785,2621657.477,346700085.9
429,4915333,185,14077,244,4901256,4371086.522,1521901971
450,5510461,176,12293,274,5498168,5645622.814,2525061636
1308,22241327,552,38207,756,22203120,7434565.735,4320427020
1346,23026147,551,37837,795,22988310,7662922.35,4655697716
877,18843001,391,27905,486,18815096,4414303.197,2976367619
932,22188703,382,26129,550,22162574,4420143.532,3749158335
1659,43101158,665,45614,994,43055544,4179658.086,3945224112
1790,48469018,660,44964,1130,48424054,4369471.867,4705709938
99,368062,49,3670,50,364392,1068686.98,106109260.5
116,380448,47,3324,69,377124,1365963.379,154975202.6
209,3526397,91,7405,118,3518992,4163010.68,1978339133
226,4734423,87,6069,139,4728354,3464949.607,2699540012
685,16691843,276,19223,409,16672620,3480641.422,3018853029
710,18157743,274,18785,436,18138958,5556949.395,5365838258
883,19946089,380,27157,503,19918932,3775178.704,2768992447
969,25698107,371,25381,598,25672726,4144700.524,4192339187
1316,28096527,579,39915,737,28056612,3331117.596,2341472477
1451,33716701,578,39637,873,33677064,3893523.091,3308081498
132,421985,62,4666,70,417319,1091793.549,97648133.73
157,485283,60,4228,97,481055,1714353.979,195056422.3
268,3512273,118,8473,150,3503800,2704979.063,1118577321
289,4208161,115,8169,174,4199992,4312842.361,2217395448
686,15646189,266,19405,420,15626784,3372862.35,2716155187
715,17339307,263,18037,452,17321270,3226745.511,3098704342
1276,26317355,501,34727,775,26282628,5161365.595,3906304947
1357,29130647,502,34505,855,29096142,5810587.6,4899744441
1755,34775432,735,51072,1020,34724360,4841785.772,3291978230
1847,40098247,730,49797,1117,40048450,4795232.558,3856489976
251,648049,116,8414,135,639635,2429830.048,184716465.7
265,690615,113,7908,152,682707,2462804.984,212616869.3
273,5933209,114,9069,159,5924140,2051335.525,1339993256
279,6681107,107,7429,172,6673678,2236707.665,2009296909
785,15802361,331,23825,454,15778536,4542213.836,3008163045
809,16942643,326,22321,483,16920322,4665649.08,3536771864
936,23349567,383,26595,553,23322972,2942792.846,2580736046
1023,27102025,384,26361,639,27075664,3146908.088,3232222830
1573,30824687,688,47443,885,30777244,3809647.7,2471396346
1680,35566615,688,47141,992,35519474,3838763.153,2892404658
59,358749,33,4262,26,354487,1525773.107,126904441.9
49,359449,21,1628,28,357821,1603156.682,352360643.3
475,6048116,192,13896,283,6034220,4980170.796,2162596878
503,6536403,191,13393,312,6523010,5036443.992,2452980999
435,7707293,197,14269,238,7693024,3715898.48,2003398710
469,9281158,192,13196,277,9267962,3741299.33,2627631102
1026,22484479,437,30291,589,22454188,3301310.507,2447203683
1108,25587465,437,29989,671,25557476,3868221.213,3296607783
1078,31061035,419,29599,659,31031436,2623765.034,2750741469
1190,38426599,414,28297,776,38398302,2889997.781,3921652739
179,1078741,78,5722,101,1073019,1220942.861,228957512.8
203,1129057,76,5284,127,1123773,1620835.901,344710753.7
223,3434105,106,8525,117,3425580,2765735.249,1111348663
230,4072039,100,6953,130,4065086,3749841.914,2192352922
617,9069123,274,19255,343,9049868,3112057.694,1462670025
685,11631915,274,18953,411,11612962,3204316.808,1963362493
1220,28185467,475,32911,745,28152556,2988483.474,2556392949
1312,31814351,477,32745,835,31781606,3338628.076,3240401957
980,25146937,398,28281,582,25118656,2745251.934,2438281495
1102,32927911,393,26877,709,32901034,2610373.176,3195445051
92,480333,37,2850,55,477483,754314.9295,126376335.3
94,514075,35,2412,59,511663,1213010.213,257318592.4
642,5713550,257,18450,385,5695100,6195363.484,1912369354
672,6729967,253,17529,419,6712438,7218782.672,2764312347
979,19048729,386,26733,593,19021996,6560971.533,4668491163
1026,20130199,385,26573,641,20103626,7036235.401,5323216985
1250,24789284,534,37556,716,24751728,4599854.895,3031589019
1342,29228825,529,36281,813,29192544,4503218.082,3623394945
2683,59341519,1112,76155,1571,59265364,5164799.614,4019351705
2794,63593913,1109,75661,1685,63518252,5762099.728,4837346884
160,841553,64,5434,96,836119,3113736.994,479104648.8
175,936407,62,4380,113,932027,2553410.289,543344139.7
143,1873281,67,5873,76,1867408,2717838.196,864177216.2
146,2296559,62,4369,84,2292190,2351570.089,1233748099
719,16913850,294,21062,425,16892788,4069297.851,3263782447
753,18452164,288,19700,465,18432464,4249121.004,3975724362
1331,29464395,523,36187,808,29428208,4252273.683,3458059370
1435,34427803,522,35817,913,34391986,4991559.488,4792965465
1840,39835697,804,56121,1036,39779576,4344125.85,3079194676
1894,42429101,795,54345,1099,42374756,5070412.502,3953583450
78,393549,37,3434,41,390115,1550505.026,176143060.1
92,511073,33,2312,59,508761,1201024.611,264288270.8
188,2482277,88,7325,100,2474952,2916773.453,985511848.7
205,3796979,83,5821,122,3791158,2990825.536,1947894203
806,15222079,334,24519,472,15197560,5846768.07,3623989908
834,16661951,326,22533,508,16639418,5834089.818,4308163988
959,22365275,400,27823,559,22337452,3862751.066,3101175881
1058,26760853,396,27249,662,26733604,4438803.292,4354846396
1698,36299797,740,51085,958,36248712,4914763.583,3487400404
1775,40685375,735,50157,1040,40635218,5293735.037,4288774792
38,21929,20,1682,18,20247,370848.0166,4464066.464
62,72119,18,1244,44,70875,308104.7779,17553799.14
586,9938685,236,17605,350,9921080,4229419.269,2383436917
601,10133189,230,16033,371,10117156,8015287.187,5057812690
417,7253497,191,14305,226,7239192,2222683.263,1124811667
443,8763771,187,12869,256,8750902,2193029.17,1491256768
1126,28765115,432,29931,694,28735184,4646737.491,4461089065
1193,31623917,426,29221,767,31594696,4671707.286,5051201926
1683,39022507,675,46483,1008,38976024,4350551.619,3647940200
1785,42608365,676,46349,1109,42562016,4339251.957,3984709728
97,780889,39,3106,58,777783,1513276.584,378944237.5
96,819626,37,2668,59,816958,0,0
329,3856895,161,12119,168,3844776,4200475.391,1332608876
365,4590525,157,10985,208,4579540,5823897.224,2427926290
984,16484135,364,25399,620,16458736,5944969.128,3852383062
1039,18349847,360,24825,679,18325022,6545456.199,4831646681
978,14847861,428,30509,550,14817352,4702122.309,2283686827
1052,18577889,419,28817,633,18549072,4602471.91,2962542348
1481,33515635,620,42783,861,33472852,3422183.31,2677470852
1586,38558565,618,42345,968,38516220,3650101.306,3320063878
194,1083757,93,6874,101,1076883,1829459.156,286603646.3
214,1120669,91,6436,123,1114233,2576002.016,445970549.1
210,2347622,96,7438,114,2340184,1779858.56,559988777.2
226,2830856,90,6324,136,2824532,1809602.18,808235177.9
366,6565188,154,11284,212,6553904,3230351.101,1876232808
397,8686440,146,9996,251,8676444,3066178.193,2661416905
830,14625675,365,25383,465,14600292,2807690.614,1614982580
961,20954929,360,24753,601,20930176,3080570.777,2604811075
1723,35042251,748,51319,975,34990932,3793248.061,2586357586
1832,40683669,748,51017,1084,40632652,3986692.44,3175213880
79,417218,32,2510,47,414708,563076.3102,93032769.11
93,472417,29,1996,64,470421,712147.7928,167840319.1
155,2453767,72,5291,83,2448476,1040972.836,481723116
187,2965569,69,4785,118,2960784,1235374.145,764404598.1
642,8979325,312,22677,330,8956648,4345578.296,1716356447
737,12543909,303,20901,434,12523008,5048165.101,3024650110
1815,37298847,718,49235,1097,37249612,5289484.81,4001853495
1896,40312479,717,48957,1179,40263522,6561623.329,5396451279
2126,48310023,800,55047,1326,48254976,3827719.822,3355433142
2220,53691675,793,54269,1427,53637406,4024592.329,3977753280
104,578824,44,3410,60,575414,1029210.41,173672163.9
121,637132,42,2972,79,634160,985549.2841,210294728.8
362,6597631,162,13191,200,6584440,3404519.454,1699405206
370,7321141,150,10353,220,7310788,4406103.537,3111377269
438,7034817,197,15085,241,7019732,3170127.459,1475203525
466,8365124,189,13156,277,8351968,2890410.02,1834950744
950,20825329,399,28605,551,20796724,4389534.807,3191328225
1051,25011591,393,27025,658,24984566,4404367.552,4071830223
2583,52678219,1072,73575,1511,52604644,5200792.012,3718461601
2646,55320105,1071,73205,1575,55246900,5979383.847,4512566375
74,368686,38,3256,36,365430,4453931.696,499877229.6
77,496504,34,2480,43,494024,0,0
793,10557983,290,20443,503,10537540,6945281.7,3580011922
816,10608241,289,20081,527,10588160,7520079.541,3965131487
499,8067163,188,13335,311,8053828,2244191.561,1355405537
556,9707773,186,12889,370,9694884,3285031.05,2470943825
608,12719725,255,18649,353,12701076,3011639.298,2051105132
714,19860610,250,17008,464,19843602,2940982.765,3431308294
2791,55381547,1132,77519,1659,55304028,5468475.169,3901349396
2871,58859391,1130,77081,1741,58782310,6895172.288,5258288747
189,1076537,89,6482,100,1070055,1487834.451,245613189.4
210,1123265,87,6044,123,1117221,1773242.767,327780287.5
339,5431369,151,11633,188,5419736,2705205.477,1260336930
373,6210855,147,10197,226,6200658,4505585.256,2739785551
495,10406557,183,14005,312,10392552,3904994.454,2897740659
180,12947,177,12433,3,514,3818573.97,157865.923
338,12225894,0,0,338,12225894,0,4244462466
940,19159399,400,27847,540,19131552,3772033.172,2591476596
1029,22535203,396,27273,633,22507930,3911298.3,3227926093
1875,40491947,722,49815,1153,40442132,3634679.505,2950801733
1963,43917587,717,49173,1246,43868414,4411964.258,3936019251
159,687069,73,6326,86,680743,2928817.941,315171089.4
168,716321,67,4756,101,711565,2582569.704,386389026.8
254,3339571,113,8799,141,3330772,2630458.476,995733315
271,3964859,109,7565,162,3957294,2429441.914,1270854714
836,13770947,321,22455,515,13748492,3656825.53,2238959543
892,16208875,321,22245,571,16186630,5141643.079,3741329472
790,19452513,317,22933,473,19429580,2669556.193,2261734427
880,23875915,310,21293,570,23854622,2719719.309,3046911007
1708,40913463,621,42827,1087,40870636,2908469.501,2775608805
1795,44216545,617,42253,1178,44174292,3916983.279,4095092966
29,228047,17,2032,12,226015,1968067.094,218903880.1
27,306775,12,824,15,305951,1069817.956,397223147.3
141,2420716,62,4648,79,2416068,1662785.983,864329605.1
162,3780016,61,4168,101,3775848,2071225.973,1876351835
414,5528835,198,14075,216,5514760,3645284.784,1428267901
469,7130683,193,13433,276,7117250,3649343.289,1933543402
1080,21277738,482,33834,598,21243904,5326609.238,3344504797
1172,25238577,481,33041,691,25205536,5349943.022,4081237900
1790,42890511,712,49087,1078,42841424,4315013.287,3765993314
1943,49170071,712,48785,1231,49121286,4515909.759,4547038943
113,546949,49,3846,64,543103,581883.6406,82169202
128,593537,47,3408,81,590129,1247192.855,215963812.4
246,3372939,114,8891,132,3364048,2283114.696,863851920.8
269,4132846,108,7468,161,4125378,3555668.555,1964177401
707,10427819,342,23823,365,10403996,6521156.033,2847923489
797,12789153,342,23613,455,12765540,6739090.076,3643252612
1501,24102193,648,45469,853,24056724,5588645.533,2956838794
1595,28256389,643,44057,952,28212332,5790808.378,3708200933
2090,39750713,844,58865,1246,39691848,5657861.91,3815017327
2156,42712939,837,57237,1319,42655702,6301865.519,4696446313
25,15098,14,1310,11,13788,333508.1599,3510237.03
43,45796,12,872,31,44924,441409.6686,22740697.19
259,4477245,116,9113,143,4468132,1787695.908,876512816
280,5935951,112,7769,168,5928182,2581212.229,1969609457
938,16035651,361,25159,577,16010492,3427198.218,2180974190
992,18139111,360,24789,632,18114322,3877248.69,2833261981
890,15359015,407,28371,483,15330644,4327271.179,2338298049
1008,19284701,402,27729,606,19256972,4667967.182,3241765420
2024,38071859,812,55875,1212,38015984,4494582.67,3058004168
2131,42635331,809,55369,1322,42579962,4501573.857,3461807939
69,270458,33,2650,36,267808,541182.4668,54691695.88
75,282906,30,2000,45,280906,415421.8076,58347239.15
144,2879693,57,5193,87,2874500,2049749.043,1134604973
155,3822607,52,3689,103,3818918,2046173.551,2118235024
729,14530467,296,20799,433,14509668,2474434.951,1726199799
792,16678577,295,20429,497,16658148,3246508.68,2647257432
1163,24817231,480,33251,683,24783980,4230113.613,3152959345
477,33055,474,32541,3,514,4266119.054,67385.3045
760,28121428,0,0,760,28121428,0,3801446487
2082,35833193,855,59757,1227,35773436,4706488.53,2817532109
2187,40413809,849,58185,1338,40355624,5250229.173,3641424326
75,355169,31,2522,44,352647,980785.0519,137141517.1
71,390336,30,2244,41,388092,0,0
398,5843799,180,12887,218,5830912,2704728.971,1223794259
438,6792851,177,12373,261,6780478,3355529.398,1838850179
454,7954709,188,14221,266,7940488,3582641.872,2000416623
492,9256287,182,12649,310,9243638,3429967.309,2506551993
1546,26591731,662,45603,884,26546128,4229059.447,2461793159
1641,30825069,658,45029,983,30780040,4649926.611,3178505565
1481,31795383,606,41939,875,31753444,3731027.514,2824887890
1608,37127267,605,41569,1003,37085698,3963533.234,3536058037
195,807265,84,6166,111,801099,2008767.999,260983139
224,885811,84,5872,140,879939,2035928.045,305090682.6
369,5102125,161,12445,208,5089680,4198388.622,1717031306
398,5851243,155,10873,243,5840370,4884759.129,2623820535
444,8053699,202,14339,242,8039360,2273397.267,1274611831
490,9592741,200,13921,290,9578820,2570211.692,1768522029
1671,28365255,680,46875,991,28318380,5634203.782,3403765839
1785,32814513,681,46641,1104,32767872,5827750.283,4094315630
2160,43150783,923,63427,1237,43087356,5275629.704,3583851281
2250,46312327,922,63057,1328,46249270,5515347.046,4045241205
92,460453,49,4426,43,456027,1375259.429,141698018.9
101,575730,45,3152,56,572578,1218021.207,221260198.9
468,5828926,232,16774,236,5812152,5494463.425,1903818802
517,7412148,223,15292,294,7396856,7740705.108,3744237577
349,5673325,155,11965,194,5661360,3447157.226,1631057086
392,7713891,151,10529,241,7703362,3178796.95,2325712189
857,22322575,367,25503,490,22297072,3380698.192,2955717798
939,26613053,365,25065,574,26587988,4074537.871,4322113067
1515,36480499,609,42083,906,36438416,3021648.373,2616355308
1614,41313275,607,41645,1007,41271630,3220673.841,3191798755
116,443658,54,3844,62,439814,712439.6475,81514290.1
126,531801,52,3608,74,528193,779687.7089,114142347.6
240,3348807,102,7391,138,3341416,2037265.405,921032501.6
268,4979997,100,6953,168,4973044,4122925.501,2948869542
549,10003640,253,18208,296,9985432,3335530.702,1829235227
581,11568690,246,16736,335,11551954,3476149.504,2399397656
1547,31623651,608,41991,939,31581660,4018329.375,3022207428
1676,38414751,608,41689,1068,38373062,5361036.243,4934620071
1552,31279271,692,47511,860,31231760,4178158.477,2746548016
691,47451,688,46937,3,514,4201154.4,46006.2075
976,37529264,0,0,976,37529264,0,3416138759
180,1043753,87,6406,93,1037347,1163749.512,188450213
195,1076823,85,5968,110,1070855,1562485.478,280361157.2
462,4263845,211,15113,251,4248732,2645413.214,743707521.8
496,5101254,207,14192,289,5087062,7261408.068,2602820818
414,9301411,159,11053,255,9290358,2312273.075,1943530685
367,7652869,158,10985,209,7641884,2388123.753,1661334975
1388,29547021,602,41909,786,29505112,6167223.563,4341898445
1528,34467399,594,40777,934,34426622,6756853.603,5704579663
1900,41078325,837,58233,1063,41020092,4752018.494,3347384401
834,57175,831,56661,3,514,4888083.382,44342.22584
1146,45536224,0,0,1146,45536224,0,4124037918
175,1075677,70,5282,105,1070395,825354.5415,167257738.4
193,1119019,68,4844,125,1114175,942849.7805,216866154.9
401,4196478,165,11830,236,4184648,1874064.267,662916254.3
424,4878946,162,11324,262,4867622,4243139.301,1823913653
775,12989167,332,23331,443,12965836,3905937.08,2170663049
816,14675581,327,22681,489,14652900,4650819.207,3004628930
1653,36604607,676,46627,977,36557980,7054091.384,5530772551
1748,40519161,675,46257,1073,40472904,7711913.508,6747595716
2238,40828051,981,67319,1257,40760732,5146179.33,3115941064
2352,45993805,976,66677,1376,45927128,5219283.671,3595043407
12,1700,9,1488,3,212,1673125.949,238375.4712
9,1391,3,204,6,1187,323678.5753,1883365.043
464,5931579,200,14227,264,5917352,3529602.722,1468046793
495,6445175,198,13881,297,6431294,3885135.892,1800046909
355,6415436,152,11520,203,6403916,2434865.37,1353530668
393,8310937,147,10329,246,8300608,2590659.849,2081910336
1397,36423157,531,37637,866,36385520,2879212.037,2783474431
1439,38423591,525,36065,914,38387526,2871446.746,3056363140
1057,29937176,420,29244,637,29907932,2224630.387,2275136587
1174,37310085,414,28305,760,37281780,2517661.097,3316123905
63,538357,33,3558,30,534799,1911372.33,287296236.8
58,602309,25,1844,33,600465,0,0
328,4001463,133,9619,195,3991844,3113410.484,1292052080
361,4484721,132,9249,229,4475472,3344897.533,1618552844
1263,19171319,503,36199,760,19135120,7272101.767,3844099007
1296,20528770,493,33848,803,20494922,7214415.809,4368319820
1122,20868111,511,35379,611,20832732,4540853.167,2673856725
1246,25119701,511,35089,735,25084612,5609739.642,4010320680
1435,34894173,582,41121,853,34853052,3341491.157,2832157901
1539,40092559,575,39405,964,40053154,3796602.684,3859051186
68,416153,38,4234,30,411919,2498584.625,243083249.9
58,411321,26,1912,32,409409,2805385.033,600706004.8
314,3787933,133,9313,181,3778620,3668490.637,1488438966
329,4173369,132,9153,197,4164216,6562559.907,2985678681
650,10257808,287,20340,363,10237468,4914212.829,2473406912
718,12153139,283,19461,435,12133678,4955571.485,3089733760
1678,32261187,671,46287,1007,32214900,5476233.121,3811357452
1761,35366303,666,45645,1095,35320658,7004163.273,5419907011
1033,23553525,439,31269,594,23522256,2390385.161,1798178762
1149,29518627,436,29993,713,29488634,2478663.745,2436982228
141,543937,69,5170,72,538767,971707.683,101261902
158,630461,67,4732,91,625729,1593432.982,210705246.5
352,4887001,157,11333,195,4875668,3987353.268,1715433754
362,5308031,156,10761,206,5297270,4763711.066,2345011032
552,8568950,267,18586,285,8550364,3332713.433,1533192347
617,10236804,266,18216,351,10218588,4812144.801,2699457901
1862,38997900,778,53004,1084,38944896,5193435.865,3815897284
1892,40743066,775,52700,1117,40690366,5750635.765,4440141822
1429,32882063,550,38059,879,32844004,3246641.353,2801773603
1555,38446219,546,37485,1009,38408734,3467708.142,3553162054
198,622459,86,6260,112,616199,1438914.447,141638601.2
205,646635,86,6176,119,640459,3042914.842,315554112.2
182,2435053,88,7301,94,2427752,4153229.184,1381045125
197,3591507,82,5729,115,3585778,3810971.427,2385284954
509,9522894,228,15858,281,9507036,2306004.617,1382473761
571,11514997,230,15937,341,11499060,2323544.326,1676512243
1026,24437827,414,28787,612,24409040,3752988.143,3182229398
1082,26696453,411,28281,671,26668172,3825421.666,3607262931
2132,41562037,927,64353,1205,41497684,4942386.679,3187071319
3097,79603530,916,62288,2181,79541242,45556.90853,58175781.63
156,696621,77,5658,79,690963,1548917.744,189156035.9
252,1685454,73,4940,179,1680514,3636.468101,1237071.975
464,6224845,227,16945,237,6207900,5406033.558,1980532058
507,7197829,217,15101,290,7182728,7694584.46,3659897176
1010,14640757,377,27217,633,14613540,6857636.918,3682049873
1108,19470045,372,25713,736,19444332,6862341.57,5189345770
1707,31687305,712,49877,995,31637428,4910580.56,3114825248
1778,35291621,704,48169,1074,35243452,5632586.623,4121152531
2525,49140983,1066,73147,1459,49067836,4891192.785,3281067513
2611,52874629,1066,72837,1545,52801792,6037913.904,4377070364
148,753221,63,5554,85,747667,2487626.533,334878694.1
155,790879,57,4076,98,786803,2132373.521,411618715.3
400,8119797,163,12401,237,8107396,5976455.387,3907224458
403,8485483,157,10829,246,8474654,6017286.989,4709061340
1387,22583615,550,38107,837,22545508,9364604.794,5540445910
1424,23213799,548,37669,876,23176130,9629069.057,5924355737
582,12041168,264,18712,318,12022456,2982552.657,1916289444
651,15828943,262,17969,389,15810974,2928984.036,2577221350
3505,70981475,1401,96955,2104,70884520,70466.86624,51518848.84
3692,80002650,1390,95234,2302,79907416,69404.62264,58234916.66
102,602417,45,3422,57,598995,1191408.973,208547053.8
132,669952,45,3220,87,666732,1115126.509,230897679.4
181,3351301,77,6557,104,3344744,2215182.029,1129970535
201,4734647,73,5129,128,4729518,2647764.755,2441538520
921,13403799,426,29659,495,13374140,5192378.553,2341400509
1020,15772047,425,29289,595,15742758,8186688.016,4400322587
803,16562329,355,25457,448,16536872,2715001.486,1763665477
881,21225233,349,23885,532,21201348,3312718.072,2940510307
2013,40860051,859,59011,1154,40801040,3865176.562,2672437741
2128,46015757,860,58789,1268,45956968,4369215.385,3415535077
103,399254,49,3798,54,395456,972973.7519,101308138
120,451071,47,3360,73,447711,1082679.409,144264131.2
190,2563405,87,6689,103,2556716,2376686.408,908433572.6
235,3649367,86,6133,149,3643234,2187896.15,1299693077
833,20234753,322,23213,511,20211540,6397648.968,5570427692
860,22218415,315,21573,545,22196842,6246811.831,6427455394
983,20157782,446,32434,537,20125348,3018901.398,1873233064
1029,23355524,435,29580,594,23325944,3484052.055,2747424041
1310,37561439,496,34167,814,37527272,3310639.083,3636235355
1415,44012235,493,33677,922,43978558,3269902.608,4270142872
135,648557,62,4714,73,643843,1225684.407,167405245.1
153,737417,59,4220,94,733197,1138618.929,197827484.1
149,2668171,60,4535,89,2663636,1453827.24,853906631.8
174,4103399,60,4233,114,4099166,2803463.964,2714827347
614,10763731,245,17223,369,10746508,2316848.856,1445627055
650,11968665,242,16717,408,11951948,2329357.446,1665392060
1607,33333895,666,45923,941,33287972,3924406.025,2844664283
1664,36051013,659,45137,1005,36005876,4769303.866,3804483319
2392,41900731,960,65899,1432,41834832,4971685.998,3156188235
2458,44313157,955,65245,1503,44247912,5018840.845,3403681938
160,884821,72,5326,88,879495,1645765.57,271769168.2
184,993405,70,4888,114,988517,1941534.895,392643259
85,1579865,38,2829,47,1577036,1079876.507,601980956.9
97,2166491,39,2805,58,2163686,1740839.569,1342827167
473,7304515,195,13875,278,7290640,3317584.372,1743229789
516,8549645,193,13437,323,8536208,3336922.651,2119867963
1251,28973505,494,34909,757,28938596,4407806.441,3653949693
1332,33908997,487,33261,845,33875736,5396970.234,5496718044
2133,46259294,872,60290,1261,46199004,4512125.158,3457549979
2225,50337931,869,59269,1356,50278662,5242401.996,4447197659
103,393509,48,3594,55,389915,1491517.152,161815500.9
129,474543,48,3392,81,471151,1411168.292,196012191.1
734,7102709,263,19369,471,7083340,6489340.281,2373184139
757,7494513,257,17797,500,7476716,8536950.029,3586466869
227,5015163,102,7951,125,5007212,2316044.367,1458549258
254,6699147,99,6885,155,6692262,2013759.078,1957386109
1038,22081725,460,32597,578,22049128,4645318.738,3142167299
1112,25945591,455,31093,657,25914498,4576921.272,3814640503
1774,37639254,749,51410,1025,37587844,4406937.236,3222082656
1873,41842229,747,51117,1126,41791112,4805433.166,3928720301
40,219011,20,2092,20,216919,1279591.02,132680499.3
40,283833,16,1096,24,282737,1505587.312,388398941.5
122,2309849,56,3961,66,2305888,1641825.048,955785073.2
141,3412981,56,3961,85,3409020,2118470.701,1823253973
931,15110999,361,25183,570,15085816,3980268.486,2384370330
972,16800633,357,24601,615,16776032,4063400.259,2770933408
978,21590283,409,28399,569,21561884,3140659.441,2384539405
1082,25600989,401,27553,681,25573436,3959267.596,3674811326
1450,28161951,627,43259,823,28118692,3284829.844,2135165368
1561,33027753,624,42753,937,32985000,3582524.603,2764006597
169,1078109,69,5158,100,1072951,1802725.933,374997400.6
191,1128289,67,4720,124,1123569,1863474.716,443589496.5
423,6181291,185,13203,238,6168088,2522651.656,1178515293
438,6591537,184,12833,254,6578704,2828729.369,1450118695
524,8710631,248,17519,276,8693112,4219761.437,2093889993
583,10504599,248,17217,335,10487382,4483292.237,2730905402
1104,19876573,469,32857,635,19843716,4013656.657,2424015060
1197,23351489,468,32201,729,23319288,5031375.688,3643616618
806,17315208,361,25316,445,17289892,1916956.035,1309210097
926,25131247,355,24293,571,25106954,1861850.919,1924233539
80,444730,36,2938,44,441792,459825.379,69144715.4
94,474062,33,2432,61,471630,879648.242,170587376.8
166,3057441,76,6385,90,3051056,3222547.435,1539886090
278,4084095,106,7397,172,4076698,5200.871142,2866348.652
1011,17446801,403,28865,608,17417936,5042320.379,3042674992
1060,18910253,396,27237,664,18883016,5067531.033,3513245569
993,21616167,423,29471,570,21586696,3378064.278,2474339066
1090,24664615,424,29237,666,24635378,4079625.18,3437531498
1178,28433942,524,35942,654,28398000,2758019.667,2179128666
1274,34001354,518,35232,756,33966122,3162919.118,3049276131
119,1058181,61,5462,58,1052719,4515546.061,870304125.6
115,1057049,55,3892,60,1053157,5304772.251,1435446565
449,4596765,178,13505,271,4583260,2963551.227,1005755335
479,5255277,173,11993,306,5243284,5488006.055,2399330805
708,12584297,289,20293,419,12564004,4506237.463,2789946558
737,13841635,288,19737,449,13821898,4394682.795,3077613484
1238,21655511,583,40147,655,21615364,4299707.395,2314985937
1381,23971435,574,39245,807,23932190,6050362.698,3689601979
1254,18599307,541,37423,713,18561884,2402422.664,1191606520
1371,23973333,540,37053,831,23936280,2655851.144,1715682849
413,1090369,190,13398,223,1076971,3657153.464,293972848.4
427,1120913,188,12960,239,1107953,4644229.531,397036114.3
354,4404233,184,14009,170,4390224,2601716.912,815341568.2
395,5348217,179,12505,216,5335712,3693240.698,1575855155
448,7310035,218,15931,230,7294104,3148389.028,1441508820
480,9116949,213,14637,267,9102312,3987399.116,2479644109
1247,20994259,507,35147,740,20959112,4199914.283,2504523113
1335,25051747,503,34573,832,25017174,4206531.345,3043864478
1016,25412715,429,30279,587,25382436,2785714.379,2335222991
1128,32218385,424,28977,704,32189408,2839038.022,3153775519
170,1076873,72,5506,98,1071367,1128340.019,219554351.8
186,1113917,70,5068,116,1108849,1491686.929,326372446.5
244,4163493,113,8353,131,4155140,1841964.141,916271863.9
263,5216598,109,7424,154,5209174,3072557.722,2155911611
505,8506923,215,15635,290,8491288,3043248.212,1652772435
559,11952275,210,14433,349,11937842,4038398.22,3340245263
849,16767577,383,27009,466,16740568,3237366.854,2006566698
930,20254249,376,25945,554,20228304,4152925.707,3237874106
1754,34228991,771,53155,983,34175836,3269248.432,2101952747
1902,41190655,770,52785,1132,41137870,3724008.236,2902297370
187,1077333,87,7278,100,1070055,2100841.473,308878252.6
197,1106745,81,5708,116,1101037,1859390.136,358664565
466,6340261,188,14101,278,6326160,2784038.06,1249008596
476,6833711,183,12597,293,6821114,2614692.263,1415822339
1012,16017775,378,26415,634,15991360,3945255.197,2388415527
1075,17580893,375,25909,700,17554984,5663763.63,3837557602
1464,32572547,575,39791,889,32532756,5660630.472,4628079464
1565,36698825,571,39217,994,36659608,6564106.238,6136052262
1597,30063107,709,48883,888,30014224,2607020.354,1600713804
1740,36154775,710,48649,1030,36106126,2862767.527,2124677692
90,338103,44,3880,46,334223,880462.7195,75843013.27
93,403852,39,2808,54,401044,1366384.211,195149640.2
216,3662068,88,7156,128,3654912,2863841.658,1462701124
240,5486995,84,5865,156,5481130,3090823.37,2888525951
670,9650167,306,21431,364,9628736,3819931.178,1716257237
745,11302673,304,20993,441,11281680,5994790.004,3221612085
1561,33299195,604,41695,957,33257500,5738507.716,4577249559
1628,36228069,601,41189,1027,36186880,5819572.415,5112825478
2201,44643531,934,64127,1267,44579404,4597011.81,3195721719
2287,47858077,935,63985,1352,47794092,5967439.96,4457425560
125,590525,57,4238,68,586287,1083301.107,149864406.8
131,677306,58,4084,73,673222,1696971.095,279735130.8
256,3486040,120,9200,136,3476840,3075684.317,1162354593
288,4208709,115,8253,173,4200456,3646125.677,1855736154
820,15724788,327,22520,493,15702268,4539757.056,3165385522
898,18204941,327,22581,571,18182360,4877953.547,3927758180
1665,32967123,636,43895,1029,32923228,5057605.298,3793431879
3611,80040454,1369,93774,2242,79946680,62592.87284,53363324.33
1544,33526354,657,44998,887,33481356,4100097.253,3050731494
1641,37892376,655,44548,986,37847828,4156722.519,3531537195
164,773621,79,5826,85,767795,1313306.647,173077630.8
179,813993,78,5456,101,808537,1873063.313,277573495.6
148,2304213,64,5669,84,2298544,1587227.369,643554762.1
161,3281635,60,4233,101,3277402,2205368.494,1707507468
473,8009770,214,15030,259,7994740,3077575.166,1637020178
627,10225952,213,14797,414,10211155,9730.908441,6715132.418
1340,30195443,560,38747,780,30156696,5360035.802,4171702848
1478,34893481,556,38173,922,34855308,7069967.803,6455502720
1142,31094100,478,32604,664,31061496,2729165.54,2600047985
1248,37727473,476,32513,772,37694960,2885386.309,3345262556
113,427289,54,4174,59,423115,550127.4567,55765974.8
127,552795,52,3736,75,549059,860039.0845,126395128.4
293,3837501,133,10493,160,3827008,2585472.609,942973826.3
311,4401519,124,8709,187,4392810,4492126.979,2265823896
616,10179949,265,19569,351,10160380,2897008.473,1504149775
652,12023047,261,18145,391,12004902,2818985.405,1865067155
1576,34246111,613,42355,963,34203756,4324536.2,3492276732
1685,38190037,611,41917,1074,38148120,5711802.292,5198237452
2278,42444699,976,67051,1302,42377648,4218386.049,2666109068
2383,47394661,976,66749,1407,47327912,4511634.865,3198943173
131,510353,64,4854,67,505499,1562192.433,162687827.1
141,584665,62,4416,79,580249,1686823.349,221643469.6
304,4805833,132,9937,172,4795896,4807324.821,2320159996
325,5364398,128,8860,197,5355538,4667038.291,2821049765
786,11679087,388,27055,398,11652032,6602342.129,2843492950
896,15170573,387,26685,509,15143888,6763621.197,3838393175
1496,23803255,585,40427,911,23762828,4829451.375,2838732094
1584,27829015,582,39921,1002,27789094,6113087.759,4255333543
1380,30355183,566,39087,814,30316096,3007211.89,2332410376
1512,36920932,562,38368,950,36882564,2998433.409,2882347584
140,630305,66,4850,74,625455,1800251.766,232160096.6
161,662165,65,4572,96,657593,1825291.698,262532599.2
434,3638859,178,12787,256,3626072,3527481.24,1000305072
536,7025298,174,12060,362,7013238,7843.065666,4560969.002
481,9152127,212,15067,269,9137060,2597099.327,1574955358
539,11147369,211,14685,328,11132684,3046128.624,2309267102
1398,28063859,548,37971,850,28025888,4637392.579,3422797530
1498,31913021,546,37533,952,31875488,5125530.99,4352937457
1241,24371903,544,37683,697,24334220,3467039.531,2238879672
1381,30557175,544,37381,837,30519794,3714511.782,3032720751
85,662008,42,3334,43,658674,3261028.376,644257529.8
89,792886,40,2896,49,789990,0,0
614,6339401,269,19789,345,6319612,5256390.829,1678627043
642,7016027,264,18285,378,6997742,5682929.812,2174879772
234,6161785,82,5729,152,6156056,1884091.382,2024536928
595,17884149,79,5517,516,17878632,3565.747233,11555316.76
2511,50188098,1102,76134,1409,50111964,48968.72733,32231579.86
2670,56548862,1095,75082,1575,56473780,48300.46561,36329744.39
2114,40133007,929,63955,1185,40069052,4308187.186,2699163105
2234,45572657,928,63585,1306,45509072,4700169.899,3364006768
22,186612,10,680,12,185932,0,0
23,187044,12,1272,11,185772,0,0
497,6495957,175,12165,322,6483792,4481138.743,2388390591
465,5621581,174,12097,291,5609484,4737173.419,2196668471
612,13031945,252,18609,360,13013336,4325448.95,3024800932
648,14648507,246,17037,402,14631470,4310054.362,3701498567
695,15226345,288,20901,407,15205444,2678708.144,1948755881
781,21220971,282,19329,499,21201642,3110989.612,3412390089
1836,36600443,814,56059,1022,36544384,3482225.051,2270032812
1933,41209955,810,55485,1123,41154470,4622807.14,3428839826
169,816969,83,6042,86,810927,2081496.155,279367996.2
195,959405,82,5680,113,953725,2070055.432,347581622.7
109,1820465,49,4649,60,1815816,1512709.657,590837255
115,2320707,44,3145,71,2317562,1684197.336,1241091175
521,10781520,209,14304,312,10767216,3208036.418,2414822501
581,14321807,207,14221,374,14307586,3419002.022,3439818962
921,21221139,375,26171,546,21194968,1982947.38,1605919004
984,24271081,371,25597,613,24245484,2535264.11,2401402720
2261,40941691,942,64751,1319,40876940,3233287.597,2041156169
2375,45801391,938,64177,1437,45737214,3516563.481,2506159784
171,898985,77,5674,94,893311,844992.3583,133035066.7
193,978889,75,5236,118,973653,1558181.921,289749522.9
468,6476919,176,12655,292,6464264,2205598.464,1126635381
506,7122775,173,12149,333,7110626,3329966.433,1948979002
689,13441135,268,18675,421,13422460,4843398.092,3481141481
726,14690867,270,18609,456,14672258,4835179.968,3812295554
1327,25565315,552,38087,775,25527228,5533500.565,3708743943
1492,33484547,552,37785,940,33446762,5749001.537,5088937042
1969,35558299,802,55255,1167,35503044,4325115.881,2779020531
2069,40019817,794,54409,1275,39965408,4428680.687,3253028553
167,1075073,75,5562,92,1069511,621285.1227,119466248.3
186,1112607,73,5124,113,1107483,1050604.609,227073915.7
348,5557079,149,10779,199,5546300,1721583.191,885835128.9
387,6644185,147,10341,240,6633844,3759183.594,2411549902
472,7600717,218,16141,254,7584576,3996577.616,1877972038
500,8730983,217,14909,283,8716074,3865610.467,2259906559
1273,20843787,567,39219,706,20804568,4690835.752,2488355424
1359,24323137,561,38521,798,24284616,5760526.82,3631582300
1152,22748169,511,36229,641,22711940,3496193.448,2191761733
1272,29027285,506,34825,766,28992460,3435710.688,2860293028
86,728257,43,4238,43,724019,2053673.419,350849121
85,922809,37,2668,48,920141,1503531.545,518538613
444,6687247,195,13835,249,6673412,3365122.512,1623191106
478,7499471,193,13397,285,7486074,3758994.628,2100478611
445,6945685,191,14461,254,6931224,3082542.45,1477476814
493,8612679,185,12889,308,8599790,3371507.699,2249535123
1106,27281903,472,32719,634,27249184,4096975.827,3412061743
1170,30167863,467,32077,703,30135786,4460852.575,4190893742
1455,32643647,609,42039,846,32601608,3552031.416,2754631077
1541,37075249,606,41533,935,37033716,3599386.926,3209464118
175,1078517,72,5362,103,1073155,1016616.499,203466445.2
195,1125261,70,4924,125,1120337,1888445.291,429670010.6
554,7970935,197,14043,357,7956892,3230586.474,1830479789
583,8259369,197,13741,386,8245628,3830222.416,2298419998
674,10379988,296,21356,378,10358632,6144850.257,2980532052
737,12288641,290,20029,447,12268612,6108215.117,3741540830
1157,32800574,421,28838,736,32771736,5400120.453,6136740476
1212,36050364,420,28568,792,36021796,5375676.129,6778266202
1907,36325373,803,55453,1104,36269920,4564174.59,2985271261
802,55107,799,54593,3,514,4642635.862,43711.00385
1184,39971062,0,0,1184,39971062,0,3513121615
167,1073649,71,5314,96,1068335,870301.1909,174966733.7
182,1110625,69,4876,113,1105749,1388653.291,314910169.9
255,3824457,106,8525,149,3815932,2356249.762,1054696641
288,6171599,101,7021,187,6164578,3691890.179,3241553194
605,10449693,258,17969,347,10431724,3432051.612,1992443384
662,12369371,255,17665,407,12351706,3679838.05,2573013174
1270,32403655,465,31981,805,32371674,4981647.785,5042502676
1178,28986021,472,32445,706,28953576,5060469.846,4515909949
1459,25583047,652,44971,807,25538076,3219222.303,1828127990
1564,30328075,648,44397,916,30283678,3269215.44,2229967514
67,464821,33,3558,34,461263,1401337.799,181670960.4
65,594145,27,1988,38,592157,2500512.162,744816790.8
160,2764445,78,6613,82,2757832,1500099.158,625589212.3
168,3411975,71,4981,97,3406994,1863323.919,1274509820
1303,20993727,525,36311,778,20957416,4786100.577,2762366798
1333,21658805,523,35873,810,21622932,5858671.971,3531393127
813,19115680,316,22660,497,19093020,2878570.12,2425445582
914,25688586,311,21148,603,25667438,3673155.03,4458127435
1653,38192263,685,47119,968,38145144,3415368.364,2764908382
1750,42198687,682,46613,1068,42152074,3809788.272,3445186475
166,902224,73,6230,93,895994,875848.6321,125963903.6
179,936184,67,4660,112,931524,974258.5626,194752196
367,5290305,160,12253,207,5278052,3388216.374,1459494182
377,5893285,156,10817,221,5882468,5436415.313,2956414821
762,11426027,320,22403,442,11403624,3865368.939,1967558541
816,12850125,320,22101,496,12828024,4200054.361,2437826259
1734,33415447,772,53119,962,33362328,4645132.969,2917457966
1808,36532265,770,52681,1038,36479584,5150915.45,3566812567
1941,42795419,824,56567,1117,42738852,4928205.3,3723475471
2065,47923141,823,56297,1242,47866844,4920427.294,4183621253
270,853289,118,8482,152,844807,2124861.477,211636153
288,901051,117,8120,171,892931,2892774.263,318109336.9
199,2107855,88,6523,111,2101332,2066310.659,665645363.9
220,2453199,87,6153,133,2447046,2987549.45,1188147396
1069,19288051,415,28891,654,19259160,6260730.631,4173493923
1128,20368877,411,28329,717,20340548,6772016.516,4862385789
1306,28146742,557,38290,749,28108452,4713420.799,3460093035
1364,30705372,553,37816,811,30667556,4657926.229,3777427900
1470,30527373,657,45993,813,30481380,4267988.881,2828565019
651,44421,651,44421,0,0,4196196.883,0
122,865493,49,3762,73,861731,1344722.367,308024707.6
50,3838,47,3324,3,514,4730287.179,731458.3665
287,3905383,120,10795,167,3894588,3672221.802,1324853262
285,4503938,103,7024,182,4496914,3047998.27,1951393237
990,21249827,390,27619,600,21222208,5504215.04,4229392681
1003,22342683,384,26257,619,22316426,5435165.669,4619471853
712,20443865,263,19109,449,20424756,2255758.199,2411079115
764,23927619,259,17765,505,23909854,3043975.073,4096875856
1958,35723147,879,60463,1079,35662684,4861469.125,2867423667
2069,40733765,881,60297,1188,40673468,5270528.353,3555245971
162,782889,76,6714,86,776175,251540.404,29079441.92
175,848213,71,5220,104,842993,196299.2422,31700936.22
196,2880050,95,14926,101,2865124,2828636.524,542971619.5
204,3523743,88,6137,116,3517606,1295184.108,742373698.7
888,12826527,435,30179,453,12796348,4938313.827,2093919025
976,15170763,430,29525,546,15141238,7084864.863,3633314990
1398,29577187,607,42919,791,29534268,4800528.272,3303434109
1470,33008415,602,41137,868,32967278,4710936.379,3775354286
78,569411,38,3324,40,566087,3518044.797,599133401
77,621546,34,2464,43,619082,3411126.585,857048323.4
631,9619387,231,16747,400,9602640,3540238.317,2029953667
646,9703504,226,15556,420,9687948,4604926.311,2867850774
604,10894386,271,19422,333,10874964,3153731.053,1765869204
648,12929362,266,18204,382,12911158,3078542.404,2183451296
977,19777099,393,27251,584,19749848,3432510.078,2487672096
1068,22920449,393,26949,675,22893500,3577647.846,3039254924
2262,44544757,977,67337,1285,44477420,4653896.149,3073990431
2368,48912309,976,66773,1392,48845536,4995747.923,3654470894
154,765349,72,5374,82,759975,907032.0236,128269754.8
168,795893,70,4936,98,790957,1606918.67,257496671.5
232,4025803,102,8043,130,4017760,1852650.642,925463837.1
239,4677539,96,6673,143,4670866,2150753.372,1505451941
1163,13553251,481,33387,682,13519864,9389389.803,3802176691
1268,15779879,476,32745,792,15747134,10987642.51,5283978590
775,16886797,341,24717,434,16862080,3447870.368,2352157057
852,20523981,337,23281,515,20500700,3570630.289,3144212893
1502,34276551,607,41899,895,34234652,2747644.367,2245033264
1598,38333145,603,41325,995,38291820,3435292.06,3183147858
67,346852,30,2482,37,344370,323095.3524,44828503.83
81,415481,27,1964,54,413517,423094.1664,89081787.37
197,4993193,77,6545,120,4986648,1697597.569,1293402830
209,5795347,74,5185,135,5790162,1922199.575,2146547142
1542,19627079,535,37075,1007,19590004,5595876.62,2956796908
1580,20232105,534,36705,1046,20195400,7246755.76,3987226026
791,13545629,355,25613,436,13520016,4171904.266,2202171258
872,17615836,346,23692,526,17592144,3941025.265,2926349990
1302,26735939,533,36927,769,26699012,2992920.718,2163945789
1420,31387985,532,36557,888,31351428,3169593.234,2718255712
344,1088573,119,8570,225,1080003,1480306.398,186550215.9
364,1136777,116,8076,248,1128701,2064189.692,288490957.1
606,5806029,217,16193,389,5789836,3454993.222,1235338982
618,5957727,211,14621,407,5943106,6191577.469,2516736284
393,8934825,167,12673,226,8922152,3201570.748,2253996753
421,10749155,164,11305,257,10737850,3339975.862,3172415729
559,9510279,240,17059,319,9493220,2819705.25,1569147211
637,12697231,237,16469,400,12680762,2817132.516,2169129088
1348,27807591,571,39523,777,27768068,2973583.22,2089179998
1497,33936653,575,39493,922,33897160,3668419.611,3148634100
164,1073469,74,5542,90,1067927,802318.6604,154604431.6
177,1108671,71,5048,106,1103623,984634.3739,215266470.2
556,6643199,241,16939,315,6626260,2889813.287,1130447735
586,7189219,239,16501,347,7172718,7528408.038,3272477295
739,14042581,318,23121,421,14019460,3348414.971,2030317449
778,15727947,313,21617,465,15706330,3324419.311,2415433536
986,22316655,377,26211,609,22290444,2580494.405,2194512457
1097,27103619,376,25841,721,27077778,2759222.433,2891281780
2051,39363665,911,63265,1140,39300400,3624731.671,2251693741
2142,44654295,900,61353,1242,44592942,4074231.998,2961256845
100,451221,42,3502,58,447719,120401.754,15392962
118,532717,40,3064,78,529653,106087.6157,18338650.11
460,5750491,184,13147,276,5737344,3757693.373,1639855444
492,6177101,182,12709,310,6164392,3617626.629,1754698926
761,11265663,305,21343,456,11244320,3225600.047,1699371181
819,13419715,305,21049,514,13398666,4774658.854,3039292092
921,16992721,416,29725,505,16962996,2272734.723,1296968546
996,20453947,411,28221,585,20425726,2212239.82,1601169498
982,23138977,384,27081,598,23111896,1668784.974,1424200907
1098,29298319,381,26289,717,29272030,2497111.388,2780460248
185,1079269,77,5774,108,1073495,1208258.933,224638019.3
206,1126199,75,5336,131,1120863,1542950.894,324107302.9
96,1815373,45,4377,51,1810996,1245985.091,515529818.5
99,2291107,38,2737,61,2288370,1436970.759,1201432508
691,12850334,309,21974,382,12828360,3829548.077,2235679502
733,15056850,305,20748,428,15036102,3720159.15,2696004070
1494,27296669,661,46265,833,27250404,3385834.751,1994280014
1550,30365911,654,44625,896,30321286,3325985.514,2259902700
1415,31704233,599,42049,816,31662184,2805564.822,2112542738
1516,38227605,588,40137,928,38187468,3284443.848,3124912034
86,305886,36,2694,50,303192,1010336.257,113706707.7
792,7348573,303,22137,489,7326436,6173301.274,2043108673
810,7791241,298,20633,512,7770608,7187433.365,2706864111
643,9134855,256,18075,387,9116780,2925910.306,1475788689
685,10482383,254,17649,431,10464734,2933138.539,1739164519
1725,34628890,701,48194,1024,34580696,4982979.378,3575442899
1767,36607060,698,47688,1069,36559372,5350395.704,4101809824
2041,43165857,854,59053,1187,43106804,4700254.788,3431035881
2190,50014749,851,58261,1339,49956488,4764936.639,4085743465
86,364389,44,4318,42,360071,1108673.496,92450480.38
93,437248,40,2884,53,434364,844655.1364,127214904.2
369,5317737,163,12593,206,5305144,4182247.765,1761885701
387,5653451,156,10953,231,5642498,5401431.912,2782577263
355,8128409,158,12061,197,8116348,2680229.221,1803637598
392,10485959,152,10489,240,10475470,3401672.167,3397284273
651,11433905,304,21053,347,11412852,3023432.68,1639005829
729,14856617,302,20833,427,14835784,3512487.017,2501343959
1743,35494907,686,47335,1057,35447572,3725168.063,2789651698
1848,40270995,684,46897,1164,40224098,4348255.669,3729549058
95,588624,45,3538,50,585086,1160653.772,191939590.9
100,663174,43,3100,57,660074,2060775.082,438794855.4
276,5332565,115,9137,161,5323428,2542741.44,1481460105
285,6134507,109,7565,176,6126942,3469244.562,2809763413
974,17092895,411,28643,563,17064252,6402938.963,3814592187
1034,19297307,409,28205,625,19269102,7192834.886,4914003513
1024,17519783,447,31139,577,17488644,3507507.048,1969926526
1123,20877833,443,30565,680,20847268,4155813.502,2834528311
1142,26591467,479,33207,663,26558260,2301548.592,1840730145
1256,32712027,475,32633,781,32679394,2635526.326,2639273227
50,334296,28,3008,22,331288,3539982.353,389878216
50,549390,23,1716,27,547674,2680590.323,855530084.4
716,8546250,289,20142,427,8526108,5091511.238,2155236555
741,8915392,287,19704,454,8895688,5324601.499,2403877063
750,11610834,328,22794,422,11588040,4947625.341,2515279475
797,13023215,325,22433,472,13000782,5065746.539,2935793983
638,13344615,278,20175,360,13324440,2996492.489,1979012856
699,15761557,273,18865,426,15742692,2987441.502,2492996101
1074,20564119,443,30747,631,20533372,2243257.724,1498085840
1202,27013963,438,30105,764,26983858,2494981.988,2236314222
62,312759,29,2588,33,310171,573146.8255,68691469.87
81,355995,28,2008,53,353987,468721.4918,82630136.81
334,4650943,146,10551,188,4640392,1708569.927,751439126.3
367,5687143,144,10113,223,5677030,3109111.984,1745329972
593,9632535,255,18095,338,9614440,524625.2519,278749820.8
650,11784021,251,17521,399,11766500,511986.978,343832816.5
842,19658998,328,22686,514,19636312,2946800.499,2550660936
964,25381938,327,22316,637,25359622,3011719.792,3422480529
1218,35274869,479,33889,739,35240980,3209425.629,3337463614
1264,38181711,475,32453,789,38149258,3168743.707,3724932093
193,1079745,92,6726,101,1073019,1806344.725,288171604.4
216,1129993,90,6288,126,1123705,2280294.235,407502867.9
226,4095701,98,7981,128,4087720,2575113.909,1318925526
238,5173439,92,6409,146,5167030,3230950.784,2604840011
402,8851273,171,13077,231,8838196,2320119.134,1568071243
428,10958631,163,11369,265,10947262,3042950.562,2930070987
903,14768515,409,28443,494,14740072,4017691.516,2082096200
993,18682045,406,27937,587,18654108,4314424.017,2880829422
1576,28461675,692,47675,884,28414000,4115159.202,2452608989
1693,33219361,692,47373,1001,33171988,4267723.984,2988387663
163,887857,76,5534,87,882323,1805966.608,287937454.9
179,940531,76,5332,103,935199,1754826.658,307785471.8
433,5374913,171,13137,262,5361776,3446826.916,1406798648
459,5916275,167,11701,292,5904574,4125940.808,2082037674
743,13350293,337,24365,406,13325928,4391518.323,2401849250
811,15324725,332,22861,479,15301864,4294238.252,2874320884
670,17282783,260,18135,410,17264648,3652919.105,3477604771
745,21876377,258,17697,487,21858680,3852555.347,4758533904
1066,26735331,430,29603,636,26705728,2845572.937,2567074177
1176,33494168,426,28968,750,33465200,2921477.17,3375028231
105,490445,50,4642,55,485803,1810734.109,189500228.9
115,616293,45,3224,70,613069,1498004.22,284857304.2
407,5821229,169,12381,238,5808848,2960772.632,1389118664
447,6373213,167,11749,280,6361464,3351788.52,1814816751
1193,20551527,478,33139,715,20518388,5154765.259,3191631420
1224,21150199,477,32769,747,21117430,6032644.238,3887635949
1264,22481587,498,34427,766,22447160,3646931.54,2377879449
1328,25303573,494,33841,834,25269732,4371075.521,3263966992
1748,38174855,740,51279,1008,38123576,4434328.411,3296719051
163,823397,74,6042,89,817355,1435248.444,194158803.7
171,843361,68,4732,103,838629,2033832.45,360446085
273,4022289,112,8933,161,4013356,4749102.15,2133643525
301,6173235,107,7429,194,6165806,4458251.08,3700189966
669,10570723,293,20451,376,10550272,4392248.801,2265875485
735,12448151,288,19809,447,12428342,4552882.658,2856518893
1307,34706851,481,33235,826,34673616,2641721.01,2756071005
1343,36784047,479,32797,864,36751250,2714108.604,3041341703
1870,36649709,768,53757,1102,36595952,4427866.748,3014342299
2000,43042231,761,52117,1239,42990114,4468961.12,3686343189
176,595957,84,6166,92,589791,939707.9114,89885058.19
85,6242,82,5728,3,514,2135113.091,191593.5979
383,4776149,179,13677,204,4762472,3182602.332,1108214849
423,5299365,173,12105,250,5287260,3785386.563,1653393057
622,9911205,278,20413,344,9890792,3000895.597,1454035868
675,12287353,269,18637,406,12268716,3680685.203,2422990902
1526,23729647,632,43647,894,23686000,3713384.004,2015149117
1588,26216668,628,42928,960,26173740,3707871.338,2260735659
1279,28204715,542,37431,737,28167284,2799969.925,2107011517
1391,33197973,544,37265,847,33160708,2841531.319,2528570786
178,1010241,85,6198,93,1004043,870971.7316,141092783.2
196,1087965,83,5760,113,1082205,1118205.916,210091672.5
182,2032461,84,7029,98,2025432,1239369.965,357128978.1
188,2660439,78,5457,110,2654982,2895983.985,1408976608
618,10840939,277,19471,341,10821468,4482755.673,2491397312
685,12761631,277,19169,408,12742462,4664122.191,3100443413
776,15705265,355,25365,421,15679900,3412934.038,2109775849
824,18246077,348,23817,476,18222260,3941596.861,3015694790
1461,30373431,620,42955,841,30330476,2669513.962,1884940732
1557,34488651,619,42585,938,34446066,3180152.087,2572354789
175,1097777,72,5422,103,1092355,818794.5361,164960218.6
192,1134889,70,4984,122,1129905,990517.568,224556732.1
301,4019373,150,11649,151,4007724,2047266.298,704341855.7
331,4564061,143,10021,188,4554040,4397507.998,1998445996
623,11360673,274,19373,349,11341300,5400041.721,3161280812
674,14185535,273,18717,401,14166818,5605177.295,4242534946
738,11557735,331,23107,407,11534628,2917595.494,1456414882
818,15168477,325,22397,493,15146080,3119111.171,2109314074
1254,22592499,568,39307,686,22553192,3175106.172,1821781849
1383,28532975,570,39153,813,28493822,3212467.851,2337892042
